Workbook
Name 属性类型: 游戏类型定义!$B$43:$B$67
Name 职业范围: 游戏类型定义!$B$31:$B$36
Name 装备部位: 游戏类型定义!$B$20:$B$29

Sheet 计算规则
A1: 序号 | B1: 类型 | C1: 内容 | D1: 规则或公式 | E1: 备注
A2: 1 | B2: 战斗伤害计算 | C2: 普通攻击伤害 | D2: 伤害 = randbtween(A最小伤害,A最大伤害)*(1-B护甲/(B护甲值+f(B等级)))*if(A攻击类型=物理攻击,1-B物抗/(B物抗+f(B等级)),1-B魔抗/(B魔抗+f(B等级)))
A3: 2 | C3: 单体技能攻击伤害 | D3: A武功伤害*意志/100+A攻击力-B防御力
A4: 3 | C4: 群体技能攻击伤害 | D4: 当前目标,基准攻击力：A武功伤害*内力/100+A攻击力 距离为0的目标伤害：基准攻击力*100%-敌防 距离为1的目标：基准攻击力*67%-敌防 距离为2的目标：基准攻击力*53%-敌防 距离为3的目标：基准攻击力*40%-敌防 距离为4的目标：基准攻击力*30%-敌防 距离为5的目标：基准攻击力*20%-敌防 距离为6的目标：基准攻击力*13%-敌防 距离为7待测试
A5: 4 | C5: 暴击伤害 | D5: 未暴击时的伤害值*(1.8+额外暴击伤害加成)
A6: 5 | B6: 用户基本信息 | C6: 用户每级的升级经验 | D6: 无公式，根据策划表格配置
A7: 6 | C7: 关卡不同对获取经验影响 | D7: 参见策划配置表，根据关卡怪物自身携带经验，战斗胜利后根据怪物数量以及怪物自身携带经验值结算 该关卡首次达到3星时，可得正常经验值的3倍经验值

Sheet 游戏类型定义
A1: 模块 | B1: 类型 | C1: 值 | I1: 装备个数
A2: 数据类型 | B2: 玩家属性 | C2: 1 | I2: 11
B3: 角色 | C3: 2 | I3: 11
B4: 道具 | C4: 3 | I4: 11
B5: 装备 | C5: 4 | I5: 11
A6: 玩家属性 | B6: 钻石 | C6: 1001 | I6: 11
B7: 金币 | C7: 1002 | I7: 11
B8: 等级 | C8: 1003 | H8: 胸甲 | I8: 18
B9: 经验 | C9: 1004 | H9: 护腿 | I9: 18
B10: vip等级 | C10: 1005 | H10: 战士主手 | I10: 25
A11: 物品 | B11: 普通类型 | C11: 0 | I11: 19
B12: 碎片 | C12: 1 | H12: 猎人主手 | I12: 23
B13: 宝石 | C13: 2 | I13: 19
B14: 锤子 | C14: 3 | H14: 法师主手 | I14: 27
B15: 宝箱 | C15: 4 | I15: 19
B16: 钥匙 | C16: 5
B17: 精华 | C17: 6
B18: 礼包 | C18: 7
B19: 宝石袋 | C19: 8
A20: 装备部位 | B20: 头盔 | C20: 1
B21: 戒指 | C21: 2
B22: 腰带 | C22: 3
B23: 胸甲 | C23: 4
B24: 主手武器 | C24: 5
B25: 副手武器 | C25: 6
B26: 护腿 | C26: 7
B27: 鞋子 | C27: 8
B28: 手套 | C28: 9
B29: 项链 | C29: 10
A30: 职业类型 | B30: 全职业 | C30: 0
B31: 战士 | C31: 1
B32: 猎人 | C32: 2
B33: 法师 | C33: 3
B34: 佣兵战士 | C34: 1001
B35: 佣兵猎人 | C35: 1002
B36: 佣兵法师 | C36: 1003
B37: 怪物战士 | C37: 2001
B38: 怪物猎人 | C38: 2002
B39: 怪物法师 | C39: 2003
A40: 神器开启条件 | B40: 全身装备+1 | C40: 1
B41: 全身装备+2 | C41: 2
B42: 全身装备+3 | C42: 3
A43: 属性 | B43: 力量 | C43: 1
B44: 敏捷 | C44: 2
B45: 智力 | C45: 3
B46: 耐力 | C46: 4
B47: 生命值 | C47: 101
B48: 魔法值 | C48: 102
B49: 最小伤害 | C49: 103
B50: 最大伤害 | C50: 104
B51: 护甲 | C51: 105
B52: 物理抗性 | C52: 106
B53: 魔法抗性 | C53: 107
B54: 暴击 | C54: 108
B55: 命中 | C55: 109
... B67: 暴击伤害 | C67: 1010
A68: Buff | B68: 眩晕 | C68: 1
B69: 冻结 | C69: 2
B70: 沉默 | C70: 3
B71: 致盲 | C71: 4
B72: 盾墙 | C72: 5
B73: 鼓舞 | C73: 6
B74: 虚弱 | C74: 7
B75: 狂暴 | C75: 8
B76: 中毒 | C76: 9
B77: 破甲 | C77: 10
B78: 燃烧 | C78: 11
B79: 冰甲 | C79: 12
B80: 流血 | C80: 13
... B84: 魔法盾 | C84: 17

Sheet 用户升级
A1: 英雄等级 | C1: 经验与用时 | N1: 金币与用时 | R1: 设计核心 | S1: 地图等级范围 | U1: 战斗时长（S） | V1: 越级级数
A2: 等级 | B2: 升下一级经验 | C2: 极限升级用时（h） | D2: 到本级总经验 | E2: 到本级总用时(h) | F2: 到本级总用时(day) | G2: 同等级怪物提供经验 | H2: 升至下一级战斗次数 | I2: 升至下一级用时(S) | J2: 总战斗次数 | K2: 总战斗用时(S) | L2: 神器经验加成 | M2: 越级战斗次数 | N2: 同等级怪物提供金币 | O2: 当前等级金币获取 | P2: 总金币获取 | S2: 1 | T2: 5 | U2: 20 | V2: 10
A3: 1 | B3: =20*A3^3-40*A3^2+30 -> 10 | C3: =ROUND(M3/180,0) -> 0 | D3: 0 | E3: =D3/G3 -> 0 | F3: =E3/24 -> 0 | G3: 10 | H3: =ROUND(B3/G3,1) -> 1 | I3: =H3*INDEX(U$2:U$15,INT((A3-1)/5)+1,) -> 20 | J3: =SUM(H$3:H3) -> 1 | K3: =SUM(I$3:I3) -> 20 | L3: 1 | M3: =ROUND(B3/INDEX(G$3:G$102,MIN(A3+$V$2,100)),0) -> 0 | N3: =G3 -> 10 | O3: =H3*N3 -> 10 | P3: =SUM(O$3:O3) -> 10 | S3: =S2+5 -> 6 | T3: =T2+5 -> 10 | U3: 20
A4: 2 | B4: =20*A4^3-40*A4^2+30 -> 30 | C4: =((M4/180)/24)/2.66/(100+L4)*100+C3 -> 8.5316778e-05 | D4: =SUM(B$3:B3) -> 10 | E4: =ROUND(SUM(I$3:I3)/3600,2) -> 0.01 | F4: =ROUND(SUM(I$3:I3)/(3600*24),2) -> 0 | G4: =G3+2 -> 12 | H4: =ROUND(B4/G4,1) -> 2.5 | I4: =H4*INDEX(U$2:U$15,INT((A4-1)/5)+1,) -> 50 | J4: =SUM(H$3:H4) -> 3.5 | K4: =SUM(I$3:I4) -> 70 | L4: 2 | M4: =ROUND(B4/INDEX(G$3:G$102,MIN(A4+$V$2,100)),0) -> 1 | N4: =G4 -> 12 | O4: =H4*N4 -> 30 | P4: =SUM(O$3:O4) -> 40 | S4: =S3+5 -> 11 | T4: =T3+5 -> 15 | U4: 20
A5: 3 | B5: =20*A5^3-40*A5^2+30 -> 210 | C5: =((M5/180)/24)/2.66/(100+L5)*100+C4 -> 0.00050775908 | D5: =SUM(B$3:B4) -> 40 | E5: =ROUND(SUM(I$3:I4)/3600,2) -> 0.02 | F5: =ROUND(SUM(I$3:I4)/(3600*24),2) -> 0 | G5: 14 | H5: =ROUND(B5/G5,1) -> 15 | I5: =H5*INDEX(U$2:U$15,INT((A5-1)/5)+1,) -> 300 | J5: =SUM(H$3:H5) -> 18.5 | K5: =SUM(I$3:I5) -> 370 | L5: 3 | M5: =ROUND(B5/INDEX(G$3:G$102,MIN(A5+$V$2,100)),0) -> 5 | N5: =G5 -> 14 | O5: =H5*N5 -> 210 | P5: =SUM(O$3:O5) -> 250 | S5: =S4+5 -> 16 | T5: =T4+5 -> 20 | U5: 20
A6: 4 | B6: =20*A6^3-40*A6^2+30 -> 670 | C6: =((M6/180)/24)/2.66/(100+L6)*100+C5 -> 0.0016792241 | D6: =SUM(B$3:B5) -> 250 | E6: =ROUND(SUM(I$3:I5)/3600,2) -> 0.1 | F6: =ROUND(SUM(I$3:I5)/(3600*24),2) -> 0 | G6: 16 | H6: =ROUND(B6/G6,1) -> 41.9 | I6: =H6*INDEX(U$2:U$15,INT((A6-1)/5)+1,) -> 838 | J6: =SUM(H$3:H6) -> 60.4 | K6: =SUM(I$3:I6) -> 1208 | L6: 4 | M6: =ROUND(B6/INDEX(G$3:G$102,MIN(A6+$V$2,100)),0) -> 14 | N6: =G6 -> 16 | O6: =H6*N6 -> 670.4 | P6: =SUM(O$3:O6) -> 920.4 | S6: =S5+5 -> 21 | T6: =T5+5 -> 25 | U6: 20
A7: 5 | B7: =20*A7^3-40*A7^2+30 -> 1530 | C7: =((M7/180)/24)/2.66/(100+L7)*100+C6 -> 0.0040827196 | D7: =SUM(B$3:B6) -> 920 | E7: =ROUND(SUM(I$3:I6)/3600,2) -> 0.34 | F7: =ROUND(SUM(I$3:I6)/(3600*24),2) -> 0.01 | G7: 18 | H7: =ROUND(B7/G7,1) -> 85 | I7: =H7*INDEX(U$2:U$15,INT((A7-1)/5)+1,) -> 1700 | J7: =SUM(H$3:H7) -> 145.4 | K7: =SUM(I$3:I7) -> 2908 | L7: 5 | M7: =ROUND(B7/INDEX(G$3:G$102,MIN(A7+$V$2,100)),0) -> 29 | N7: =G7 -> 18 | O7: =H7*N7 -> 1530 | P7: =SUM(O$3:O7) -> 2450.4 | S7: =S6+5 -> 26 | T7: =T6+5 -> 30 | U7: 20
A8: 6 | B8: =20*A8^3-40*A8^2+30 -> 2910 | C8: =((M8/180)/24)/2.66/(100+L8)*100+C7 -> 0.008351778 | D8: =SUM(B$3:B7) -> 2450 | E8: =ROUND(SUM(I$3:I7)/3600,2) -> 0.81 | F8: =ROUND(SUM(I$3:I7)/(3600*24),2) -> 0.03 | G8: 20 | H8: =ROUND(B8/G8,1) -> 145.5 | I8: =H8*INDEX(U$2:U$15,INT((A8-1)/5)+1,) -> 2910 | J8: =SUM(H$3:H8) -> 290.9 | K8: =SUM(I$3:I8) -> 5818 | L8: 6 | M8: =ROUND(B8/INDEX(G$3:G$102,MIN(A8+$V$2,100)),0) -> 52 | N8: =G8 -> 20 | O8: =H8*N8 -> 2910 | P8: =SUM(O$3:O8) -> 5360.4 | S8: =S7+5 -> 31 | T8: =T7+5 -> 35 | U8: 20
A9: 7 | B9: =20*A9^3-40*A9^2+30 -> 4930 | C9: =((M9/180)/24)/2.66/(100+L9)*100+C8 -> 0.015020839 | D9: =SUM(B$3:B8) -> 5360 | E9: =ROUND(SUM(I$3:I8)/3600,2) -> 1.62 | F9: =ROUND(SUM(I$3:I8)/(3600*24),2) -> 0.07 | G9: 22 | H9: =ROUND(B9/G9,1) -> 224.1 | I9: =H9*INDEX(U$2:U$15,INT((A9-1)/5)+1,) -> 4482 | J9: =SUM(H$3:H9) -> 515 | K9: =SUM(I$3:I9) -> 10300 | L9: 7 | M9: =ROUND(B9/INDEX(G$3:G$102,MIN(A9+$V$2,100)),0) -> 82 | N9: =G9 -> 22 | O9: =H9*N9 -> 4930.2 | P9: =SUM(O$3:O9) -> 10290.6 | S9: =S8+5 -> 36 | T9: =T8+5 -> 40 | U9: 20
A10: 8 | B10: =20*A10^3-40*A10^2+30 -> 7710 | C10: =((M10/180)/24)/2.66/(100+L10)*100+C9 -> 0.024690074 | D10: =SUM(B$3:B9) -> 10290 | E10: =ROUND(SUM(I$3:I9)/3600,2) -> 2.86 | F10: =ROUND(SUM(I$3:I9)/(3600*24),2) -> 0.12 | G10: 24 | H10: =ROUND(B10/G10,1) -> 321.3 | I10: =H10*INDEX(U$2:U$15,INT((A10-1)/5)+1,) -> 6426 | J10: =SUM(H$3:H10) -> 836.3 | K10: =SUM(I$3:I10) -> 16726 | L10: 8 | M10: =ROUND(B10/INDEX(G$3:G$102,MIN(A10+$V$2,100)),0) -> 120 | N10: =G10 -> 24 | O10: =H10*N10 -> 7711.2 | P10: =SUM(O$3:O10) -> 18001.8 | S10: =S9+5 -> 41 | T10: =T9+5 -> 45 | U10: 20
A11: 9 | B11: =20*A11^3-40*A11^2+30 -> 11370 | C11: =((M11/180)/24)/2.66/(100+L11)*100+C10 -> 0.038022973 | D11: =SUM(B$3:B10) -> 18000 | E11: =ROUND(SUM(I$3:I10)/3600,2) -> 4.65 | F11: =ROUND(SUM(I$3:I10)/(3600*24),2) -> 0.19 | G11: 28 | H11: =ROUND(B11/G11,1) -> 406.1 | I11: =H11*INDEX(U$2:U$15,INT((A11-1)/5)+1,) -> 8122 | J11: =SUM(H$3:H11) -> 1242.4 | K11: =SUM(I$3:I11) -> 24848 | L11: 9 | M11: =ROUND(B11/INDEX(G$3:G$102,MIN(A11+$V$2,100)),0) -> 167 | N11: =G11 -> 28 | O11: =H11*N11 -> 11370.8 | P11: =SUM(O$3:O11) -> 29372.6 | S11: =S10+5 -> 46 | T11: =T10+5 -> 50 | U11: 20
A12: 10 | B12: =20*A12^3-40*A12^2+30 -> 16030 | C12: =((M12/180)/24)/2.66/(100+L12)*100+C11 -> 0.055664931 | D12: =SUM(B$3:B11) -> 29370 | E12: =ROUND(SUM(I$3:I11)/3600,2) -> 6.9 | F12: =ROUND(SUM(I$3:I11)/(3600*24),2) -> 0.29 | G12: 32 | H12: =ROUND(B12/G12,1) -> 500.9 | I12: =H12*INDEX(U$2:U$15,INT((A12-1)/5)+1,) -> 10018 | J12: =SUM(H$3:H12) -> 1743.3 | K12: =SUM(I$3:I12) -> 34866 | L12: 10 | M12: =ROUND(B12/INDEX(G$3:G$102,MIN(A12+$V$2,100)),0) -> 223 | N12: =G12 -> 32 | O12: =H12*N12 -> 16028.8 | P12: =SUM(O$3:O12) -> 45401.4 | S12: =S11+5 -> 51 | T12: =T11+5 -> 55 | U12: 20
A13: 11 | B13: =20*A13^3-40*A13^2+30 -> 21810 | C13: =((M13/180)/24)/2.66/(100+L13)*100+C12 -> 0.077616708 | D13: =SUM(B$3:B12) -> 45400 | E13: =ROUND(SUM(I$3:I12)/3600,2) -> 9.69 | F13: =ROUND(SUM(I$3:I12)/(3600*24),2) -> 0.4 | G13: 36 | H13: =ROUND(B13/G13,1) -> 605.8 | I13: =H13*INDEX(U$2:U$15,INT((A13-1)/5)+1,) -> 12116 | J13: =SUM(H$3:H13) -> 2349.1 | K13: =SUM(I$3:I13) -> 46982 | L13: 11 | M13: =ROUND(B13/INDEX(G$3:G$102,MIN(A13+$V$2,100)),0) -> 280 | N13: =G13 -> 36 | O13: =H13*N13 -> 21808.8 | P13: =SUM(O$3:O13) -> 67210.2 | S13: =S12+5 -> 56 | T13: =T12+5 -> 60 | U13: 20
A14: 12 | B14: =20*A14^3-40*A14^2+30 -> 28830 | C14: =((M14/180)/24)/2.66/(100+L14)*100+C13 -> 0.10426754 | D14: =SUM(B$3:B13) -> 67210 | E14: =ROUND(SUM(I$3:I13)/3600,2) -> 13.05 | F14: =ROUND(SUM(I$3:I13)/(3600*24),2) -> 0.54 | G14: 40 | H14: =ROUND(B14/G14,1) -> 720.8 | I14: =H14*INDEX(U$2:U$15,INT((A14-1)/5)+1,) -> 14416 | J14: =SUM(H$3:H14) -> 3069.9 | K14: =SUM(I$3:I14) -> 61398 | L14: 12 | M14: =ROUND(B14/INDEX(G$3:G$102,MIN(A14+$V$2,100)),0) -> 343 | N14: =G14 -> 40 | O14: =H14*N14 -> 28832 | P14: =SUM(O$3:O14) -> 96042.2 | S14: =S13+5 -> 61 | T14: =T13+5 -> 65 | U14: 20
A15: 13 | B15: =20*A15^3-40*A15^2+30 -> 37210 | C15: =((M15/180)/24)/2.66/(100+L15)*100+C14 -> 0.13607333 | D15: =SUM(B$3:B14) -> 96040 | E15: =ROUND(SUM(I$3:I14)/3600,2) -> 17.06 | F15: =ROUND(SUM(I$3:I14)/(3600*24),2) -> 0.71 | G15: 44 | H15: =ROUND(B15/G15,1) -> 845.7 | I15: =H15*INDEX(U$2:U$15,INT((A15-1)/5)+1,) -> 16914 | J15: =SUM(H$3:H15) -> 3915.6 | K15: =SUM(I$3:I15) -> 78312 | L15: 13 | M15: =ROUND(B15/INDEX(G$3:G$102,MIN(A15+$V$2,100)),0) -> 413 | N15: =G15 -> 44 | O15: =H15*N15 -> 37210.8 | P15: =SUM(O$3:O15) -> 133253 | S15: =S14+5 -> 66 | T15: =T14+5 -> 70 | U15: 20
A16: 14 | B16: =20*A16^3-40*A16^2+30 -> 47070 | C16: =((M16/180)/24)/2.66/(100+L16)*100+C15 -> 0.173478 | D16: =SUM(B$3:B15) -> 133250 | E16: =ROUND(SUM(I$3:I15)/3600,2) -> 21.75 | F16: =ROUND(SUM(I$3:I15)/(3600*24),2) -> 0.91 | G16: 48 | H16: =ROUND(B16/G16,1) -> 980.6 | I16: =H16*INDEX(U$2:U$15,INT((A16-1)/5)+1,) -> 19612 | J16: =SUM(H$3:H16) -> 4896.2 | K16: =SUM(I$3:I16) -> 97924 | L16: 14 | M16: =ROUND(B16/INDEX(G$3:G$102,MIN(A16+$V$2,100)),0) -> 490 | N16: =G16 -> 48 | O16: =H16*N16 -> 47068.8 | P16: =SUM(O$3:O16) -> 180321.8 | S16: =S15+5 -> 71 | T16: =T15+5 -> 75 | U16: 20
... A21: 19 | B21: =20*A21^3-40*A21^2+30 -> 122770 | C21: =((M21/180)/24)/2.66/(100+L21)*100+C20 -> 0.45827527 | D21: =SUM(B$3:B20) -> 501000 | E21: =ROUND(SUM(I$3:I20)/3600,2) -> 57.6 | F21: =ROUND(SUM(I$3:I20)/(3600*24),2) -> 2.4 | G21: 68 | H21: =ROUND(B21/G21,1) -> 1805.4 | I21: =H21*INDEX(U$2:U$15,INT((A21-1)/5)+1,) -> 36108 | J21: =SUM(H$3:H21) -> 12173.7 | K21: =SUM(I$3:I21) -> 243474 | L21: 19 | M21: =ROUND(B21/INDEX(G$3:G$102,MIN(A21+$V$2,100)),0) -> 974 | N21: =G21 -> 68 | O21: =H21*N21 -> 122767.2 | P21: =SUM(O$3:O21) -> 623770.2 | S21: =S20+5 -> 96 | T21: =T20+5 -> 100 | U21: 20
A22: 20 | B22: =20*A22^3-40*A22^2+30 -> 144030 | C22: =((M22/180)/24)/2.66/(100+L22)*100+C21 -> 0.53739378 | D22: =SUM(B$3:B21) -> 623770 | E22: =ROUND(SUM(I$3:I21)/3600,2) -> 67.63 | F22: =ROUND(SUM(I$3:I21)/(3600*24),2) -> 2.82 | G22: 72 | H22: =ROUND(B22/G22,1) -> 2000.4 | I22: =H22*INDEX(U$2:U$15,INT((A22-1)/5)+1,) -> 40008 | J22: =SUM(H$3:H22) -> 14174.1 | K22: =SUM(I$3:I22) -> 283482 | L22: 20 | M22: =ROUND(B22/INDEX(G$3:G$102,MIN(A22+$V$2,100)),0) -> 1091 | N22: =G22 -> 72 | O22: =H22*N22 -> 144028.8 | P22: =SUM(O$3:O22) -> 767799
A23: 21 | B23: =20*A23^3-40*A23^2+30 -> 167610 | C23: =((M23/180)/24)/2.66/(100+L23)*100+C22 -> 0.62477649 | D23: =SUM(B$3:B22) -> 767800 | E23: =ROUND(SUM(I$3:I22)/3600,2) -> 78.75 | F23: =ROUND(SUM(I$3:I22)/(3600*24),2) -> 3.28 | G23: 78 | H23: =ROUND(B23/G23,1) -> 2148.8 | I23: =H23*INDEX(U$2:U$15,INT((A23-1)/5)+1,) -> 42976 | J23: =SUM(H$3:H23) -> 16322.9 | K23: =SUM(I$3:I23) -> 326458 | L23: 21 | M23: =ROUND(B23/INDEX(G$3:G$102,MIN(A23+$V$2,100)),0) -> 1215 | N23: =G23 -> 78 | O23: =H23*N23 -> 167606.4 | P23: =SUM(O$3:O23) -> 935405.4
A24: 22 | B24: =20*A24^3-40*A24^2+30 -> 193630 | C24: =((M24/180)/24)/2.66/(100+L24)*100+C23 -> 0.72071591 | D24: =SUM(B$3:B23) -> 935410 | E24: =ROUND(SUM(I$3:I23)/3600,2) -> 90.68 | F24: =ROUND(SUM(I$3:I23)/(3600*24),2) -> 3.78 | G24: 84 | H24: =ROUND(B24/G24,1) -> 2305.1 | I24: =H24*INDEX(U$2:U$15,INT((A24-1)/5)+1,) -> 46102 | J24: =SUM(H$3:H24) -> 18628 | K24: =SUM(I$3:I24) -> 372560 | L24: 22 | M24: =ROUND(B24/INDEX(G$3:G$102,MIN(A24+$V$2,100)),0) -> 1345 | N24: =G24 -> 84 | O24: =H24*N24 -> 193628.4 | P24: =SUM(O$3:O24) -> 1129033.8
A25: 23 | B25: =20*A25^3-40*A25^2+30 -> 222210 | C25: =((M25/180)/24)/2.66/(100+L25)*100+C24 -> 0.8254974 | D25: =SUM(B$3:B24) -> 1129040 | E25: =ROUND(SUM(I$3:I24)/3600,2) -> 103.49 | F25: =ROUND(SUM(I$3:I24)/(3600*24),2) -> 4.31 | G25: 90 | H25: =ROUND(B25/G25,1) -> 2469 | I25: =H25*INDEX(U$2:U$15,INT((A25-1)/5)+1,) -> 49380 | J25: =SUM(H$3:H25) -> 21097 | K25: =SUM(I$3:I25) -> 421940 | L25: 23 | M25: =ROUND(B25/INDEX(G$3:G$102,MIN(A25+$V$2,100)),0) -> 1481 | N25: =G25 -> 90 | O25: =H25*N25 -> 222210 | P25: =SUM(O$3:O25) -> 1351243.8
A26: 24 | B26: =20*A26^3-40*A26^2+30 -> 253470 | C26: =((M26/180)/24)/2.66/(100+L26)*100+C25 -> 0.93953979 | D26: =SUM(B$3:B25) -> 1351250 | E26: =ROUND(SUM(I$3:I25)/3600,2) -> 117.21 | F26: =ROUND(SUM(I$3:I25)/(3600*24),2) -> 4.88 | G26: 96 | H26: =ROUND(B26/G26,1) -> 2640.3 | I26: =H26*INDEX(U$2:U$15,INT((A26-1)/5)+1,) -> 52806 | J26: =SUM(H$3:H26) -> 23737.3 | K26: =SUM(I$3:I26) -> 474746 | L26: 24 | M26: =ROUND(B26/INDEX(G$3:G$102,MIN(A26+$V$2,100)),0) -> 1625 | N26: =G26 -> 96 | O26: =H26*N26 -> 253468.8 | P26: =SUM(O$3:O26) -> 1604712.6
A27: 25 | B27: =20*A27^3-40*A27^2+30 -> 287530 | C27: =((M27/180)/24)/2.66/(100+L27)*100+C26 -> 1.0631126 | D27: =SUM(B$3:B26) -> 1604720 | E27: =ROUND(SUM(I$3:I26)/3600,2) -> 131.87 | F27: =ROUND(SUM(I$3:I26)/(3600*24),2) -> 5.49 | G27: 102 | H27: =ROUND(B27/G27,1) -> 2818.9 | I27: =H27*INDEX(U$2:U$15,INT((A27-1)/5)+1,) -> 56378 | J27: =SUM(H$3:H27) -> 26556.2 | K27: =SUM(I$3:I27) -> 531124 | L27: 25 | M27: =ROUND(B27/INDEX(G$3:G$102,MIN(A27+$V$2,100)),0) -> 1775 | N27: =G27 -> 102 | O27: =H27*N27 -> 287527.8 | P27: =SUM(O$3:O27) -> 1892240.4
A28: 26 | B28: =20*A28^3-40*A28^2+30 -> 324510 | C28: =((M28/180)/24)/2.66/(100+L28)*100+C27 -> 1.196548 | D28: =SUM(B$3:B27) -> 1892250 | E28: =ROUND(SUM(I$3:I27)/3600,2) -> 147.53 | F28: =ROUND(SUM(I$3:I27)/(3600*24),2) -> 6.15 | G28: 108 | H28: =ROUND(B28/G28,1) -> 3004.7 | I28: =H28*INDEX(U$2:U$15,INT((A28-1)/5)+1,) -> 60094 | J28: =SUM(H$3:H28) -> 29560.9 | K28: =SUM(I$3:I28) -> 591218 | L28: 26 | M28: =ROUND(B28/INDEX(G$3:G$102,MIN(A28+$V$2,100)),0) -> 1932 | N28: =G28 -> 108 | O28: =H28*N28 -> 324507.6 | P28: =SUM(O$3:O28) -> 2216748
A29: 27 | B29: =20*A29^3-40*A29^2+30 -> 364530 | C29: =((M29/180)/24)/2.66/(100+L29)*100+C28 -> 1.3401019 | D29: =SUM(B$3:B28) -> 2216760 | E29: =ROUND(SUM(I$3:I28)/3600,2) -> 164.23 | F29: =ROUND(SUM(I$3:I28)/(3600*24),2) -> 6.84 | G29: 114 | H29: =ROUND(B29/G29,1) -> 3197.6 | I29: =H29*INDEX(U$2:U$15,INT((A29-1)/5)+1,) -> 63952 | J29: =SUM(H$3:H29) -> 32758.5 | K29: =SUM(I$3:I29) -> 655170 | L29: 27 | M29: =ROUND(B29/INDEX(G$3:G$102,MIN(A29+$V$2,100)),0) -> 2095 | N29: =G29 -> 114 | O29: =H29*N29 -> 364526.4 | P29: =SUM(O$3:O29) -> 2581274.4
A30: 28 | B30: =20*A30^3-40*A30^2+30 -> 407710 | C30: =((M30/180)/24)/2.66/(100+L30)*100+C29 -> 1.494092 | D30: =SUM(B$3:B29) -> 2581290 | E30: =ROUND(SUM(I$3:I29)/3600,2) -> 181.99 | F30: =ROUND(SUM(I$3:I29)/(3600*24),2) -> 7.58 | G30: 120 | H30: =ROUND(B30/G30,1) -> 3397.6 | I30: =H30*INDEX(U$2:U$15,INT((A30-1)/5)+1,) -> 67952 | J30: =SUM(H$3:H30) -> 36156.1 | K30: =SUM(I$3:I30) -> 723122 | L30: 28 | M30: =ROUND(B30/INDEX(G$3:G$102,MIN(A30+$V$2,100)),0) -> 2265 | N30: =G30 -> 120 | O30: =H30*N30 -> 407712 | P30: =SUM(O$3:O30) -> 2988986.4
A31: 29 | B31: =20*A31^3-40*A31^2+30 -> 454170 | C31: =((M31/180)/24)/2.66/(100+L31)*100+C30 -> 1.6588288 | D31: =SUM(B$3:B30) -> 2989000 | E31: =ROUND(SUM(I$3:I30)/3600,2) -> 200.87 | F31: =ROUND(SUM(I$3:I30)/(3600*24),2) -> 8.37 | G31: 126 | H31: =ROUND(B31/G31,1) -> 3604.5 | I31: =H31*INDEX(U$2:U$15,INT((A31-1)/5)+1,) -> 72090 | J31: =SUM(H$3:H31) -> 39760.6 | K31: =SUM(I$3:I31) -> 795212 | L31: 29 | M31: =ROUND(B31/INDEX(G$3:G$102,MIN(A31+$V$2,100)),0) -> 2442 | N31: =G31 -> 126 | O31: =H31*N31 -> 454167 | P31: =SUM(O$3:O31) -> 3443153.4
A32: 30 | B32: =20*A32^3-40*A32^2+30 -> 504030 | C32: =((M32/180)/24)/2.66/(100+L32)*100+C31 -> 1.8345486 | D32: =SUM(B$3:B31) -> 3443170 | E32: =ROUND(SUM(I$3:I31)/3600,2) -> 220.89 | F32: =ROUND(SUM(I$3:I31)/(3600*24),2) -> 9.2 | G32: 132 | H32: =ROUND(B32/G32,1) -> 3818.4 | I32: =H32*INDEX(U$2:U$15,INT((A32-1)/5)+1,) -> 76368 | J32: =SUM(H$3:H32) -> 43579 | K32: =SUM(I$3:I32) -> 871580 | L32: 30 | M32: =ROUND(B32/INDEX(G$3:G$102,MIN(A32+$V$2,100)),0) -> 2625 | N32: =G32 -> 132 | O32: =H32*N32 -> 504028.8 | P32: =SUM(O$3:O32) -> 3947182.2
A33: 31 | B33: =20*A33^3-40*A33^2+30 -> 557410 | C33: =((M33/180)/24)/2.66/(100+L33)*100+C32 -> 2.0196886 | D33: =SUM(B$3:B32) -> 3947200 | E33: =ROUND(SUM(I$3:I32)/3600,2) -> 242.11 | F33: =ROUND(SUM(I$3:I32)/(3600*24),2) -> 10.09 | G33: =G32+6 -> 138 | H33: =ROUND(B33/G33,1) -> 4039.2 | I33: =H33*INDEX(U$2:U$15,INT((A33-1)/5)+1,) -> 80784 | J33: =SUM(H$3:H33) -> 47618.2 | K33: =SUM(I$3:I33) -> 952364 | L33: 31 | M33: =ROUND(B33/INDEX(G$3:G$102,MIN(A33+$V$2,100)),0) -> 2787 | N33: =G33 -> 138 | O33: =H33*N33 -> 557409.6 | P33: =SUM(O$3:O33) -> 4504591.8
A34: 32 | B34: =20*A34^3-40*A34^2+30 -> 614430 | C34: =((M34/180)/24)/2.66/(100+L34)*100+C33 -> 2.2144358 | D34: =SUM(B$3:B33) -> 4504610 | E34: =ROUND(SUM(I$3:I33)/3600,2) -> 264.55 | F34: =ROUND(SUM(I$3:I33)/(3600*24),2) -> 11.02 | G34: =G33+6 -> 144 | H34: =ROUND(B34/G34,1) -> 4266.9 | I34: =H34*INDEX(U$2:U$15,INT((A34-1)/5)+1,) -> 85338 | J34: =SUM(H$3:H34) -> 51885.1 | K34: =SUM(I$3:I34) -> 1037702 | L34: 32 | M34: =ROUND(B34/INDEX(G$3:G$102,MIN(A34+$V$2,100)),0) -> 2954 | N34: =G34 -> 144 | O34: =H34*N34 -> 614433.6 | P34: =SUM(O$3:O34) -> 5119025.4
A35: 33 | B35: =20*A35^3-40*A35^2+30 -> 675210 | C35: =((M35/180)/24)/2.66/(100+L35)*100+C34 -> 2.4189728 | D35: =SUM(B$3:B34) -> 5119040 | E35: =ROUND(SUM(I$3:I34)/3600,2) -> 288.25 | F35: =ROUND(SUM(I$3:I34)/(3600*24),2) -> 12.01 | G35: =G34+6 -> 150 | H35: =ROUND(B35/G35,1) -> 4501.4 | I35: =H35*INDEX(U$2:U$15,INT((A35-1)/5)+1,) -> 90028 | J35: =SUM(H$3:H35) -> 56386.5 | K35: =SUM(I$3:I35) -> 1127730 | L35: 33 | M35: =ROUND(B35/INDEX(G$3:G$102,MIN(A35+$V$2,100)),0) -> 3126 | N35: =G35 -> 150 | O35: =H35*N35 -> 675210 | P35: =SUM(O$3:O35) -> 5794235.4
A36: 34 | B36: =20*A36^3-40*A36^2+30 -> 739870 | C36: =((M36/180)/24)/2.66/(100+L36)*100+C35 -> 2.6334783 | D36: =SUM(B$3:B35) -> 5794250 | E36: =ROUND(SUM(I$3:I35)/3600,2) -> 313.26 | F36: =ROUND(SUM(I$3:I35)/(3600*24),2) -> 13.05 | G36: =G35+6 -> 156 | H36: =ROUND(B36/G36,1) -> 4742.8 | I36: =H36*INDEX(U$2:U$15,INT((A36-1)/5)+1,) -> 94856 | J36: =SUM(H$3:H36) -> 61129.3 | K36: =SUM(I$3:I36) -> 1222586 | L36: 34 | M36: =ROUND(B36/INDEX(G$3:G$102,MIN(A36+$V$2,100)),0) -> 3303 | N36: =G36 -> 156 | O36: =H36*N36 -> 739876.8 | P36: =SUM(O$3:O36) -> 6534112.2
A37: 35 | B37: =20*A37^3-40*A37^2+30 -> 808530 | C37: =((M37/180)/24)/2.66/(100+L37)*100+C36 -> 2.8581268 | D37: =SUM(B$3:B36) -> 6534120 | E37: =ROUND(SUM(I$3:I36)/3600,2) -> 339.61 | F37: =ROUND(SUM(I$3:I36)/(3600*24),2) -> 14.15 | G37: =G36+6 -> 162 | H37: =ROUND(B37/G37,1) -> 4990.9 | I37: =H37*INDEX(U$2:U$15,INT((A37-1)/5)+1,) -> 99818 | J37: =SUM(H$3:H37) -> 66120.2 | K37: =SUM(I$3:I37) -> 1322404 | L37: 35 | M37: =ROUND(B37/INDEX(G$3:G$102,MIN(A37+$V$2,100)),0) -> 3485 | N37: =G37 -> 162 | O37: =H37*N37 -> 808525.8 | P37: =SUM(O$3:O37) -> 7342638
A38: 36 | B38: =20*A38^3-40*A38^2+30 -> 881310 | C38: =((M38/180)/24)/2.66/(100+L38)*100+C37 -> 3.0930892 | D38: =SUM(B$3:B37) -> 7342650 | E38: =ROUND(SUM(I$3:I37)/3600,2) -> 367.33 | F38: =ROUND(SUM(I$3:I37)/(3600*24),2) -> 15.31 | G38: =G37+6 -> 168 | H38: =ROUND(B38/G38,1) -> 5245.9 | I38: =H38*INDEX(U$2:U$15,INT((A38-1)/5)+1,) -> 104918 | J38: =SUM(H$3:H38) -> 71366.1 | K38: =SUM(I$3:I38) -> 1427322 | L38: 36 | M38: =ROUND(B38/INDEX(G$3:G$102,MIN(A38+$V$2,100)),0) -> 3672 | N38: =G38 -> 168 | O38: =H38*N38 -> 881311.2 | P38: =SUM(O$3:O38) -> 8223949.2
A39: 37 | B39: =20*A39^3-40*A39^2+30 -> 958330 | C39: =((M39/180)/24)/2.66/(100+L39)*100+C38 -> 3.3385325 | D39: =SUM(B$3:B38) -> 8223960 | E39: =ROUND(SUM(I$3:I38)/3600,2) -> 396.48 | F39: =ROUND(SUM(I$3:I38)/(3600*24),2) -> 16.52 | G39: =G38+6 -> 174 | H39: =ROUND(B39/G39,1) -> 5507.6 | I39: =H39*INDEX(U$2:U$15,INT((A39-1)/5)+1,) -> 110152 | J39: =SUM(H$3:H39) -> 76873.7 | K39: =SUM(I$3:I39) -> 1537474 | L39: 37 | M39: =ROUND(B39/INDEX(G$3:G$102,MIN(A39+$V$2,100)),0) -> 3864 | N39: =G39 -> 174 | O39: =H39*N39 -> 958322.4 | P39: =SUM(O$3:O39) -> 9182271.6
A40: 38 | B40: =20*A40^3-40*A40^2+30 -> 1039710 | C40: =((M40/180)/24)/2.66/(100+L40)*100+C39 -> 3.5946201 | D40: =SUM(B$3:B39) -> 9182290 | E40: =ROUND(SUM(I$3:I39)/3600,2) -> 427.08 | F40: =ROUND(SUM(I$3:I39)/(3600*24),2) -> 17.79 | G40: =G39+6 -> 180 | H40: =ROUND(B40/G40,1) -> 5776.2 | I40: =H40*INDEX(U$2:U$15,INT((A40-1)/5)+1,) -> 115524 | J40: =SUM(H$3:H40) -> 82649.9 | K40: =SUM(I$3:I40) -> 1652998 | L40: 38 | M40: =ROUND(B40/INDEX(G$3:G$102,MIN(A40+$V$2,100)),0) -> 4061 | N40: =G40 -> 180 | O40: =H40*N40 -> 1039716 | P40: =SUM(O$3:O40) -> 10221988
A41: 39 | B41: =20*A41^3-40*A41^2+30 -> 1125570 | C41: =((M41/180)/24)/2.66/(100+L41)*100+C40 -> 3.8615745 | D41: =SUM(B$3:B40) -> 10222000 | E41: =ROUND(SUM(I$3:I40)/3600,2) -> 459.17 | F41: =ROUND(SUM(I$3:I40)/(3600*24),2) -> 19.13 | G41: =G40+6 -> 186 | H41: =ROUND(B41/G41,1) -> 6051.5 | I41: =H41*INDEX(U$2:U$15,INT((A41-1)/5)+1,) -> 121030 | J41: =SUM(H$3:H41) -> 88701.4 | K41: =SUM(I$3:I41) -> 1774028 | L41: 39 | M41: =ROUND(B41/INDEX(G$3:G$102,MIN(A41+$V$2,100)),0) -> 4264 | N41: =G41 -> 186 | O41: =H41*N41 -> 1125579 | P41: =SUM(O$3:O41) -> 11347567
A42: 40 | B42: =20*A42^3-40*A42^2+30 -> 1216030 | C42: =((M42/180)/24)/2.66/(100+L42)*100+C41 -> 4.139489 | D42: =SUM(B$3:B41) -> 11347570 | E42: =ROUND(SUM(I$3:I41)/3600,2) -> 492.79 | F42: =ROUND(SUM(I$3:I41)/(3600*24),2) -> 20.53 | G42: =G41+6 -> 192 | H42: =ROUND(B42/G42,1) -> 6333.5 | I42: =H42*INDEX(U$2:U$15,INT((A42-1)/5)+1,) -> 126670 | J42: =SUM(H$3:H42) -> 95034.9 | K42: =SUM(I$3:I42) -> 1900698 | L42: 40 | M42: =ROUND(B42/INDEX(G$3:G$102,MIN(A42+$V$2,100)),0) -> 4471 | N42: =G42 -> 192 | O42: =H42*N42 -> 1216032 | P42: =SUM(O$3:O42) -> 12563599
A43: 41 | B43: =20*A43^3-40*A43^2+30 -> 1311210 | C43: =((M43/180)/24)/2.66/(100+L43)*100+C42 -> 4.4285168 | D43: =SUM(B$3:B42) -> 12563600 | E43: =ROUND(SUM(I$3:I42)/3600,2) -> 527.97 | F43: =ROUND(SUM(I$3:I42)/(3600*24),2) -> 22 | G43: =G42+8 -> 200 | H43: =ROUND(B43/G43,1) -> 6556.1 | I43: =H43*INDEX(U$2:U$15,INT((A43-1)/5)+1,) -> 131122 | J43: =SUM(H$3:H43) -> 101591 | K43: =SUM(I$3:I43) -> 2031820 | L43: 41 | M43: =ROUND(B43/INDEX(G$3:G$102,MIN(A43+$V$2,100)),0) -> 4683 | N43: =G43 -> 200 | O43: =H43*N43 -> 1311220 | P43: =SUM(O$3:O43) -> 13874819
A44: 42 | B44: =20*A44^3-40*A44^2+30 -> 1411230 | C44: =((M44/180)/24)/2.66/(100+L44)*100+C43 -> 4.7288078 | D44: =SUM(B$3:B43) -> 13874810 | E44: =ROUND(SUM(I$3:I43)/3600,2) -> 564.39 | F44: =ROUND(SUM(I$3:I43)/(3600*24),2) -> 23.52 | G44: =G43+8 -> 208 | H44: =ROUND(B44/G44,1) -> 6784.8 | I44: =H44*INDEX(U$2:U$15,INT((A44-1)/5)+1,) -> 135696 | J44: =SUM(H$3:H44) -> 108375.8 | K44: =SUM(I$3:I44) -> 2167516 | L44: 42 | M44: =ROUND(B44/INDEX(G$3:G$102,MIN(A44+$V$2,100)),0) -> 4900 | N44: =G44 -> 208 | O44: =H44*N44 -> 1411238.4 | P44: =SUM(O$3:O44) -> 15286057
A45: 43 | B45: =20*A45^3-40*A45^2+30 -> 1516210 | C45: =((M45/180)/24)/2.66/(100+L45)*100+C44 -> 5.0405088 | D45: =SUM(B$3:B44) -> 15286040 | E45: =ROUND(SUM(I$3:I44)/3600,2) -> 602.09 | F45: =ROUND(SUM(I$3:I44)/(3600*24),2) -> 25.09 | G45: =G44+8 -> 216 | H45: =ROUND(B45/G45,1) -> 7019.5 | I45: =H45*INDEX(U$2:U$15,INT((A45-1)/5)+1,) -> 140390 | J45: =SUM(H$3:H45) -> 115395.3 | K45: =SUM(I$3:I45) -> 2307906 | L45: 43 | M45: =ROUND(B45/INDEX(G$3:G$102,MIN(A45+$V$2,100)),0) -> 5122 | N45: =G45 -> 216 | O45: =H45*N45 -> 1516212 | P45: =SUM(O$3:O45) -> 16802269
A46: 44 | B46: =20*A46^3-40*A46^2+30 -> 1626270 | C46: =((M46/180)/24)/2.66/(100+L46)*100+C45 -> 5.3638239 | D46: =SUM(B$3:B45) -> 16802250 | E46: =ROUND(SUM(I$3:I45)/3600,2) -> 641.09 | F46: =ROUND(SUM(I$3:I45)/(3600*24),2) -> 26.71 | G46: =G45+8 -> 224 | H46: =ROUND(B46/G46,1) -> 7260.1 | I46: =H46*INDEX(U$2:U$15,INT((A46-1)/5)+1,) -> 145202 | J46: =SUM(H$3:H46) -> 122655.4 | K46: =SUM(I$3:I46) -> 2453108 | L46: 44 | M46: =ROUND(B46/INDEX(G$3:G$102,MIN(A46+$V$2,100)),0) -> 5350 | N46: =G46 -> 224 | O46: =H46*N46 -> 1626262.4 | P46: =SUM(O$3:O46) -> 18428531
A47: 45 | B47: =20*A47^3-40*A47^2+30 -> 1741530 | C47: =((M47/180)/24)/2.66/(100+L47)*100+C46 -> 5.6988328 | D47: =SUM(B$3:B46) -> 18428520 | E47: =ROUND(SUM(I$3:I46)/3600,2) -> 681.42 | F47: =ROUND(SUM(I$3:I46)/(3600*24),2) -> 28.39 | G47: =G46+8 -> 232 | H47: =ROUND(B47/G47,1) -> 7506.6 | I47: =H47*INDEX(U$2:U$15,INT((A47-1)/5)+1,) -> 150132 | J47: =SUM(H$3:H47) -> 130162 | K47: =SUM(I$3:I47) -> 2603240 | L47: 45 | M47: =ROUND(B47/INDEX(G$3:G$102,MIN(A47+$V$2,100)),0) -> 5582 | N47: =G47 -> 232 | O47: =H47*N47 -> 1741531.2 | P47: =SUM(O$3:O47) -> 20170063
A48: 46 | B48: =20*A48^3-40*A48^2+30 -> 1862110 | C48: =((M48/180)/24)/2.66/(100+L48)*100+C47 -> 6.0456736 | D48: =SUM(B$3:B47) -> 20170050 | E48: =ROUND(SUM(I$3:I47)/3600,2) -> 723.12 | F48: =ROUND(SUM(I$3:I47)/(3600*24),2) -> 30.13 | G48: =G47+8 -> 240 | H48: =ROUND(B48/G48,1) -> 7758.8 | I48: =H48*INDEX(U$2:U$15,INT((A48-1)/5)+1,) -> 155176 | J48: =SUM(H$3:H48) -> 137920.8 | K48: =SUM(I$3:I48) -> 2758416 | L48: 46 | M48: =ROUND(B48/INDEX(G$3:G$102,MIN(A48+$V$2,100)),0) -> 5819 | N48: =G48 -> 240 | O48: =H48*N48 -> 1862112 | P48: =SUM(O$3:O48) -> 22032175
A49: 47 | B49: =20*A49^3-40*A49^2+30 -> 1988130 | C49: =((M49/180)/24)/2.66/(100+L49)*100+C48 -> 6.4044811 | D49: =SUM(B$3:B48) -> 22032160 | E49: =ROUND(SUM(I$3:I48)/3600,2) -> 766.23 | F49: =ROUND(SUM(I$3:I48)/(3600*24),2) -> 31.93 | G49: =G48+8 -> 248 | H49: =ROUND(B49/G49,1) -> 8016.7 | I49: =H49*INDEX(U$2:U$15,INT((A49-1)/5)+1,) -> 160334 | J49: =SUM(H$3:H49) -> 145937.5 | K49: =SUM(I$3:I49) -> 2918750 | L49: 47 | M49: =ROUND(B49/INDEX(G$3:G$102,MIN(A49+$V$2,100)),0) -> 6061 | N49: =G49 -> 248 | O49: =H49*N49 -> 1988141.6 | P49: =SUM(O$3:O49) -> 24020316
A50: 48 | B50: =20*A50^3-40*A50^2+30 -> 2119710 | C50: =((M50/180)/24)/2.66/(100+L50)*100+C49 -> 6.7754465 | D50: =SUM(B$3:B49) -> 24020290 | E50: =ROUND(SUM(I$3:I49)/3600,2) -> 810.76 | F50: =ROUND(SUM(I$3:I49)/(3600*24),2) -> 33.78 | G50: =G49+8 -> 256 | H50: =ROUND(B50/G50,1) -> 8280.1 | I50: =H50*INDEX(U$2:U$15,INT((A50-1)/5)+1,) -> 165602 | J50: =SUM(H$3:H50) -> 154217.6 | K50: =SUM(I$3:I50) -> 3084352 | L50: 48 | M50: =ROUND(B50/INDEX(G$3:G$102,MIN(A50+$V$2,100)),0) -> 6309 | N50: =G50 -> 256 | O50: =H50*N50 -> 2119705.6 | P50: =SUM(O$3:O50) -> 26140022
A51: 49 | B51: =20*A51^3-40*A51^2+30 -> 2256970 | C51: =((M51/180)/24)/2.66/(100+L51)*100+C50 -> 7.1586403 | D51: =SUM(B$3:B50) -> 26140000 | E51: =ROUND(SUM(I$3:I50)/3600,2) -> 856.76 | F51: =ROUND(SUM(I$3:I50)/(3600*24),2) -> 35.7 | G51: =G50+8 -> 264 | H51: =ROUND(B51/G51,1) -> 8549.1 | I51: =H51*INDEX(U$2:U$15,INT((A51-1)/5)+1,) -> 170982 | J51: =SUM(H$3:H51) -> 162766.7 | K51: =SUM(I$3:I51) -> 3255334 | L51: 49 | M51: =ROUND(B51/INDEX(G$3:G$102,MIN(A51+$V$2,100)),0) -> 6561 | N51: =G51 -> 264 | O51: =H51*N51 -> 2256962.4 | P51: =SUM(O$3:O51) -> 28396984
A52: 50 | B52: =20*A52^3-40*A52^2+30 -> 2400030 | C52: =((M52/180)/24)/2.66/(100+L52)*100+C51 -> 7.5541893 | D52: =SUM(B$3:B51) -> 28396970 | E52: =ROUND(SUM(I$3:I51)/3600,2) -> 904.26 | F52: =ROUND(SUM(I$3:I51)/(3600*24),2) -> 37.68 | G52: =G51+8 -> 272 | H52: =ROUND(B52/G52,1) -> 8823.6 | I52: =H52*INDEX(U$2:U$15,INT((A52-1)/5)+1,) -> 176472 | J52: =SUM(H$3:H52) -> 171590.3 | K52: =SUM(I$3:I52) -> 3431806 | L52: 50 | M52: =ROUND(B52/INDEX(G$3:G$102,MIN(A52+$V$2,100)),0) -> 6818 | N52: =G52 -> 272 | O52: =H52*N52 -> 2400019.2 | P52: =SUM(O$3:O52) -> 30797003
A53: 51 | B53: =20*A53^3-40*A53^2+30 -> 2549010 | C53: =((M53/180)/24)/2.66/(100+L53)*100+C52 -> 7.9599706 | D53: =SUM(B$3:B52) -> 30797000 | E53: =ROUND(SUM(I$3:I52)/3600,2) -> 953.28 | F53: =ROUND(SUM(I$3:I52)/(3600*24),2) -> 39.72 | G53: =G52+8 -> 280 | H53: =ROUND(B53/G53,1) -> 9103.6 | I53: =H53*INDEX(U$2:U$15,INT((A53-1)/5)+1,) -> 182072 | J53: =SUM(H$3:H53) -> 180693.9 | K53: =SUM(I$3:I53) -> 3613878 | L53: 51 | M53: =ROUND(B53/INDEX(G$3:G$102,MIN(A53+$V$2,100)),0) -> 7041 | N53: =G53 -> 280 | O53: =H53*N53 -> 2549008 | P53: =SUM(O$3:O53) -> 33346011
A54: 52 | B54: =20*A54^3-40*A54^2+30 -> 2704030 | C54: =((M54/180)/24)/2.66/(100+L54)*100+C53 -> 8.3761358 | D54: =SUM(B$3:B53) -> 33346010 | E54: =ROUND(SUM(I$3:I53)/3600,2) -> 1003.86 | F54: =ROUND(SUM(I$3:I53)/(3600*24),2) -> 41.83 | G54: =G53+8 -> 288 | H54: =ROUND(B54/G54,1) -> 9389 | I54: =H54*INDEX(U$2:U$15,INT((A54-1)/5)+1,) -> 187780 | J54: =SUM(H$3:H54) -> 190082.9 | K54: =SUM(I$3:I54) -> 3801658 | L54: 52 | M54: =ROUND(B54/INDEX(G$3:G$102,MIN(A54+$V$2,100)),0) -> 7269 | N54: =G54 -> 288 | O54: =H54*N54 -> 2704032 | P54: =SUM(O$3:O54) -> 36050043
... A62: 60 | B62: =20*A62^3-40*A62^2+30 -> 4176030 | C62: =((M62/180)/24)/2.66/(100+L62)*100+C61 -> 12.09003 | D62: =SUM(B$3:B61) -> 59851370 | E62: =ROUND(SUM(I$3:I61)/3600,2) -> 1468.03 | F62: =ROUND(SUM(I$3:I61)/(3600*24),2) -> 61.17 | G62: =G61+8 -> 352 | H62: =ROUND(B62/G62,1) -> 11863.7 | I62: =H62*INDEX(U$2:U$15,INT((A62-1)/5)+1,) -> 237274 | J62: =SUM(H$3:H62) -> 276109.2 | K62: =SUM(I$3:I62) -> 5522184 | L62: 60 | M62: =ROUND(B62/INDEX(G$3:G$102,MIN(A62+$V$2,100)),0) -> 9239 | N62: =G62 -> 352 | O62: =H62*N62 -> 4176022.4 | P62: =SUM(O$3:O62) -> 64027397
A63: 61 | B63: =20*A63^3-40*A63^2+30 -> 4390810 | C63: =((M63/180)/24)/2.66/(100+L63)*100+C62 -> 12.601521 | D63: =SUM(B$3:B62) -> 64027400 | E63: =ROUND(SUM(I$3:I62)/3600,2) -> 1533.94 | F63: =ROUND(SUM(I$3:I62)/(3600*24),2) -> 63.91 | G63: =G62+10 -> 362 | H63: =ROUND(B63/G63,1) -> 12129.3 | I63: =H63*INDEX(U$2:U$15,INT((A63-1)/5)+1,) -> 242586 | J63: =SUM(H$3:H63) -> 288238.5 | K63: =SUM(I$3:I63) -> 5764770 | L63: 61 | M63: =ROUND(B63/INDEX(G$3:G$102,MIN(A63+$V$2,100)),0) -> 9463 | N63: =G63 -> 362 | O63: =H63*N63 -> 4390806.6 | P63: =SUM(O$3:O63) -> 68418204
A64: 62 | B64: =20*A64^3-40*A64^2+30 -> 4612830 | C64: =((M64/180)/24)/2.66/(100+L64)*100+C63 -> 13.122102 | D64: =SUM(B$3:B63) -> 68418210 | E64: =ROUND(SUM(I$3:I63)/3600,2) -> 1601.33 | F64: =ROUND(SUM(I$3:I63)/(3600*24),2) -> 66.72 | G64: =G63+10 -> 372 | H64: =ROUND(B64/G64,1) -> 12400.1 | I64: =H64*INDEX(U$2:U$15,INT((A64-1)/5)+1,) -> 248002 | J64: =SUM(H$3:H64) -> 300638.6 | K64: =SUM(I$3:I64) -> 6012772 | L64: 62 | M64: =ROUND(B64/INDEX(G$3:G$102,MIN(A64+$V$2,100)),0) -> 9691 | N64: =G64 -> 372 | O64: =H64*N64 -> 4612837.2 | P64: =SUM(O$3:O64) -> 73031041
A65: 63 | B65: =20*A65^3-40*A65^2+30 -> 4842210 | C65: =((M65/180)/24)/2.66/(100+L65)*100+C64 -> 13.651875 | D65: =SUM(B$3:B64) -> 73031040 | E65: =ROUND(SUM(I$3:I64)/3600,2) -> 1670.21 | F65: =ROUND(SUM(I$3:I64)/(3600*24),2) -> 69.59 | G65: =G64+10 -> 382 | H65: =ROUND(B65/G65,1) -> 12675.9 | I65: =H65*INDEX(U$2:U$15,INT((A65-1)/5)+1,) -> 253518 | J65: =SUM(H$3:H65) -> 313314.5 | K65: =SUM(I$3:I65) -> 6266290 | L65: 63 | M65: =ROUND(B65/INDEX(G$3:G$102,MIN(A65+$V$2,100)),0) -> 9923 | N65: =G65 -> 382 | O65: =H65*N65 -> 4842193.8 | P65: =SUM(O$3:O65) -> 77873235
A66: 64 | B66: =20*A66^3-40*A66^2+30 -> 5079070 | C66: =((M66/180)/24)/2.66/(100+L66)*100+C65 -> 14.190888 | D66: =SUM(B$3:B65) -> 77873250 | E66: =ROUND(SUM(I$3:I65)/3600,2) -> 1740.64 | F66: =ROUND(SUM(I$3:I65)/(3600*24),2) -> 72.53 | G66: =G65+10 -> 392 | H66: =ROUND(B66/G66,1) -> 12956.8 | I66: =H66*INDEX(U$2:U$15,INT((A66-1)/5)+1,) -> 259136 | J66: =SUM(H$3:H66) -> 326271.3 | K66: =SUM(I$3:I66) -> 6525426 | L66: 64 | M66: =ROUND(B66/INDEX(G$3:G$102,MIN(A66+$V$2,100)),0) -> 10158 | N66: =G66 -> 392 | O66: =H66*N66 -> 5079065.6 | P66: =SUM(O$3:O66) -> 82952300
A67: 65 | B67: =20*A67^3-40*A67^2+30 -> 5323530 | C67: =((M67/180)/24)/2.66/(100+L67)*100+C66 -> 14.739291 | D67: =SUM(B$3:B66) -> 82952320 | E67: =ROUND(SUM(I$3:I66)/3600,2) -> 1812.62 | F67: =ROUND(SUM(I$3:I66)/(3600*24),2) -> 75.53 | G67: =G66+10 -> 402 | H67: =ROUND(B67/G67,1) -> 13242.6 | I67: =H67*INDEX(U$2:U$15,INT((A67-1)/5)+1,) -> 264852 | J67: =SUM(H$3:H67) -> 339513.9 | K67: =SUM(I$3:I67) -> 6790278 | L67: 65 | M67: =ROUND(B67/INDEX(G$3:G$102,MIN(A67+$V$2,100)),0) -> 10398 | N67: =G67 -> 402 | O67: =H67*N67 -> 5323525.2 | P67: =SUM(O$3:O67) -> 88275825
A68: 66 | B68: =20*A68^3-40*A68^2+30 -> 5575710 | C68: =((M68/180)/24)/2.66/(100+L68)*100+C67 -> 15.297131 | D68: =SUM(B$3:B67) -> 88275850 | E68: =ROUND(SUM(I$3:I67)/3600,2) -> 1886.19 | F68: =ROUND(SUM(I$3:I67)/(3600*24),2) -> 78.59 | G68: =G67+10 -> 412 | H68: =ROUND(B68/G68,1) -> 13533.3 | I68: =H68*INDEX(U$2:U$15,INT((A68-1)/5)+1,) -> 270666 | J68: =SUM(H$3:H68) -> 353047.2 | K68: =SUM(I$3:I68) -> 7060944 | L68: 66 | M68: =ROUND(B68/INDEX(G$3:G$102,MIN(A68+$V$2,100)),0) -> 10641 | N68: =G68 -> 412 | O68: =H68*N68 -> 5575719.6 | P68: =SUM(O$3:O68) -> 93851545
A69: 67 | B69: =20*A69^3-40*A69^2+30 -> 5835730 | C69: =((M69/180)/24)/2.66/(100+L69)*100+C68 -> 15.8645 | D69: =SUM(B$3:B68) -> 93851560 | E69: =ROUND(SUM(I$3:I68)/3600,2) -> 1961.37 | F69: =ROUND(SUM(I$3:I68)/(3600*24),2) -> 81.72 | G69: =G68+10 -> 422 | H69: =ROUND(B69/G69,1) -> 13828.7 | I69: =H69*INDEX(U$2:U$15,INT((A69-1)/5)+1,) -> 276574 | J69: =SUM(H$3:H69) -> 366875.9 | K69: =SUM(I$3:I69) -> 7337518 | L69: 67 | M69: =ROUND(B69/INDEX(G$3:G$102,MIN(A69+$V$2,100)),0) -> 10888 | N69: =G69 -> 422 | O69: =H69*N69 -> 5835711.4 | P69: =SUM(O$3:O69) -> 99687256
A70: 68 | B70: =20*A70^3-40*A70^2+30 -> 6103710 | C70: =((M70/180)/24)/2.66/(100+L70)*100+C69 -> 16.441443 | D70: =SUM(B$3:B69) -> 99687290 | E70: =ROUND(SUM(I$3:I69)/3600,2) -> 2038.2 | F70: =ROUND(SUM(I$3:I69)/(3600*24),2) -> 84.92 | G70: =G69+10 -> 432 | H70: =ROUND(B70/G70,1) -> 14129 | I70: =H70*INDEX(U$2:U$15,INT((A70-1)/5)+1,) -> 282580 | J70: =SUM(H$3:H70) -> 381004.9 | K70: =SUM(I$3:I70) -> 7620098 | L70: 68 | M70: =ROUND(B70/INDEX(G$3:G$102,MIN(A70+$V$2,100)),0) -> 11138 | N70: =G70 -> 432 | O70: =H70*N70 -> 6103728 | P70: =SUM(O$3:O70) -> 1.0579098e+08
A71: 69 | B71: =20*A71^3-40*A71^2+30 -> 6379770 | C71: =((M71/180)/24)/2.66/(100+L71)*100+C70 -> 17.028051 | D71: =SUM(B$3:B70) -> 105791000 | E71: =ROUND(SUM(I$3:I70)/3600,2) -> 2116.69 | F71: =ROUND(SUM(I$3:I70)/(3600*24),2) -> 88.2 | G71: =G70+10 -> 442 | H71: =ROUND(B71/G71,1) -> 14433.9 | I71: =H71*INDEX(U$2:U$15,INT((A71-1)/5)+1,) -> 288678 | J71: =SUM(H$3:H71) -> 395438.8 | K71: =SUM(I$3:I71) -> 7908776 | L71: 69 | M71: =ROUND(B71/INDEX(G$3:G$102,MIN(A71+$V$2,100)),0) -> 11392 | N71: =G71 -> 442 | O71: =H71*N71 -> 6379783.8 | P71: =SUM(O$3:O71) -> 1.1217077e+08
A72: 70 | B72: =ROUND(120000*(A72-60)^1.7,-1)+1000000 -> 7014250 | C72: =((M72/180)/24)/2.66/(100+L72)*100+C71 -> 17.626463 | D72: =SUM(B$3:B71) -> 112170770 | E72: =ROUND(SUM(I$3:I71)/3600,2) -> 2196.88 | F72: =ROUND(SUM(I$3:I71)/(3600*24),2) -> 91.54 | G72: =G71+10 -> 452 | H72: =ROUND(B72/G72,1) -> 15518.3 | I72: =H72*INDEX(U$2:U$15,INT((A72-1)/5)+1,) -> 310366 | J72: =SUM(H$3:H72) -> 410957.1 | K72: =SUM(I$3:I72) -> 8219142 | L72: 70 | M72: =ROUND(B72/INDEX(G$3:G$102,MIN(A72+$V$2,100)),0) -> 11690 | N72: =G72 -> 452 | O72: =H72*N72 -> 7014271.6 | P72: =SUM(O$3:O72) -> 1.1918504e+08
A73: 71 | B73: =ROUND(120000*(A73-60)^1.7,-1)+1000000 -> 8072110 | C73: =((M73/180)/24)/2.66/(100+L73)*100+C72 -> 18.268347 | D73: =SUM(B$3:B72) -> 119185020 | E73: =ROUND(SUM(I$3:I72)/3600,2) -> 2283.1 | F73: =ROUND(SUM(I$3:I72)/(3600*24),2) -> 95.13 | G73: =G72+12 -> 464 | H73: =ROUND(B73/G73,1) -> 17396.8 | I73: =H73*INDEX(U$2:U$21,INT((A73-1)/5)+1,) -> 347936 | J73: =SUM(H$3:H73) -> 428353.9 | K73: =SUM(I$3:I73) -> 8567078 | L73: 71 | M73: =ROUND(B73/INDEX(G$3:G$102,MIN(A73+$V$2,100)),0) -> 12613 | N73: =G73 -> 464 | O73: =H73*N73 -> 8072115.2 | P73: =SUM(O$3:O73) -> 1.2725715e+08
A74: 72 | B74: =ROUND(120000*(A74-60)^1.7,-1)+1000000 -> 9199540 | C74: =((M74/180)/24)/2.66/(100+L74)*100+C73 -> 18.952845 | D74: =SUM(B$3:B73) -> 127257130 | E74: =ROUND(SUM(I$3:I73)/3600,2) -> 2379.74 | F74: =ROUND(SUM(I$3:I73)/(3600*24),2) -> 99.16 | G74: =G73+12 -> 476 | H74: =ROUND(B74/G74,1) -> 19326.8 | I74: =H74*INDEX(U$2:U$21,INT((A74-1)/5)+1,) -> 386536 | J74: =SUM(H$3:H74) -> 447680.7 | K74: =SUM(I$3:I74) -> 8953614 | L74: 72 | M74: =ROUND(B74/INDEX(G$3:G$102,MIN(A74+$V$2,100)),0) -> 13529 | N74: =G74 -> 476 | O74: =H74*N74 -> 9199556.8 | P74: =SUM(O$3:O74) -> 1.3645671e+08
A75: 73 | B75: =ROUND(120000*(A75-60)^1.7,-1)+1000000 -> 10394740 | C75: =((M75/180)/24)/2.66/(100+L75)*100+C74 -> 19.67906 | D75: =SUM(B$3:B74) -> 136456670 | E75: =ROUND(SUM(I$3:I74)/3600,2) -> 2487.12 | F75: =ROUND(SUM(I$3:I74)/(3600*24),2) -> 103.63 | G75: =G74+12 -> 488 | H75: =ROUND(B75/G75,1) -> 21300.7 | I75: =H75*INDEX(U$2:U$21,INT((A75-1)/5)+1,) -> 426014 | J75: =SUM(H$3:H75) -> 468981.4 | K75: =SUM(I$3:I75) -> 9379628 | L75: 73 | M75: =ROUND(B75/INDEX(G$3:G$102,MIN(A75+$V$2,100)),0) -> 14437 | N75: =G75 -> 488 | O75: =H75*N75 -> 10394742 | P75: =SUM(O$3:O75) -> 1.4685145e+08
A76: 74 | B76: =ROUND(120000*(A76-60)^1.7,-1)+1000000 -> 11656120 | C76: =((M76/180)/24)/2.66/(100+L76)*100+C75 -> 20.446114 | D76: =SUM(B$3:B75) -> 146851410 | E76: =ROUND(SUM(I$3:I75)/3600,2) -> 2605.45 | F76: =ROUND(SUM(I$3:I75)/(3600*24),2) -> 108.56 | G76: =G75+12 -> 500 | H76: =ROUND(B76/G76,1) -> 23312.2 | I76: =H76*INDEX(U$2:U$21,INT((A76-1)/5)+1,) -> 466244 | J76: =SUM(H$3:H76) -> 492293.6 | K76: =SUM(I$3:I76) -> 9845872 | L76: 74 | M76: =ROUND(B76/INDEX(G$3:G$102,MIN(A76+$V$2,100)),0) -> 15337 | N76: =G76 -> 500 | O76: =H76*N76 -> 11656100 | P76: =SUM(O$3:O76) -> 1.5850755e+08
A77: 75 | B77: =ROUND(120000*(A77-60)^1.7,-1)+1000000 -> 12982200 | C77: =((M77/180)/24)/2.66/(100+L77)*100+C76 -> 21.253092 | D77: =SUM(B$3:B76) -> 158507530 | E77: =ROUND(SUM(I$3:I76)/3600,2) -> 2734.96 | F77: =ROUND(SUM(I$3:I76)/(3600*24),2) -> 113.96 | G77: =G76+12 -> 512 | H77: =ROUND(B77/G77,1) -> 25355.9 | I77: =H77*INDEX(U$2:U$21,INT((A77-1)/5)+1,) -> 507118 | J77: =SUM(H$3:H77) -> 517649.5 | K77: =SUM(I$3:I77) -> 10352990 | L77: 75 | M77: =ROUND(B77/INDEX(G$3:G$102,MIN(A77+$V$2,100)),0) -> 16228 | N77: =G77 -> 512 | O77: =H77*N77 -> 12982221 | P77: =SUM(O$3:O77) -> 1.7148977e+08
A78: 76 | B78: =ROUND(120000*(A78-60)^1.7,-1)+1000000 -> 14371660 | C78: =((M78/180)/24)/2.66/(100+L78)*100+C77 -> 22.099045 | D78: =SUM(B$3:B77) -> 171489730 | E78: =ROUND(SUM(I$3:I77)/3600,2) -> 2875.83 | F78: =ROUND(SUM(I$3:I77)/(3600*24),2) -> 119.83 | G78: =G77+12 -> 524 | H78: =ROUND(B78/G78,1) -> 27426.8 | I78: =H78*INDEX(U$2:U$21,INT((A78-1)/5)+1,) -> 548536 | J78: =SUM(H$3:H78) -> 545076.3 | K78: =SUM(I$3:I78) -> 10901526 | L78: 76 | M78: =ROUND(B78/INDEX(G$3:G$102,MIN(A78+$V$2,100)),0) -> 17109 | N78: =G78 -> 524 | O78: =H78*N78 -> 14371643 | P78: =SUM(O$3:O78) -> 1.8586142e+08
A79: 77 | B79: =ROUND(120000*(A79-60)^1.7,-1)+1000000 -> 15823280 | C79: =((M79/180)/24)/2.66/(100+L79)*100+C78 -> 22.983092 | D79: =SUM(B$3:B78) -> 185861390 | E79: =ROUND(SUM(I$3:I78)/3600,2) -> 3028.2 | F79: =ROUND(SUM(I$3:I78)/(3600*24),2) -> 126.18 | G79: =G78+12 -> 536 | H79: =ROUND(B79/G79,1) -> 29521 | I79: =H79*INDEX(U$2:U$21,INT((A79-1)/5)+1,) -> 590420 | J79: =SUM(H$3:H79) -> 574597.3 | K79: =SUM(I$3:I79) -> 11491946 | L79: 77 | M79: =ROUND(B79/INDEX(G$3:G$102,MIN(A79+$V$2,100)),0) -> 17981 | N79: =G79 -> 536 | O79: =H79*N79 -> 15823256 | P79: =SUM(O$3:O79) -> 2.0168467e+08
A80: 78 | B80: =ROUND(120000*(A80-60)^1.7,-1)+1000000 -> 17335950 | C80: =((M80/180)/24)/2.66/(100+L80)*100+C79 -> 23.904315 | D80: =SUM(B$3:B79) -> 201684670 | E80: =ROUND(SUM(I$3:I79)/3600,2) -> 3192.21 | F80: =ROUND(SUM(I$3:I79)/(3600*24),2) -> 133.01 | G80: =G79+12 -> 548 | H80: =ROUND(B80/G80,1) -> 31634.9 | I80: =H80*INDEX(U$2:U$21,INT((A80-1)/5)+1,) -> 632698 | J80: =SUM(H$3:H80) -> 606232.2 | K80: =SUM(I$3:I80) -> 12124644 | L80: 78 | M80: =ROUND(B80/INDEX(G$3:G$102,MIN(A80+$V$2,100)),0) -> 18843 | N80: =G80 -> 548 | O80: =H80*N80 -> 17335925 | P80: =SUM(O$3:O80) -> 2.190206e+08
A81: 79 | B81: =ROUND(120000*(A81-60)^1.7,-1)+1000000 -> 18908630 | C81: =((M81/180)/24)/2.66/(100+L81)*100+C80 -> 24.861861 | D81: =SUM(B$3:B80) -> 219020620 | E81: =ROUND(SUM(I$3:I80)/3600,2) -> 3367.96 | F81: =ROUND(SUM(I$3:I80)/(3600*24),2) -> 140.33 | G81: =G80+12 -> 560 | H81: =ROUND(B81/G81,1) -> 33765.4 | I81: =H81*INDEX(U$2:U$21,INT((A81-1)/5)+1,) -> 675308 | J81: =SUM(H$3:H81) -> 639997.6 | K81: =SUM(I$3:I81) -> 12799952 | L81: 79 | M81: =ROUND(B81/INDEX(G$3:G$102,MIN(A81+$V$2,100)),0) -> 19696 | N81: =G81 -> 560 | O81: =H81*N81 -> 18908624 | P81: =SUM(O$3:O81) -> 2.3792922e+08
A82: 80 | B82: =ROUND((ROUND(120000*(A82-60)^1.7,-1)+1000000)*(1+(A82-60)/20),0) -> 41080700 | C82: =((M82/180)/24)/2.66/(100+L82)*100+C81 -> 26.84797 | D82: =SUM(B$3:B81) -> 237929250 | E82: =ROUND(SUM(I$3:I81)/3600,2) -> 3555.54 | F82: =ROUND(SUM(I$3:I81)/(3600*24),2) -> 148.15 | G82: =G81+40 -> 600 | H82: =ROUND(B82/G82,1) -> 68467.8 | I82: =H82*INDEX(U$2:U$21,INT((A82-1)/5)+1,) -> 1369356 | J82: =SUM(H$3:H82) -> 708465.4 | K82: =SUM(I$3:I82) -> 14169308 | L82: 80 | M82: =ROUND(B82/INDEX(G$3:G$102,MIN(A82+$V$2,100)),0) -> 41081 | N82: =G82 -> 600 | O82: =H82*N82 -> 41080680 | P82: =SUM(O$3:O82) -> 2.790099e+08
A83: 81 | B83: =ROUND((ROUND(120000*(A83-60)^1.7,-1)+1000000)*(1+(A83-60)/20),0) -> 45571910 | C83: =((M83/180)/24)/2.66/(100+L83)*100+C82 -> 28.954747 | D83: =SUM(B$3:B82) -> 279009950 | E83: =ROUND(SUM(I$3:I82)/3600,2) -> 3935.92 | F83: =ROUND(SUM(I$3:I82)/(3600*24),2) -> 164 | G83: =G82+40 -> 640 | H83: =ROUND(B83/G83,1) -> 71206.1 | I83: =H83*INDEX(U$2:U$21,INT((A83-1)/5)+1,) -> 1424122 | J83: =SUM(H$3:H83) -> 779671.5 | K83: =SUM(I$3:I83) -> 15593430 | L83: 81 | M83: =ROUND(B83/INDEX(G$3:G$102,MIN(A83+$V$2,100)),0) -> 43819 | N83: =G83 -> 640 | O83: =H83*N83 -> 45571904 | P83: =SUM(O$3:O83) -> 3.2458181e+08
A84: 82 | B84: =ROUND((ROUND(120000*(A84-60)^1.7,-1)+1000000)*(1+(A84-60)/20),0) -> 50352414 | C84: =((M84/180)/24)/2.66/(100+L84)*100+C83 -> 31.184021 | D84: =SUM(B$3:B83) -> 324581860 | E84: =ROUND(SUM(I$3:I83)/3600,2) -> 4331.51 | F84: =ROUND(SUM(I$3:I83)/(3600*24),2) -> 180.48 | G84: =G83+40 -> 680 | H84: =ROUND(B84/G84,1) -> 74047.7 | I84: =H84*INDEX(U$2:U$21,INT((A84-1)/5)+1,) -> 1480954 | J84: =SUM(H$3:H84) -> 853719.2 | K84: =SUM(I$3:I84) -> 17074384 | L84: 82 | M84: =ROUND(B84/INDEX(G$3:G$102,MIN(A84+$V$2,100)),0) -> 46623 | N84: =G84 -> 680 | O84: =H84*N84 -> 50352436 | P84: =SUM(O$3:O84) -> 3.7493424e+08
A85: 83 | B85: =ROUND((ROUND(120000*(A85-60)^1.7,-1)+1000000)*(1+(A85-60)/20),0) -> 55429129 | C85: =((M85/180)/24)/2.66/(100+L85)*100+C84 -> 33.537449 | D85: =SUM(B$3:B84) -> 374934274 | E85: =ROUND(SUM(I$3:I84)/3600,2) -> 4742.88 | F85: =ROUND(SUM(I$3:I84)/(3600*24),2) -> 197.62 | G85: =G84+40 -> 720 | H85: =ROUND(B85/G85,1) -> 76984.9 | I85: =H85*INDEX(U$2:U$21,INT((A85-1)/5)+1,) -> 1539698 | J85: =SUM(H$3:H85) -> 930704.1 | K85: =SUM(I$3:I85) -> 18614082 | L85: 83 | M85: =ROUND(B85/INDEX(G$3:G$102,MIN(A85+$V$2,100)),0) -> 49490 | N85: =G85 -> 720 | O85: =H85*N85 -> 55429128 | P85: =SUM(O$3:O85) -> 4.3036337e+08
A86: 84 | B86: =ROUND((ROUND(120000*(A86-60)^1.7,-1)+1000000)*(1+(A86-60)/20),0) -> 60808836 | C86: =((M86/180)/24)/2.66/(100+L86)*100+C85 -> 36.016709 | D86: =SUM(B$3:B85) -> 430363403 | E86: =ROUND(SUM(I$3:I85)/3600,2) -> 5170.58 | F86: =ROUND(SUM(I$3:I85)/(3600*24),2) -> 215.44 | G86: =G85+40 -> 760 | H86: =ROUND(B86/G86,1) -> 80011.6 | I86: =H86*INDEX(U$2:U$21,INT((A86-1)/5)+1,) -> 1600232 | J86: =SUM(H$3:H86) -> 1010715.7 | K86: =SUM(I$3:I86) -> 20214314 | L86: 84 | M86: =ROUND(B86/INDEX(G$3:G$102,MIN(A86+$V$2,100)),0) -> 52421 | N86: =G86 -> 760 | O86: =H86*N86 -> 60808816 | P86: =SUM(O$3:O86) -> 4.9117219e+08
A87: 85 | B87: =ROUND((ROUND(120000*(A87-60)^1.7,-1)+1000000)*(1+(A87-60)/20),0) -> 66498323 | C87: =((M87/180)/24)/2.66/(100+L87)*100+C86 -> 38.623404 | D87: =SUM(B$3:B86) -> 491172239 | E87: =ROUND(SUM(I$3:I86)/3600,2) -> 5615.09 | F87: =ROUND(SUM(I$3:I86)/(3600*24),2) -> 233.96 | G87: =G86+40 -> 800 | H87: =ROUND(B87/G87,1) -> 83122.9 | I87: =H87*INDEX(U$2:U$21,INT((A87-1)/5)+1,) -> 1662458 | J87: =SUM(H$3:H87) -> 1093838.6 | K87: =SUM(I$3:I87) -> 21876772 | L87: 85 | M87: =ROUND(B87/INDEX(G$3:G$102,MIN(A87+$V$2,100)),0) -> 55415 | N87: =G87 -> 800 | O87: =H87*N87 -> 66498320 | P87: =SUM(O$3:O87) -> 5.5767051e+08
A88: 86 | B88: =ROUND((ROUND(120000*(A88-60)^1.7,-1)+1000000)*(1+(A88-60)/20),0) -> 72504303 | C88: =((M88/180)/24)/2.66/(100+L88)*100+C87 -> 41.359065 | D88: =SUM(B$3:B87) -> 557670562 | E88: =ROUND(SUM(I$3:I87)/3600,2) -> 6076.88 | F88: =ROUND(SUM(I$3:I87)/(3600*24),2) -> 253.2 | G88: =G87+40 -> 840 | H88: =ROUND(B88/G88,1) -> 86314.6 | I88: =H88*INDEX(U$2:U$21,INT((A88-1)/5)+1,) -> 1726292 | J88: =SUM(H$3:H88) -> 1180153.2 | K88: =SUM(I$3:I88) -> 23603064 | L88: 86 | M88: =ROUND(B88/INDEX(G$3:G$102,MIN(A88+$V$2,100)),0) -> 58471 | N88: =G88 -> 840 | O88: =H88*N88 -> 72504264 | P88: =SUM(O$3:O88) -> 6.3017477e+08
A89: 87 | B89: =ROUND((ROUND(120000*(A89-60)^1.7,-1)+1000000)*(1+(A89-60)/20),0) -> 78833453 | C89: =((M89/180)/24)/2.66/(100+L89)*100+C88 -> 44.225196 | D89: =SUM(B$3:B88) -> 630174865 | E89: =ROUND(SUM(I$3:I88)/3600,2) -> 6556.41 | F89: =ROUND(SUM(I$3:I88)/(3600*24),2) -> 273.18 | G89: =G88+40 -> 880 | H89: =ROUND(B89/G89,1) -> 89583.5 | I89: =H89*INDEX(U$2:U$21,INT((A89-1)/5)+1,) -> 1791670 | J89: =SUM(H$3:H89) -> 1269736.7 | K89: =SUM(I$3:I89) -> 25394734 | L89: 87 | M89: =ROUND(B89/INDEX(G$3:G$102,MIN(A89+$V$2,100)),0) -> 61589 | N89: =G89 -> 880 | O89: =H89*N89 -> 78833480 | P89: =SUM(O$3:O89) -> 7.0900825e+08
A90: 88 | B90: =ROUND((ROUND(120000*(A90-60)^1.7,-1)+1000000)*(1+(A90-60)/20),0) -> 85492368 | C90: =((M90/180)/24)/2.66/(100+L90)*100+C89 -> 47.223189 | D90: =SUM(B$3:B89) -> 709008318 | E90: =ROUND(SUM(I$3:I89)/3600,2) -> 7054.09 | F90: =ROUND(SUM(I$3:I89)/(3600*24),2) -> 293.92 | G90: =G89+40 -> 920 | H90: =ROUND(B90/G90,1) -> 92926.5 | I90: =H90*INDEX(U$2:U$21,INT((A90-1)/5)+1,) -> 1858530 | J90: =SUM(H$3:H90) -> 1362663.2 | K90: =SUM(I$3:I90) -> 27253264 | L90: 88 | M90: =ROUND(B90/INDEX(G$3:G$102,MIN(A90+$V$2,100)),0) -> 64767 | N90: =G90 -> 920 | O90: =H90*N90 -> 85492380 | P90: =SUM(O$3:O90) -> 7.9450063e+08
A91: 89 | B91: =ROUND((ROUND(120000*(A91-60)^1.7,-1)+1000000)*(1+(A91-60)/20),0) -> 92487598 | C91: =((M91/180)/24)/2.66/(100+L91)*100+C90 -> 50.354455 | D91: =SUM(B$3:B90) -> 794500686 | E91: =ROUND(SUM(I$3:I90)/3600,2) -> 7570.35 | F91: =ROUND(SUM(I$3:I90)/(3600*24),2) -> 315.43 | G91: =G90+40 -> 960 | H91: =ROUND(B91/G91,1) -> 96341.2 | I91: =H91*INDEX(U$2:U$21,INT((A91-1)/5)+1,) -> 1926824 | J91: =SUM(H$3:H91) -> 1459004.4 | K91: =SUM(I$3:I91) -> 29180088 | L91: 89 | M91: =ROUND(B91/INDEX(G$3:G$102,MIN(A91+$V$2,100)),0) -> 68006 | N91: =G91 -> 960 | O91: =H91*N91 -> 92487552 | P91: =SUM(O$3:O91) -> 8.8698818e+08
A92: 90 | B92: =ROUND((ROUND(120000*(A92-60)^1.7,-1)+1000000)*(1+(A92-60)/20),0) -> 99825675 | C92: =((M92/180)/24)/2.66/(100+L92)*100+C91 -> 53.620296 | D92: =SUM(B$3:B91) -> 886988284 | E92: =ROUND(SUM(I$3:I91)/3600,2) -> 8105.58 | F92: =ROUND(SUM(I$3:I91)/(3600*24),2) -> 337.73 | G92: =G91+40 -> 1000 | H92: =ROUND(B92/G92,1) -> 99825.7 | I92: =H92*INDEX(U$2:U$21,INT((A92-1)/5)+1,) -> 1996514 | J92: =SUM(H$3:H92) -> 1558830.1 | K92: =SUM(I$3:I92) -> 31176602 | L92: 90 | M92: =ROUND(B92/INDEX(G$3:G$102,MIN(A92+$V$2,100)),0) -> 71304 | N92: =G92 -> 1000 | O92: =H92*N92 -> 99825700 | P92: =SUM(O$3:O92) -> 9.8681388e+08
A93: 91 | B93: =ROUND((ROUND(120000*(A93-60)^1.7,-1)+1000000)*(1+(A93-60)/20),0) -> 107513024 | C93: =((M93/180)/24)/2.66/(100+L93)*100+C92 -> 57.119217 | D93: =SUM(B$3:B92) -> 986813959 | E93: =ROUND(SUM(I$3:I92)/3600,2) -> 8660.17 | F93: =ROUND(SUM(I$3:I92)/(3600*24),2) -> 360.84 | G93: =G92+40 -> 1040 | H93: =ROUND(B93/G93,1) -> 103377.9 | I93: =H93*INDEX(U$2:U$21,INT((A93-1)/5)+1,) -> 2067558 | J93: =SUM(H$3:H93) -> 1662208 | K93: =SUM(I$3:I93) -> 33244160 | L93: 91 | M93: =ROUND(B93/INDEX(G$3:G$102,MIN(A93+$V$2,100)),0) -> 76795 | N93: =G93 -> 1040 | O93: =H93*N93 -> 107513016 | P93: =SUM(O$3:O93) -> 1.0943269e+09
... A102: 100 | B102: =ROUND((ROUND(120000*(A102-60)^1.7,-1)+1000000)*(1+(A102-60)/20),0) -> 193460310 | C102: =((M102/180)/24)/2.66/(100+L102)*100+C101 -> 100.61734 | D102: =SUM(B$3:B101) -> 2275185155 | E102: =ROUND(SUM(I$3:I101)/3600,2) -> 14582.2 | F102: =ROUND(SUM(I$3:I101)/(3600*24),2) -> 607.59 | G102: =G101+40 -> 1400 | H102: =ROUND(B102/G102,1) -> 138185.9 | I102: =H102*INDEX(U$2:U$21,INT((A102-1)/5)+1,) -> 2763718 | J102: =SUM(H$3:H102) -> 2762982.2 | K102: =SUM(I$3:I102) -> 55259644 | L102: 100 | M102: =ROUND(B102/INDEX(G$3:G$102,MIN(A102+$V$2,100)),0) -> 138186 | N102: =G102 -> 1400 | O102: =H102*N102 -> 193460260 | P102: =SUM(O$3:O102) -> 2.4686453e+09

Sheet 防御属性修正系数
A1: 等级 | B1: 护甲 | C1: 物抗 | D1: 魔抗 | E1: 暴击 | F1: 闪避 | G1: 命中 | H1: 韧性
A2: 1 | B2: =E2 -> 60 | C2: =(A2+1)*50 -> 100 | D2: =(A2+1)*50 -> 100 | E2: =3*A2^2+2*A2+55 -> 60
A3: 2 | B3: =E3 -> 71 | C3: =(A3+1)*50 -> 150 | D3: =(A3+1)*50 -> 150 | E3: =3*A3^2+2*A3+55 -> 71
A4: 3 | B4: =E4 -> 88 | C4: =(A4+1)*50 -> 200 | D4: =(A4+1)*50 -> 200 | E4: =3*A4^2+2*A4+55 -> 88
A5: 4 | B5: =E5 -> 111 | C5: =(A5+1)*50 -> 250 | D5: =(A5+1)*50 -> 250 | E5: =3*A5^2+2*A5+55 -> 111
A6: 5 | B6: =E6 -> 140 | C6: =(A6+1)*50 -> 300 | D6: =(A6+1)*50 -> 300 | E6: =3*A6^2+2*A6+55 -> 140
A7: 6 | B7: =E7 -> 175 | C7: =(A7+1)*50 -> 350 | D7: =(A7+1)*50 -> 350 | E7: =3*A7^2+2*A7+55 -> 175
A8: 7 | B8: =E8 -> 216 | C8: =(A8+1)*50 -> 400 | D8: =(A8+1)*50 -> 400 | E8: =3*A8^2+2*A8+55 -> 216
A9: 8 | B9: =E9 -> 263 | C9: =(A9+1)*50 -> 450 | D9: =(A9+1)*50 -> 450 | E9: =3*A9^2+2*A9+55 -> 263
A10: 9 | B10: =E10 -> 316 | C10: =(A10+1)*50 -> 500 | D10: =(A10+1)*50 -> 500 | E10: =3*A10^2+2*A10+55 -> 316
A11: 10 | B11: =E11 -> 375 | C11: =(A11+1)*50 -> 550 | D11: =(A11+1)*50 -> 550 | E11: =3*A11^2+2*A11+55 -> 375
A12: 11 | B12: =E12 -> 440 | C12: =(A12+1)*50 -> 600 | D12: =(A12+1)*50 -> 600 | E12: =3*A12^2+2*A12+55 -> 440
A13: 12 | B13: =E13 -> 511 | C13: =(A13+1)*50 -> 650 | D13: =(A13+1)*50 -> 650 | E13: =3*A13^2+2*A13+55 -> 511
... A71: 70 | B71: =E71 -> 14895 | C71: =(A71+1)*50 -> 3550 | D71: =(A71+1)*50 -> 3550 | E71: =3*A71^2+2*A71+55 -> 14895

Sheet 职业设计
A1: 职业区分 | J1: 初始力量 | K1: 10 | N1: 初始生命值 | O1: 0 | R1: 佣兵相对于主角属性比例 | S1: 1 | X1: 全职业
J2: 力量成长 | K2: 1 | N2: 生命值成长 | O2: 0 | X2: 战士
B3: 战士 | C3: 猎人 | D3: 法师 | E3: 佣兵战士 | F3: 佣兵猎人 | G3: 佣兵法师 | J3: 初始敏捷 | K3: 10 | N3: 初始魔法值 | O3: 20 | R3: 佣兵培养价格 | X3: 猎人
A4: 初始力量 | B4: 1.4 | C4: 1 | D4: 1 | E4: =B4*$S$1 -> 1.4 | F4: =C4*$S$1 -> 1 | G4: =D4*$S$1 -> 1 | J4: 敏捷成长 | K4: 1 | N4: 魔法值成长 | O4: 20 | R4: 普通培养 | S4: 500*等级 | X4: 法师
A5: 初始敏捷 | B5: 1 | C5: 1.5 | D5: 1 | E5: =B5*$S$1 -> 1 | F5: =C5*$S$1 -> 1.5 | G5: =D5*$S$1 -> 1 | J5: 初始智力 | K5: 10 | N5: 初始护甲 | O5: 0 | R5: 高级培养
A6: 初始智力 | B6: 1 | C6: 1 | D6: 1.5 | E6: =B6*$S$1 -> 1 | F6: =C6*$S$1 -> 1 | G6: =D6*$S$1 -> 1.5 | J6: 智力成长 | K6: 1 | N6: 护甲成长 | O6: 0 | R6: 白金培养
A7: 初始耐力 | B7: 1.3 | C7: 1.2 | D7: 1.2 | E7: =B7*$S$1 -> 1.3 | F7: =C7*$S$1 -> 1.2 | G7: =D7*$S$1 -> 1.2 | J7: 初始耐力 | K7: 10 | N7: 初始最小伤害 | O7: 5 | R7: 至尊培养
A8: 力量成长 | B8: 3 | C8: 1 | D8: 1 | E8: =B8*$S$1 -> 3 | F8: =C8*$S$1 -> 1 | G8: =D8*$S$1 -> 1 | J8: 耐力成长 | K8: 2 | N8: 初始最大伤害 | O8: 10
A9: 敏捷成长 | B9: 1 | C9: 3 | D9: 1 | E9: =B9*$S$1 -> 1 | F9: =C9*$S$1 -> 3 | G9: =D9*$S$1 -> 1
A10: 智力成长 | B10: 1 | C10: 1 | D10: 3 | E10: =B10*$S$1 -> 1 | F10: =C10*$S$1 -> 1 | G10: =D10*$S$1 -> 3 | J10: 1 | K10: 力量 | L10: = | M10: =J10*1 -> 1 | N10: 物抗 | O10: + | P10: =J10*1 -> 1 | Q10: 命中
A11: 耐力成长 | B11: 1 | C11: 1 | D11: 1 | E11: =B11*$S$1 -> 1 | F11: =C11*$S$1 -> 1 | G11: =D11*$S$1 -> 1 | J11: 1 | K11: 敏捷 | L11: = | M11: =J11*1 -> 1 | N11: 暴击 | O11: + | P11: =J11*0.2 -> 0.2 | Q11: 闪避
A12: 初始生命值 | B12: 1 | C12: 1 | D12: 1 | E12: =B12*$S$1 -> 1 | F12: =C12*$S$1 -> 1 | G12: =D12*$S$1 -> 1 | J12: 1 | K12: 智力 | L12: = | M12: =J12*1 -> 1 | N12: 魔抗 | O12: + | P12: =ROUNDDOWN(J12^(1/2),0) -> 1 | Q12: 每回合魔法回复
A13: 初始魔法值 | B13: 1 | C13: 1 | D13: 1 | E13: =B13*$S$1 -> 1 | F13: =C13*$S$1 -> 1 | G13: =D13*$S$1 -> 1 | J13: 1 | K13: 耐力 | L13: = | M13: =J13*10 -> 10 | N13: 血量 | O13: + | P13: =J13*1 -> 1 | Q13: 韧性
A14: 初始护甲 | B14: 1 | C14: 1 | D14: 1 | E14: =B14*$S$1 -> 1 | F14: =C14*$S$1 -> 1 | G14: =D14*$S$1 -> 1
A15: 生命值成长 | B15: 1 | C15: 1 | D15: 1 | E15: =B15*$S$1 -> 1 | F15: =C15*$S$1 -> 1 | G15: =D15*$S$1 -> 1 | J15: 1 | K15: 主属性 | L15: = | M15: =J15/2 -> 0.5 | N15: 最小伤害 | O15: + | P15: =J15 -> 1 | Q15: 最大伤害
A16: 魔法值成长 | B16: 1 | C16: 1 | D16: 1 | E16: =B16*$S$1 -> 1 | F16: =C16*$S$1 -> 1 | G16: =D16*$S$1 -> 1
A17: 护甲成长 | B17: 1 | C17: 1 | D17: 1 | E17: =B17*$S$1 -> 1 | F17: =C17*$S$1 -> 1 | G17: =D17*$S$1 -> 1
A18: 初始最小伤害 | B18: 1 | C18: 1 | D18: 1 | E18: =B18*$S$1 -> 1 | F18: =C18*$S$1 -> 1 | G18: =D18*$S$1 -> 1
A19: 初始最大伤害 | B19: 1 | C19: 1 | D19: 1 | E19: =B19*$S$1 -> 1 | F19: =C19*$S$1 -> 1 | G19: =D19*$S$1 -> 1
A21: 战士 | R21: 猎人 | AI21: 法师
A22: 等级 | B22: 力量 | C22: 敏捷 | D22: 智力 | E22: 耐力 | F22: 生命值 | G22: 魔法值 | H22: 最小伤害 | I22: 最大伤害 | J22: 护甲 | K22: 物抗 | L22: 魔抗 | M22: 暴击 | N22: 命中 | O22: 闪避 | P22: 韧性 | R22: 等级 | S22: 力量 | T22: 敏捷 | U22: 智力 | V22: 耐力 | W22: 生命值 | X22: 魔法值 | Y22: 最小伤害 | Z22: 最大伤害 | AA22: 护甲 | AB22: 物抗 | AC22: 魔抗 | AD22: 暴击 | AE22: 命中 | AF22: 闪避 | AG22: 韧性 | AI22: 等级 | AJ22: 力量 | AK22: 敏捷 | AL22: 智力 | AM22: 耐力 | AN22: 生命值 | AO22: 魔法值 | AP22: 最小伤害 | AQ22: 最大伤害 | AR22: 护甲 | AS22: 物抗 | AT22: 魔抗 | AU22: 暴击 | AV22: 命中 | AW22: 闪避 | AX22: 韧性
A23: 1 | B23: =$K$1*INDEX($A$3:$G$19,2,MATCH($A$21,$A$3:$G$3,0))+(A23-1)*$K$2*INDEX($A$3:$G$19,6,MATCH($A$21,$A$3:$G$3,0)) -> 14 | C23: =$K$3*INDEX($A$3:$G$19,3,MATCH($A$21,$A$3:$G$3,0))+(A23-1)*$K$4*INDEX($A$3:$G$19,7,MATCH($A$21,$A$3:$G$3,0)) -> 10 | D23: =$K$5*INDEX($A$3:$G$19,4,MATCH($A$21,$A$3:$G$3,0))+(A23-1)*$K$6*INDEX($A$3:$G$19,8,MATCH($A$21,$A$3:$G$3,0)) -> 10 | E23: =$K$7*INDEX($A$3:$G$19,5,MATCH($A$21,$A$3:$G$3,0))+(A23-1)*$K$8*INDEX($A$3:$G$19,9,MATCH($A$21,$A$3:$G$3,0)) -> 13 | F23: =$O$1*INDEX($A$3:$G$19,10,MATCH($A$21,$A$3:$G$3,0))+(A23-1)*$O$2*INDEX($A$3:$G$19,13,MATCH($A$21,$A$3:$G$3,0))+E23*$M$13 -> 130 | G23: =$O$3*INDEX($A$3:$G$19,11,MATCH($A$21,$A$3:$G$3,0))+(A23-1)*$O$4*INDEX($A$3:$G$19,14,MATCH($A$21,$A$3:$G$3,0)) -> 20 | H23: =$O$7*INDEX($A$3:$G$19,16,MATCH($A$21,$A$3:$G$3,0))+$M$15*IF(OR($A$21="战士",$A$21="佣兵战士"),B23,IF(OR($A$21="猎人",$A$21="佣兵猎人"),C23,D23)) -> 12 | I23: =$O$8*INDEX($A$3:$G$19,17,MATCH($A$21,$A$3:$G$3,0))+$P$15*IF(OR($A$21="战士",$A$21="佣兵战士"),B23,IF(OR($A$21="猎人",$A$21="佣兵猎人"),C23,D23)) -> 24 | J23: =$O$5*INDEX($A$3:$G$19,12,MATCH($A$21,$A$3:$G$3,0))+(A23-1)*$O$6*INDEX($A$3:$G$19,15,MATCH($A$21,$A$3:$G$3,0)) -> 0 | K23: =B23*$M$10 -> 14 | L23: =D23*$M$12 -> 10 | M23: =C23*$M$11 -> 10 | N23: =B23*$P$10 -> 14 | O23: =C23*$P$11 -> 2 | P23: =E23*$P$13 -> 13 | R23: 1 | S23: =$K$1*INDEX($A$3:$G$19,2,MATCH($R$21,$A$3:$G$3,0))+(R23-1)*$K$2*INDEX($A$3:$G$19,6,MATCH($R$21,$A$3:$G$3,0)) -> 10 | T23: =$K$3*INDEX($A$3:$G$19,3,MATCH($R$21,$A$3:$G$3,0))+(R23-1)*$K$4*INDEX($A$3:$G$19,7,MATCH($R$21,$A$3:$G$3,0)) -> 15 | U23: =$K$5*INDEX($A$3:$G$19,4,MATCH($R$21,$A$3:$G$3,0))+(R23-1)*$K$6*INDEX($A$3:$G$19,8,MATCH($R$21,$A$3:$G$3,0)) -> 10 | V23: =$K$7*INDEX($A$3:$G$19,5,MATCH($R$21,$A$3:$G$3,0))+(R23-1)*$K$8*INDEX($A$3:$G$19,9,MATCH($R$21,$A$3:$G$3,0)) -> 12 | W23: =$O$1*INDEX($A$3:$G$19,10,MATCH($R$21,$A$3:$G$3,0))+(R23-1)*$O$2*INDEX($A$3:$G$19,13,MATCH($R$21,$A$3:$G$3,0))+V23*$M$13 -> 120 | X23: =$O$3*INDEX($A$3:$G$19,11,MATCH($R$21,$A$3:$G$3,0))+(R23-1)*$O$4*INDEX($A$3:$G$19,14,MATCH($R$21,$A$3:$G$3,0)) -> 20 | Y23: =$O$7*INDEX($A$3:$G$19,16,MATCH($R$21,$A$3:$G$3,0))+$M$15*IF(OR($R$21="战士",$R$21="佣兵战士"),S23,IF(OR($R$21="猎人",$R$21="佣兵猎人"),T23,U23)) -> 12.5 | Z23: =$O$8*INDEX($A$3:$G$19,17,MATCH($R$21,$A$3:$G$3,0))+$P$15*IF(OR($R$21="战士",$R$21="佣兵战士"),S23,IF(OR($R$21="猎人",$R$21="佣兵猎人"),T23,U23)) -> 25 | AA23: =$O$5*INDEX($A$3:$G$19,12,MATCH($R$21,$A$3:$G$3,0))+(R23-1)*$O$6*INDEX($A$3:$G$19,15,MATCH($R$21,$A$3:$G$3,0)) -> 0 | AB23: =S23*$M$10 -> 10 | AC23: =U23*$M$12 -> 10 | AD23: =T23*$M$11 -> 15 | AE23: =S23*$P$10 -> 10 | AF23: =T23*$P$11 -> 3 | AG23: =V23*$P$13 -> 12 | AI23: 1 | AJ23: =$K$1*INDEX($A$3:$G$19,2,MATCH($AI$21,$A$3:$G$3,0))+(AI23-1)*$K$2*INDEX($A$3:$G$19,6,MATCH($AI$21,$A$3:$G$3,0)) -> 10 | AK23: =$K$3*INDEX($A$3:$G$19,3,MATCH($AI$21,$A$3:$G$3,0))+(AI23-1)*$K$4*INDEX($A$3:$G$19,7,MATCH($AI$21,$A$3:$G$3,0)) -> 10 | AL23: =$K$5*INDEX($A$3:$G$19,4,MATCH($AI$21,$A$3:$G$3,0))+(AI23-1)*$K$6*INDEX($A$3:$G$19,8,MATCH($AI$21,$A$3:$G$3,0)) -> 15 | AM23: =$K$7*INDEX($A$3:$G$19,5,MATCH($AI$21,$A$3:$G$3,0))+(AI23-1)*$K$8*INDEX($A$3:$G$19,9,MATCH($AI$21,$A$3:$G$3,0)) -> 12 | AN23: =$O$1*INDEX($A$3:$G$19,10,MATCH($AI$21,$A$3:$G$3,0))+(AI23-1)*$O$2*INDEX($A$3:$G$19,13,MATCH($AI$21,$A$3:$G$3,0))+AM23*$M$13 -> 120 | AO23: =$O$3*INDEX($A$3:$G$19,11,MATCH($AI$21,$A$3:$G$3,0))+(AI23-1)*$O$4*INDEX($A$3:$G$19,14,MATCH($AI$21,$A$3:$G$3,0)) -> 20 | AP23: =$O$7*INDEX($A$3:$G$19,16,MATCH($AI$21,$A$3:$G$3,0))+$M$15*IF(OR($AI$21="战士",$AI$21="佣兵战士"),AJ23,IF(OR($AI$21="猎人",$AI$21="佣兵猎人"),AK23,AL23)) -> 12.5 | AQ23: =$O$8*INDEX($A$3:$G$19,17,MATCH($AI$21,$A$3:$G$3,0))+$P$15*IF(OR($AI$21="战士",$AI$21="佣兵战士"),AJ23,IF(OR($AI$21="猎人",$AI$21="佣兵猎人"),AK23,AL23)) -> 25 | AR23: =$O$5*INDEX($A$3:$G$19,12,MATCH($AI$21,$A$3:$G$3,0))+(AI23-1)*$O$6*INDEX($A$3:$G$19,15,MATCH($AI$21,$A$3:$G$3,0)) -> 0 | AS23: =AJ23*$M$10 -> 10 | AT23: =AL23*$M$12 -> 15 | AU23: =AK23*$M$11 -> 10 | AV23: =AJ23*$P$10 -> 10 | AW23: =AK23*$P$11 -> 2 | AX23: =AM23*$P$13 -> 12
A24: 2 | B24: =$K$1*INDEX($A$3:$G$19,2,MATCH($A$21,$A$3:$G$3,0))+(A24-1)*$K$2*INDEX($A$3:$G$19,6,MATCH($A$21,$A$3:$G$3,0)) -> 17 | C24: =$K$3*INDEX($A$3:$G$19,3,MATCH($A$21,$A$3:$G$3,0))+(A24-1)*$K$4*INDEX($A$3:$G$19,7,MATCH($A$21,$A$3:$G$3,0)) -> 11 | D24: =$K$5*INDEX($A$3:$G$19,4,MATCH($A$21,$A$3:$G$3,0))+(A24-1)*$K$6*INDEX($A$3:$G$19,8,MATCH($A$21,$A$3:$G$3,0)) -> 11 | E24: =$K$7*INDEX($A$3:$G$19,5,MATCH($A$21,$A$3:$G$3,0))+(A24-1)*$K$8*INDEX($A$3:$G$19,9,MATCH($A$21,$A$3:$G$3,0)) -> 15 | F24: =$O$1*INDEX($A$3:$G$19,10,MATCH($A$21,$A$3:$G$3,0))+(A24-1)*$O$2*INDEX($A$3:$G$19,13,MATCH($A$21,$A$3:$G$3,0))+E24*$M$13 -> 150 | G24: =$O$3*INDEX($A$3:$G$19,11,MATCH($A$21,$A$3:$G$3,0))+(A24-1)*$O$4*INDEX($A$3:$G$19,14,MATCH($A$21,$A$3:$G$3,0)) -> 40 | H24: =$O$7*INDEX($A$3:$G$19,16,MATCH($A$21,$A$3:$G$3,0))+$M$15*IF(OR($A$21="战士",$A$21="佣兵战士"),B24,IF(OR($A$21="猎人",$A$21="佣兵猎人"),C24,D24)) -> 13.5 | I24: =$O$8*INDEX($A$3:$G$19,17,MATCH($A$21,$A$3:$G$3,0))+$P$15*IF(OR($A$21="战士",$A$21="佣兵战士"),B24,IF(OR($A$21="猎人",$A$21="佣兵猎人"),C24,D24)) -> 27 | J24: =$O$5*INDEX($A$3:$G$19,12,MATCH($A$21,$A$3:$G$3,0))+(A24-1)*$O$6*INDEX($A$3:$G$19,15,MATCH($A$21,$A$3:$G$3,0)) -> 0 | K24: =B24*$M$10 -> 17 | L24: =D24*$M$12 -> 11 | M24: =C24*$M$11 -> 11 | N24: =B24*$P$10 -> 17 | O24: =C24*$P$11 -> 2.2 | P24: =E24*$P$13 -> 15 | R24: 2 | S24: =$K$1*INDEX($A$3:$G$19,2,MATCH($R$21,$A$3:$G$3,0))+(R24-1)*$K$2*INDEX($A$3:$G$19,6,MATCH($R$21,$A$3:$G$3,0)) -> 11 | T24: =$K$3*INDEX($A$3:$G$19,3,MATCH($R$21,$A$3:$G$3,0))+(R24-1)*$K$4*INDEX($A$3:$G$19,7,MATCH($R$21,$A$3:$G$3,0)) -> 18 | U24: =$K$5*INDEX($A$3:$G$19,4,MATCH($R$21,$A$3:$G$3,0))+(R24-1)*$K$6*INDEX($A$3:$G$19,8,MATCH($R$21,$A$3:$G$3,0)) -> 11 | V24: =$K$7*INDEX($A$3:$G$19,5,MATCH($R$21,$A$3:$G$3,0))+(R24-1)*$K$8*INDEX($A$3:$G$19,9,MATCH($R$21,$A$3:$G$3,0)) -> 14 | W24: =$O$1*INDEX($A$3:$G$19,10,MATCH($R$21,$A$3:$G$3,0))+(R24-1)*$O$2*INDEX($A$3:$G$19,13,MATCH($R$21,$A$3:$G$3,0))+V24*$M$13 -> 140 | X24: =$O$3*INDEX($A$3:$G$19,11,MATCH($R$21,$A$3:$G$3,0))+(R24-1)*$O$4*INDEX($A$3:$G$19,14,MATCH($R$21,$A$3:$G$3,0)) -> 40 | Y24: =$O$7*INDEX($A$3:$G$19,16,MATCH($R$21,$A$3:$G$3,0))+$M$15*IF(OR($R$21="战士",$R$21="佣兵战士"),S24,IF(OR($R$21="猎人",$R$21="佣兵猎人"),T24,U24)) -> 14 | Z24: =$O$8*INDEX($A$3:$G$19,17,MATCH($R$21,$A$3:$G$3,0))+$P$15*IF(OR($R$21="战士",$R$21="佣兵战士"),S24,IF(OR($R$21="猎人",$R$21="佣兵猎人"),T24,U24)) -> 28 | AA24: =$O$5*INDEX($A$3:$G$19,12,MATCH($R$21,$A$3:$G$3,0))+(R24-1)*$O$6*INDEX($A$3:$G$19,15,MATCH($R$21,$A$3:$G$3,0)) -> 0 | AB24: =S24*$M$10 -> 11 | AC24: =U24*$M$12 -> 11 | AD24: =T24*$M$11 -> 18 | AE24: =S24*$P$10 -> 11 | AF24: =T24*$P$11 -> 3.6 | AG24: =V24*$P$13 -> 14 | AI24: 2 | AJ24: =$K$1*INDEX($A$3:$G$19,2,MATCH($AI$21,$A$3:$G$3,0))+(AI24-1)*$K$2*INDEX($A$3:$G$19,6,MATCH($AI$21,$A$3:$G$3,0)) -> 11 | AK24: =$K$3*INDEX($A$3:$G$19,3,MATCH($AI$21,$A$3:$G$3,0))+(AI24-1)*$K$4*INDEX($A$3:$G$19,7,MATCH($AI$21,$A$3:$G$3,0)) -> 11 | AL24: =$K$5*INDEX($A$3:$G$19,4,MATCH($AI$21,$A$3:$G$3,0))+(AI24-1)*$K$6*INDEX($A$3:$G$19,8,MATCH($AI$21,$A$3:$G$3,0)) -> 18 | AM24: =$K$7*INDEX($A$3:$G$19,5,MATCH($AI$21,$A$3:$G$3,0))+(AI24-1)*$K$8*INDEX($A$3:$G$19,9,MATCH($AI$21,$A$3:$G$3,0)) -> 14 | AN24: =$O$1*INDEX($A$3:$G$19,10,MATCH($AI$21,$A$3:$G$3,0))+(AI24-1)*$O$2*INDEX($A$3:$G$19,13,MATCH($AI$21,$A$3:$G$3,0))+AM24*$M$13 -> 140 | AO24: =$O$3*INDEX($A$3:$G$19,11,MATCH($AI$21,$A$3:$G$3,0))+(AI24-1)*$O$4*INDEX($A$3:$G$19,14,MATCH($AI$21,$A$3:$G$3,0)) -> 40 | AP24: =$O$7*INDEX($A$3:$G$19,16,MATCH($AI$21,$A$3:$G$3,0))+$M$15*IF(OR($AI$21="战士",$AI$21="佣兵战士"),AJ24,IF(OR($AI$21="猎人",$AI$21="佣兵猎人"),AK24,AL24)) -> 14 | AQ24: =$O$8*INDEX($A$3:$G$19,17,MATCH($AI$21,$A$3:$G$3,0))+$P$15*IF(OR($AI$21="战士",$AI$21="佣兵战士"),AJ24,IF(OR($AI$21="猎人",$AI$21="佣兵猎人"),AK24,AL24)) -> 28 | AR24: =$O$5*INDEX($A$3:$G$19,12,MATCH($AI$21,$A$3:$G$3,0))+(AI24-1)*$O$6*INDEX($A$3:$G$19,15,MATCH($AI$21,$A$3:$G$3,0)) -> 0 | AS24: =AJ24*$M$10 -> 11 | AT24: =AL24*$M$12 -> 18 | AU24: =AK24*$M$11 -> 11 | AV24: =AJ24*$P$10 -> 11 | AW24: =AK24*$P$11 -> 2.2 | AX24: =AM24*$P$13 -> 14
A25: 3 | B25: =$K$1*INDEX($A$3:$G$19,2,MATCH($A$21,$A$3:$G$3,0))+(A25-1)*$K$2*INDEX($A$3:$G$19,6,MATCH($A$21,$A$3:$G$3,0)) -> 20 | C25: =$K$3*INDEX($A$3:$G$19,3,MATCH($A$21,$A$3:$G$3,0))+(A25-1)*$K$4*INDEX($A$3:$G$19,7,MATCH($A$21,$A$3:$G$3,0)) -> 12 | D25: =$K$5*INDEX($A$3:$G$19,4,MATCH($A$21,$A$3:$G$3,0))+(A25-1)*$K$6*INDEX($A$3:$G$19,8,MATCH($A$21,$A$3:$G$3,0)) -> 12 | E25: =$K$7*INDEX($A$3:$G$19,5,MATCH($A$21,$A$3:$G$3,0))+(A25-1)*$K$8*INDEX($A$3:$G$19,9,MATCH($A$21,$A$3:$G$3,0)) -> 17 | F25: =$O$1*INDEX($A$3:$G$19,10,MATCH($A$21,$A$3:$G$3,0))+(A25-1)*$O$2*INDEX($A$3:$G$19,13,MATCH($A$21,$A$3:$G$3,0))+E25*$M$13 -> 170 | G25: =$O$3*INDEX($A$3:$G$19,11,MATCH($A$21,$A$3:$G$3,0))+(A25-1)*$O$4*INDEX($A$3:$G$19,14,MATCH($A$21,$A$3:$G$3,0)) -> 60 | H25: =$O$7*INDEX($A$3:$G$19,16,MATCH($A$21,$A$3:$G$3,0))+$M$15*IF(OR($A$21="战士",$A$21="佣兵战士"),B25,IF(OR($A$21="猎人",$A$21="佣兵猎人"),C25,D25)) -> 15 | I25: =$O$8*INDEX($A$3:$G$19,17,MATCH($A$21,$A$3:$G$3,0))+$P$15*IF(OR($A$21="战士",$A$21="佣兵战士"),B25,IF(OR($A$21="猎人",$A$21="佣兵猎人"),C25,D25)) -> 30 | J25: =$O$5*INDEX($A$3:$G$19,12,MATCH($A$21,$A$3:$G$3,0))+(A25-1)*$O$6*INDEX($A$3:$G$19,15,MATCH($A$21,$A$3:$G$3,0)) -> 0 | K25: =B25*$M$10 -> 20 | L25: =D25*$M$12 -> 12 | M25: =C25*$M$11 -> 12 | N25: =B25*$P$10 -> 20 | O25: =C25*$P$11 -> 2.4 | P25: =E25*$P$13 -> 17 | R25: 3 | S25: =$K$1*INDEX($A$3:$G$19,2,MATCH($R$21,$A$3:$G$3,0))+(R25-1)*$K$2*INDEX($A$3:$G$19,6,MATCH($R$21,$A$3:$G$3,0)) -> 12 | T25: =$K$3*INDEX($A$3:$G$19,3,MATCH($R$21,$A$3:$G$3,0))+(R25-1)*$K$4*INDEX($A$3:$G$19,7,MATCH($R$21,$A$3:$G$3,0)) -> 21 | U25: =$K$5*INDEX($A$3:$G$19,4,MATCH($R$21,$A$3:$G$3,0))+(R25-1)*$K$6*INDEX($A$3:$G$19,8,MATCH($R$21,$A$3:$G$3,0)) -> 12 | V25: =$K$7*INDEX($A$3:$G$19,5,MATCH($R$21,$A$3:$G$3,0))+(R25-1)*$K$8*INDEX($A$3:$G$19,9,MATCH($R$21,$A$3:$G$3,0)) -> 16 | W25: =$O$1*INDEX($A$3:$G$19,10,MATCH($R$21,$A$3:$G$3,0))+(R25-1)*$O$2*INDEX($A$3:$G$19,13,MATCH($R$21,$A$3:$G$3,0))+V25*$M$13 -> 160 | X25: =$O$3*INDEX($A$3:$G$19,11,MATCH($R$21,$A$3:$G$3,0))+(R25-1)*$O$4*INDEX($A$3:$G$19,14,MATCH($R$21,$A$3:$G$3,0)) -> 60 | Y25: =$O$7*INDEX($A$3:$G$19,16,MATCH($R$21,$A$3:$G$3,0))+$M$15*IF(OR($R$21="战士",$R$21="佣兵战士"),S25,IF(OR($R$21="猎人",$R$21="佣兵猎人"),T25,U25)) -> 15.5 | Z25: =$O$8*INDEX($A$3:$G$19,17,MATCH($R$21,$A$3:$G$3,0))+$P$15*IF(OR($R$21="战士",$R$21="佣兵战士"),S25,IF(OR($R$21="猎人",$R$21="佣兵猎人"),T25,U25)) -> 31 | AA25: =$O$5*INDEX($A$3:$G$19,12,MATCH($R$21,$A$3:$G$3,0))+(R25-1)*$O$6*INDEX($A$3:$G$19,15,MATCH($R$21,$A$3:$G$3,0)) -> 0 | AB25: =S25*$M$10 -> 12 | AC25: =U25*$M$12 -> 12 | AD25: =T25*$M$11 -> 21 | AE25: =S25*$P$10 -> 12 | AF25: =T25*$P$11 -> 4.2 | AG25: =V25*$P$13 -> 16 | AI25: 3 | AJ25: =$K$1*INDEX($A$3:$G$19,2,MATCH($AI$21,$A$3:$G$3,0))+(AI25-1)*$K$2*INDEX($A$3:$G$19,6,MATCH($AI$21,$A$3:$G$3,0)) -> 12 | AK25: =$K$3*INDEX($A$3:$G$19,3,MATCH($AI$21,$A$3:$G$3,0))+(AI25-1)*$K$4*INDEX($A$3:$G$19,7,MATCH($AI$21,$A$3:$G$3,0)) -> 12 | AL25: =$K$5*INDEX($A$3:$G$19,4,MATCH($AI$21,$A$3:$G$3,0))+(AI25-1)*$K$6*INDEX($A$3:$G$19,8,MATCH($AI$21,$A$3:$G$3,0)) -> 21 | AM25: =$K$7*INDEX($A$3:$G$19,5,MATCH($AI$21,$A$3:$G$3,0))+(AI25-1)*$K$8*INDEX($A$3:$G$19,9,MATCH($AI$21,$A$3:$G$3,0)) -> 16 | AN25: =$O$1*INDEX($A$3:$G$19,10,MATCH($AI$21,$A$3:$G$3,0))+(AI25-1)*$O$2*INDEX($A$3:$G$19,13,MATCH($AI$21,$A$3:$G$3,0))+AM25*$M$13 -> 160 | AO25: =$O$3*INDEX($A$3:$G$19,11,MATCH($AI$21,$A$3:$G$3,0))+(AI25-1)*$O$4*INDEX($A$3:$G$19,14,MATCH($AI$21,$A$3:$G$3,0)) -> 60 | AP25: =$O$7*INDEX($A$3:$G$19,16,MATCH($AI$21,$A$3:$G$3,0))+$M$15*IF(OR($AI$21="战士",$AI$21="佣兵战士"),AJ25,IF(OR($AI$21="猎人",$AI$21="佣兵猎人"),AK25,AL25)) -> 15.5 | AQ25: =$O$8*INDEX($A$3:$G$19,17,MATCH($AI$21,$A$3:$G$3,0))+$P$15*IF(OR($AI$21="战士",$AI$21="佣兵战士"),AJ25,IF(OR($AI$21="猎人",$AI$21="佣兵猎人"),AK25,AL25)) -> 31 | AR25: =$O$5*INDEX($A$3:$G$19,12,MATCH($AI$21,$A$3:$G$3,0))+(AI25-1)*$O$6*INDEX($A$3:$G$19,15,MATCH($AI$21,$A$3:$G$3,0)) -> 0 | AS25: =AJ25*$M$10 -> 12 | AT25: =AL25*$M$12 -> 21 | AU25: =AK25*$M$11 -> 12 | AV25: =AJ25*$P$10 -> 12 | AW25: =AK25*$P$11 -> 2.4 | AX25: =AM25*$P$13 -> 16
A26: 4 | B26: =$K$1*INDEX($A$3:$G$19,2,MATCH($A$21,$A$3:$G$3,0))+(A26-1)*$K$2*INDEX($A$3:$G$19,6,MATCH($A$21,$A$3:$G$3,0)) -> 23 | C26: =$K$3*INDEX($A$3:$G$19,3,MATCH($A$21,$A$3:$G$3,0))+(A26-1)*$K$4*INDEX($A$3:$G$19,7,MATCH($A$21,$A$3:$G$3,0)) -> 13 | D26: =$K$5*INDEX($A$3:$G$19,4,MATCH($A$21,$A$3:$G$3,0))+(A26-1)*$K$6*INDEX($A$3:$G$19,8,MATCH($A$21,$A$3:$G$3,0)) -> 13 | E26: =$K$7*INDEX($A$3:$G$19,5,MATCH($A$21,$A$3:$G$3,0))+(A26-1)*$K$8*INDEX($A$3:$G$19,9,MATCH($A$21,$A$3:$G$3,0)) -> 19 | F26: =$O$1*INDEX($A$3:$G$19,10,MATCH($A$21,$A$3:$G$3,0))+(A26-1)*$O$2*INDEX($A$3:$G$19,13,MATCH($A$21,$A$3:$G$3,0))+E26*$M$13 -> 190 | G26: =$O$3*INDEX($A$3:$G$19,11,MATCH($A$21,$A$3:$G$3,0))+(A26-1)*$O$4*INDEX($A$3:$G$19,14,MATCH($A$21,$A$3:$G$3,0)) -> 80 | H26: =$O$7*INDEX($A$3:$G$19,16,MATCH($A$21,$A$3:$G$3,0))+$M$15*IF(OR($A$21="战士",$A$21="佣兵战士"),B26,IF(OR($A$21="猎人",$A$21="佣兵猎人"),C26,D26)) -> 16.5 | I26: =$O$8*INDEX($A$3:$G$19,17,MATCH($A$21,$A$3:$G$3,0))+$P$15*IF(OR($A$21="战士",$A$21="佣兵战士"),B26,IF(OR($A$21="猎人",$A$21="佣兵猎人"),C26,D26)) -> 33 | J26: =$O$5*INDEX($A$3:$G$19,12,MATCH($A$21,$A$3:$G$3,0))+(A26-1)*$O$6*INDEX($A$3:$G$19,15,MATCH($A$21,$A$3:$G$3,0)) -> 0 | K26: =B26*$M$10 -> 23 | L26: =D26*$M$12 -> 13 | M26: =C26*$M$11 -> 13 | N26: =B26*$P$10 -> 23 | O26: =C26*$P$11 -> 2.6 | P26: =E26*$P$13 -> 19 | R26: 4 | S26: =$K$1*INDEX($A$3:$G$19,2,MATCH($R$21,$A$3:$G$3,0))+(R26-1)*$K$2*INDEX($A$3:$G$19,6,MATCH($R$21,$A$3:$G$3,0)) -> 13 | T26: =$K$3*INDEX($A$3:$G$19,3,MATCH($R$21,$A$3:$G$3,0))+(R26-1)*$K$4*INDEX($A$3:$G$19,7,MATCH($R$21,$A$3:$G$3,0)) -> 24 | U26: =$K$5*INDEX($A$3:$G$19,4,MATCH($R$21,$A$3:$G$3,0))+(R26-1)*$K$6*INDEX($A$3:$G$19,8,MATCH($R$21,$A$3:$G$3,0)) -> 13 | V26: =$K$7*INDEX($A$3:$G$19,5,MATCH($R$21,$A$3:$G$3,0))+(R26-1)*$K$8*INDEX($A$3:$G$19,9,MATCH($R$21,$A$3:$G$3,0)) -> 18 | W26: =$O$1*INDEX($A$3:$G$19,10,MATCH($R$21,$A$3:$G$3,0))+(R26-1)*$O$2*INDEX($A$3:$G$19,13,MATCH($R$21,$A$3:$G$3,0))+V26*$M$13 -> 180 | X26: =$O$3*INDEX($A$3:$G$19,11,MATCH($R$21,$A$3:$G$3,0))+(R26-1)*$O$4*INDEX($A$3:$G$19,14,MATCH($R$21,$A$3:$G$3,0)) -> 80 | Y26: =$O$7*INDEX($A$3:$G$19,16,MATCH($R$21,$A$3:$G$3,0))+$M$15*IF(OR($R$21="战士",$R$21="佣兵战士"),S26,IF(OR($R$21="猎人",$R$21="佣兵猎人"),T26,U26)) -> 17 | Z26: =$O$8*INDEX($A$3:$G$19,17,MATCH($R$21,$A$3:$G$3,0))+$P$15*IF(OR($R$21="战士",$R$21="佣兵战士"),S26,IF(OR($R$21="猎人",$R$21="佣兵猎人"),T26,U26)) -> 34 | AA26: =$O$5*INDEX($A$3:$G$19,12,MATCH($R$21,$A$3:$G$3,0))+(R26-1)*$O$6*INDEX($A$3:$G$19,15,MATCH($R$21,$A$3:$G$3,0)) -> 0 | AB26: =S26*$M$10 -> 13 | AC26: =U26*$M$12 -> 13 | AD26: =T26*$M$11 -> 24 | AE26: =S26*$P$10 -> 13 | AF26: =T26*$P$11 -> 4.8 | AG26: =V26*$P$13 -> 18 | AI26: 4 | AJ26: =$K$1*INDEX($A$3:$G$19,2,MATCH($AI$21,$A$3:$G$3,0))+(AI26-1)*$K$2*INDEX($A$3:$G$19,6,MATCH($AI$21,$A$3:$G$3,0)) -> 13 | AK26: =$K$3*INDEX($A$3:$G$19,3,MATCH($AI$21,$A$3:$G$3,0))+(AI26-1)*$K$4*INDEX($A$3:$G$19,7,MATCH($AI$21,$A$3:$G$3,0)) -> 13 | AL26: =$K$5*INDEX($A$3:$G$19,4,MATCH($AI$21,$A$3:$G$3,0))+(AI26-1)*$K$6*INDEX($A$3:$G$19,8,MATCH($AI$21,$A$3:$G$3,0)) -> 24 | AM26: =$K$7*INDEX($A$3:$G$19,5,MATCH($AI$21,$A$3:$G$3,0))+(AI26-1)*$K$8*INDEX($A$3:$G$19,9,MATCH($AI$21,$A$3:$G$3,0)) -> 18 | AN26: =$O$1*INDEX($A$3:$G$19,10,MATCH($AI$21,$A$3:$G$3,0))+(AI26-1)*$O$2*INDEX($A$3:$G$19,13,MATCH($AI$21,$A$3:$G$3,0))+AM26*$M$13 -> 180 | AO26: =$O$3*INDEX($A$3:$G$19,11,MATCH($AI$21,$A$3:$G$3,0))+(AI26-1)*$O$4*INDEX($A$3:$G$19,14,MATCH($AI$21,$A$3:$G$3,0)) -> 80 | AP26: =$O$7*INDEX($A$3:$G$19,16,MATCH($AI$21,$A$3:$G$3,0))+$M$15*IF(OR($AI$21="战士",$AI$21="佣兵战士"),AJ26,IF(OR($AI$21="猎人",$AI$21="佣兵猎人"),AK26,AL26)) -> 17 | AQ26: =$O$8*INDEX($A$3:$G$19,17,MATCH($AI$21,$A$3:$G$3,0))+$P$15*IF(OR($AI$21="战士",$AI$21="佣兵战士"),AJ26,IF(OR($AI$21="猎人",$AI$21="佣兵猎人"),AK26,AL26)) -> 34 | AR26: =$O$5*INDEX($A$3:$G$19,12,MATCH($AI$21,$A$3:$G$3,0))+(AI26-1)*$O$6*INDEX($A$3:$G$19,15,MATCH($AI$21,$A$3:$G$3,0)) -> 0 | AS26: =AJ26*$M$10 -> 13 | AT26: =AL26*$M$12 -> 24 | AU26: =AK26*$M$11 -> 13 | AV26: =AJ26*$P$10 -> 13 | AW26: =AK26*$P$11 -> 2.6 | AX26: =AM26*$P$13 -> 18
A27: 5 | B27: =$K$1*INDEX($A$3:$G$19,2,MATCH($A$21,$A$3:$G$3,0))+(A27-1)*$K$2*INDEX($A$3:$G$19,6,MATCH($A$21,$A$3:$G$3,0)) -> 26 | C27: =$K$3*INDEX($A$3:$G$19,3,MATCH($A$21,$A$3:$G$3,0))+(A27-1)*$K$4*INDEX($A$3:$G$19,7,MATCH($A$21,$A$3:$G$3,0)) -> 14 | D27: =$K$5*INDEX($A$3:$G$19,4,MATCH($A$21,$A$3:$G$3,0))+(A27-1)*$K$6*INDEX($A$3:$G$19,8,MATCH($A$21,$A$3:$G$3,0)) -> 14 | E27: =$K$7*INDEX($A$3:$G$19,5,MATCH($A$21,$A$3:$G$3,0))+(A27-1)*$K$8*INDEX($A$3:$G$19,9,MATCH($A$21,$A$3:$G$3,0)) -> 21 | F27: =$O$1*INDEX($A$3:$G$19,10,MATCH($A$21,$A$3:$G$3,0))+(A27-1)*$O$2*INDEX($A$3:$G$19,13,MATCH($A$21,$A$3:$G$3,0))+E27*$M$13 -> 210 | G27: =$O$3*INDEX($A$3:$G$19,11,MATCH($A$21,$A$3:$G$3,0))+(A27-1)*$O$4*INDEX($A$3:$G$19,14,MATCH($A$21,$A$3:$G$3,0)) -> 100 | H27: =$O$7*INDEX($A$3:$G$19,16,MATCH($A$21,$A$3:$G$3,0))+$M$15*IF(OR($A$21="战士",$A$21="佣兵战士"),B27,IF(OR($A$21="猎人",$A$21="佣兵猎人"),C27,D27)) -> 18 | I27: =$O$8*INDEX($A$3:$G$19,17,MATCH($A$21,$A$3:$G$3,0))+$P$15*IF(OR($A$21="战士",$A$21="佣兵战士"),B27,IF(OR($A$21="猎人",$A$21="佣兵猎人"),C27,D27)) -> 36 | J27: =$O$5*INDEX($A$3:$G$19,12,MATCH($A$21,$A$3:$G$3,0))+(A27-1)*$O$6*INDEX($A$3:$G$19,15,MATCH($A$21,$A$3:$G$3,0)) -> 0 | K27: =B27*$M$10 -> 26 | L27: =D27*$M$12 -> 14 | M27: =C27*$M$11 -> 14 | N27: =B27*$P$10 -> 26 | O27: =C27*$P$11 -> 2.8 | P27: =E27*$P$13 -> 21 | R27: 5 | S27: =$K$1*INDEX($A$3:$G$19,2,MATCH($R$21,$A$3:$G$3,0))+(R27-1)*$K$2*INDEX($A$3:$G$19,6,MATCH($R$21,$A$3:$G$3,0)) -> 14 | T27: =$K$3*INDEX($A$3:$G$19,3,MATCH($R$21,$A$3:$G$3,0))+(R27-1)*$K$4*INDEX($A$3:$G$19,7,MATCH($R$21,$A$3:$G$3,0)) -> 27 | U27: =$K$5*INDEX($A$3:$G$19,4,MATCH($R$21,$A$3:$G$3,0))+(R27-1)*$K$6*INDEX($A$3:$G$19,8,MATCH($R$21,$A$3:$G$3,0)) -> 14 | V27: =$K$7*INDEX($A$3:$G$19,5,MATCH($R$21,$A$3:$G$3,0))+(R27-1)*$K$8*INDEX($A$3:$G$19,9,MATCH($R$21,$A$3:$G$3,0)) -> 20 | W27: =$O$1*INDEX($A$3:$G$19,10,MATCH($R$21,$A$3:$G$3,0))+(R27-1)*$O$2*INDEX($A$3:$G$19,13,MATCH($R$21,$A$3:$G$3,0))+V27*$M$13 -> 200 | X27: =$O$3*INDEX($A$3:$G$19,11,MATCH($R$21,$A$3:$G$3,0))+(R27-1)*$O$4*INDEX($A$3:$G$19,14,MATCH($R$21,$A$3:$G$3,0)) -> 100 | Y27: =$O$7*INDEX($A$3:$G$19,16,MATCH($R$21,$A$3:$G$3,0))+$M$15*IF(OR($R$21="战士",$R$21="佣兵战士"),S27,IF(OR($R$21="猎人",$R$21="佣兵猎人"),T27,U27)) -> 18.5 | Z27: =$O$8*INDEX($A$3:$G$19,17,MATCH($R$21,$A$3:$G$3,0))+$P$15*IF(OR($R$21="战士",$R$21="佣兵战士"),S27,IF(OR($R$21="猎人",$R$21="佣兵猎人"),T27,U27)) -> 37 | AA27: =$O$5*INDEX($A$3:$G$19,12,MATCH($R$21,$A$3:$G$3,0))+(R27-1)*$O$6*INDEX($A$3:$G$19,15,MATCH($R$21,$A$3:$G$3,0)) -> 0 | AB27: =S27*$M$10 -> 14 | AC27: =U27*$M$12 -> 14 | AD27: =T27*$M$11 -> 27 | AE27: =S27*$P$10 -> 14 | AF27: =T27*$P$11 -> 5.4 | AG27: =V27*$P$13 -> 20 | AI27: 5 | AJ27: =$K$1*INDEX($A$3:$G$19,2,MATCH($AI$21,$A$3:$G$3,0))+(AI27-1)*$K$2*INDEX($A$3:$G$19,6,MATCH($AI$21,$A$3:$G$3,0)) -> 14 | AK27: =$K$3*INDEX($A$3:$G$19,3,MATCH($AI$21,$A$3:$G$3,0))+(AI27-1)*$K$4*INDEX($A$3:$G$19,7,MATCH($AI$21,$A$3:$G$3,0)) -> 14 | AL27: =$K$5*INDEX($A$3:$G$19,4,MATCH($AI$21,$A$3:$G$3,0))+(AI27-1)*$K$6*INDEX($A$3:$G$19,8,MATCH($AI$21,$A$3:$G$3,0)) -> 27 | AM27: =$K$7*INDEX($A$3:$G$19,5,MATCH($AI$21,$A$3:$G$3,0))+(AI27-1)*$K$8*INDEX($A$3:$G$19,9,MATCH($AI$21,$A$3:$G$3,0)) -> 20 | AN27: =$O$1*INDEX($A$3:$G$19,10,MATCH($AI$21,$A$3:$G$3,0))+(AI27-1)*$O$2*INDEX($A$3:$G$19,13,MATCH($AI$21,$A$3:$G$3,0))+AM27*$M$13 -> 200 | AO27: =$O$3*INDEX($A$3:$G$19,11,MATCH($AI$21,$A$3:$G$3,0))+(AI27-1)*$O$4*INDEX($A$3:$G$19,14,MATCH($AI$21,$A$3:$G$3,0)) -> 100 | AP27: =$O$7*INDEX($A$3:$G$19,16,MATCH($AI$21,$A$3:$G$3,0))+$M$15*IF(OR($AI$21="战士",$AI$21="佣兵战士"),AJ27,IF(OR($AI$21="猎人",$AI$21="佣兵猎人"),AK27,AL27)) -> 18.5 | AQ27: =$O$8*INDEX($A$3:$G$19,17,MATCH($AI$21,$A$3:$G$3,0))+$P$15*IF(OR($AI$21="战士",$AI$21="佣兵战士"),AJ27,IF(OR($AI$21="猎人",$AI$21="佣兵猎人"),AK27,AL27)) -> 37 | AR27: =$O$5*INDEX($A$3:$G$19,12,MATCH($AI$21,$A$3:$G$3,0))+(AI27-1)*$O$6*INDEX($A$3:$G$19,15,MATCH($AI$21,$A$3:$G$3,0)) -> 0 | AS27: =AJ27*$M$10 -> 14 | AT27: =AL27*$M$12 -> 27 | AU27: =AK27*$M$11 -> 14 | AV27: =AJ27*$P$10 -> 14 | AW27: =AK27*$P$11 -> 2.8 | AX27: =AM27*$P$13 -> 20
A28: 6 | B28: =$K$1*INDEX($A$3:$G$19,2,MATCH($A$21,$A$3:$G$3,0))+(A28-1)*$K$2*INDEX($A$3:$G$19,6,MATCH($A$21,$A$3:$G$3,0)) -> 29 | C28: =$K$3*INDEX($A$3:$G$19,3,MATCH($A$21,$A$3:$G$3,0))+(A28-1)*$K$4*INDEX($A$3:$G$19,7,MATCH($A$21,$A$3:$G$3,0)) -> 15 | D28: =$K$5*INDEX($A$3:$G$19,4,MATCH($A$21,$A$3:$G$3,0))+(A28-1)*$K$6*INDEX($A$3:$G$19,8,MATCH($A$21,$A$3:$G$3,0)) -> 15 | E28: =$K$7*INDEX($A$3:$G$19,5,MATCH($A$21,$A$3:$G$3,0))+(A28-1)*$K$8*INDEX($A$3:$G$19,9,MATCH($A$21,$A$3:$G$3,0)) -> 23 | F28: =$O$1*INDEX($A$3:$G$19,10,MATCH($A$21,$A$3:$G$3,0))+(A28-1)*$O$2*INDEX($A$3:$G$19,13,MATCH($A$21,$A$3:$G$3,0))+E28*$M$13 -> 230 | G28: =$O$3*INDEX($A$3:$G$19,11,MATCH($A$21,$A$3:$G$3,0))+(A28-1)*$O$4*INDEX($A$3:$G$19,14,MATCH($A$21,$A$3:$G$3,0)) -> 120 | H28: =$O$7*INDEX($A$3:$G$19,16,MATCH($A$21,$A$3:$G$3,0))+$M$15*IF(OR($A$21="战士",$A$21="佣兵战士"),B28,IF(OR($A$21="猎人",$A$21="佣兵猎人"),C28,D28)) -> 19.5 | I28: =$O$8*INDEX($A$3:$G$19,17,MATCH($A$21,$A$3:$G$3,0))+$P$15*IF(OR($A$21="战士",$A$21="佣兵战士"),B28,IF(OR($A$21="猎人",$A$21="佣兵猎人"),C28,D28)) -> 39 | J28: =$O$5*INDEX($A$3:$G$19,12,MATCH($A$21,$A$3:$G$3,0))+(A28-1)*$O$6*INDEX($A$3:$G$19,15,MATCH($A$21,$A$3:$G$3,0)) -> 0 | K28: =B28*$M$10 -> 29 | L28: =D28*$M$12 -> 15 | M28: =C28*$M$11 -> 15 | N28: =B28*$P$10 -> 29 | O28: =C28*$P$11 -> 3 | P28: =E28*$P$13 -> 23 | R28: 6 | S28: =$K$1*INDEX($A$3:$G$19,2,MATCH($R$21,$A$3:$G$3,0))+(R28-1)*$K$2*INDEX($A$3:$G$19,6,MATCH($R$21,$A$3:$G$3,0)) -> 15 | T28: =$K$3*INDEX($A$3:$G$19,3,MATCH($R$21,$A$3:$G$3,0))+(R28-1)*$K$4*INDEX($A$3:$G$19,7,MATCH($R$21,$A$3:$G$3,0)) -> 30 | U28: =$K$5*INDEX($A$3:$G$19,4,MATCH($R$21,$A$3:$G$3,0))+(R28-1)*$K$6*INDEX($A$3:$G$19,8,MATCH($R$21,$A$3:$G$3,0)) -> 15 | V28: =$K$7*INDEX($A$3:$G$19,5,MATCH($R$21,$A$3:$G$3,0))+(R28-1)*$K$8*INDEX($A$3:$G$19,9,MATCH($R$21,$A$3:$G$3,0)) -> 22 | W28: =$O$1*INDEX($A$3:$G$19,10,MATCH($R$21,$A$3:$G$3,0))+(R28-1)*$O$2*INDEX($A$3:$G$19,13,MATCH($R$21,$A$3:$G$3,0))+V28*$M$13 -> 220 | X28: =$O$3*INDEX($A$3:$G$19,11,MATCH($R$21,$A$3:$G$3,0))+(R28-1)*$O$4*INDEX($A$3:$G$19,14,MATCH($R$21,$A$3:$G$3,0)) -> 120 | Y28: =$O$7*INDEX($A$3:$G$19,16,MATCH($R$21,$A$3:$G$3,0))+$M$15*IF(OR($R$21="战士",$R$21="佣兵战士"),S28,IF(OR($R$21="猎人",$R$21="佣兵猎人"),T28,U28)) -> 20 | Z28: =$O$8*INDEX($A$3:$G$19,17,MATCH($R$21,$A$3:$G$3,0))+$P$15*IF(OR($R$21="战士",$R$21="佣兵战士"),S28,IF(OR($R$21="猎人",$R$21="佣兵猎人"),T28,U28)) -> 40 | AA28: =$O$5*INDEX($A$3:$G$19,12,MATCH($R$21,$A$3:$G$3,0))+(R28-1)*$O$6*INDEX($A$3:$G$19,15,MATCH($R$21,$A$3:$G$3,0)) -> 0 | AB28: =S28*$M$10 -> 15 | AC28: =U28*$M$12 -> 15 | AD28: =T28*$M$11 -> 30 | AE28: =S28*$P$10 -> 15 | AF28: =T28*$P$11 -> 6 | AG28: =V28*$P$13 -> 22 | AI28: 6 | AJ28: =$K$1*INDEX($A$3:$G$19,2,MATCH($AI$21,$A$3:$G$3,0))+(AI28-1)*$K$2*INDEX($A$3:$G$19,6,MATCH($AI$21,$A$3:$G$3,0)) -> 15 | AK28: =$K$3*INDEX($A$3:$G$19,3,MATCH($AI$21,$A$3:$G$3,0))+(AI28-1)*$K$4*INDEX($A$3:$G$19,7,MATCH($AI$21,$A$3:$G$3,0)) -> 15 | AL28: =$K$5*INDEX($A$3:$G$19,4,MATCH($AI$21,$A$3:$G$3,0))+(AI28-1)*$K$6*INDEX($A$3:$G$19,8,MATCH($AI$21,$A$3:$G$3,0)) -> 30 | AM28: =$K$7*INDEX($A$3:$G$19,5,MATCH($AI$21,$A$3:$G$3,0))+(AI28-1)*$K$8*INDEX($A$3:$G$19,9,MATCH($AI$21,$A$3:$G$3,0)) -> 22 | AN28: =$O$1*INDEX($A$3:$G$19,10,MATCH($AI$21,$A$3:$G$3,0))+(AI28-1)*$O$2*INDEX($A$3:$G$19,13,MATCH($AI$21,$A$3:$G$3,0))+AM28*$M$13 -> 220 | AO28: =$O$3*INDEX($A$3:$G$19,11,MATCH($AI$21,$A$3:$G$3,0))+(AI28-1)*$O$4*INDEX($A$3:$G$19,14,MATCH($AI$21,$A$3:$G$3,0)) -> 120 | AP28: =$O$7*INDEX($A$3:$G$19,16,MATCH($AI$21,$A$3:$G$3,0))+$M$15*IF(OR($AI$21="战士",$AI$21="佣兵战士"),AJ28,IF(OR($AI$21="猎人",$AI$21="佣兵猎人"),AK28,AL28)) -> 20 | AQ28: =$O$8*INDEX($A$3:$G$19,17,MATCH($AI$21,$A$3:$G$3,0))+$P$15*IF(OR($AI$21="战士",$AI$21="佣兵战士"),AJ28,IF(OR($AI$21="猎人",$AI$21="佣兵猎人"),AK28,AL28)) -> 40 | AR28: =$O$5*INDEX($A$3:$G$19,12,MATCH($AI$21,$A$3:$G$3,0))+(AI28-1)*$O$6*INDEX($A$3:$G$19,15,MATCH($AI$21,$A$3:$G$3,0)) -> 0 | AS28: =AJ28*$M$10 -> 15 | AT28: =AL28*$M$12 -> 30 | AU28: =AK28*$M$11 -> 15 | AV28: =AJ28*$P$10 -> 15 | AW28: =AK28*$P$11 -> 3 | AX28: =AM28*$P$13 -> 22
A29: 7 | B29: =$K$1*INDEX($A$3:$G$19,2,MATCH($A$21,$A$3:$G$3,0))+(A29-1)*$K$2*INDEX($A$3:$G$19,6,MATCH($A$21,$A$3:$G$3,0)) -> 32 | C29: =$K$3*INDEX($A$3:$G$19,3,MATCH($A$21,$A$3:$G$3,0))+(A29-1)*$K$4*INDEX($A$3:$G$19,7,MATCH($A$21,$A$3:$G$3,0)) -> 16 | D29: =$K$5*INDEX($A$3:$G$19,4,MATCH($A$21,$A$3:$G$3,0))+(A29-1)*$K$6*INDEX($A$3:$G$19,8,MATCH($A$21,$A$3:$G$3,0)) -> 16 | E29: =$K$7*INDEX($A$3:$G$19,5,MATCH($A$21,$A$3:$G$3,0))+(A29-1)*$K$8*INDEX($A$3:$G$19,9,MATCH($A$21,$A$3:$G$3,0)) -> 25 | F29: =$O$1*INDEX($A$3:$G$19,10,MATCH($A$21,$A$3:$G$3,0))+(A29-1)*$O$2*INDEX($A$3:$G$19,13,MATCH($A$21,$A$3:$G$3,0))+E29*$M$13 -> 250 | G29: =$O$3*INDEX($A$3:$G$19,11,MATCH($A$21,$A$3:$G$3,0))+(A29-1)*$O$4*INDEX($A$3:$G$19,14,MATCH($A$21,$A$3:$G$3,0)) -> 140 | H29: =$O$7*INDEX($A$3:$G$19,16,MATCH($A$21,$A$3:$G$3,0))+$M$15*IF(OR($A$21="战士",$A$21="佣兵战士"),B29,IF(OR($A$21="猎人",$A$21="佣兵猎人"),C29,D29)) -> 21 | I29: =$O$8*INDEX($A$3:$G$19,17,MATCH($A$21,$A$3:$G$3,0))+$P$15*IF(OR($A$21="战士",$A$21="佣兵战士"),B29,IF(OR($A$21="猎人",$A$21="佣兵猎人"),C29,D29)) -> 42 | J29: =$O$5*INDEX($A$3:$G$19,12,MATCH($A$21,$A$3:$G$3,0))+(A29-1)*$O$6*INDEX($A$3:$G$19,15,MATCH($A$21,$A$3:$G$3,0)) -> 0 | K29: =B29*$M$10 -> 32 | L29: =D29*$M$12 -> 16 | M29: =C29*$M$11 -> 16 | N29: =B29*$P$10 -> 32 | O29: =C29*$P$11 -> 3.2 | P29: =E29*$P$13 -> 25 | R29: 7 | S29: =$K$1*INDEX($A$3:$G$19,2,MATCH($R$21,$A$3:$G$3,0))+(R29-1)*$K$2*INDEX($A$3:$G$19,6,MATCH($R$21,$A$3:$G$3,0)) -> 16 | T29: =$K$3*INDEX($A$3:$G$19,3,MATCH($R$21,$A$3:$G$3,0))+(R29-1)*$K$4*INDEX($A$3:$G$19,7,MATCH($R$21,$A$3:$G$3,0)) -> 33 | U29: =$K$5*INDEX($A$3:$G$19,4,MATCH($R$21,$A$3:$G$3,0))+(R29-1)*$K$6*INDEX($A$3:$G$19,8,MATCH($R$21,$A$3:$G$3,0)) -> 16 | V29: =$K$7*INDEX($A$3:$G$19,5,MATCH($R$21,$A$3:$G$3,0))+(R29-1)*$K$8*INDEX($A$3:$G$19,9,MATCH($R$21,$A$3:$G$3,0)) -> 24 | W29: =$O$1*INDEX($A$3:$G$19,10,MATCH($R$21,$A$3:$G$3,0))+(R29-1)*$O$2*INDEX($A$3:$G$19,13,MATCH($R$21,$A$3:$G$3,0))+V29*$M$13 -> 240 | X29: =$O$3*INDEX($A$3:$G$19,11,MATCH($R$21,$A$3:$G$3,0))+(R29-1)*$O$4*INDEX($A$3:$G$19,14,MATCH($R$21,$A$3:$G$3,0)) -> 140 | Y29: =$O$7*INDEX($A$3:$G$19,16,MATCH($R$21,$A$3:$G$3,0))+$M$15*IF(OR($R$21="战士",$R$21="佣兵战士"),S29,IF(OR($R$21="猎人",$R$21="佣兵猎人"),T29,U29)) -> 21.5 | Z29: =$O$8*INDEX($A$3:$G$19,17,MATCH($R$21,$A$3:$G$3,0))+$P$15*IF(OR($R$21="战士",$R$21="佣兵战士"),S29,IF(OR($R$21="猎人",$R$21="佣兵猎人"),T29,U29)) -> 43 | AA29: =$O$5*INDEX($A$3:$G$19,12,MATCH($R$21,$A$3:$G$3,0))+(R29-1)*$O$6*INDEX($A$3:$G$19,15,MATCH($R$21,$A$3:$G$3,0)) -> 0 | AB29: =S29*$M$10 -> 16 | AC29: =U29*$M$12 -> 16 | AD29: =T29*$M$11 -> 33 | AE29: =S29*$P$10 -> 16 | AF29: =T29*$P$11 -> 6.6 | AG29: =V29*$P$13 -> 24 | AI29: 7 | AJ29: =$K$1*INDEX($A$3:$G$19,2,MATCH($AI$21,$A$3:$G$3,0))+(AI29-1)*$K$2*INDEX($A$3:$G$19,6,MATCH($AI$21,$A$3:$G$3,0)) -> 16 | AK29: =$K$3*INDEX($A$3:$G$19,3,MATCH($AI$21,$A$3:$G$3,0))+(AI29-1)*$K$4*INDEX($A$3:$G$19,7,MATCH($AI$21,$A$3:$G$3,0)) -> 16 | AL29: =$K$5*INDEX($A$3:$G$19,4,MATCH($AI$21,$A$3:$G$3,0))+(AI29-1)*$K$6*INDEX($A$3:$G$19,8,MATCH($AI$21,$A$3:$G$3,0)) -> 33 | AM29: =$K$7*INDEX($A$3:$G$19,5,MATCH($AI$21,$A$3:$G$3,0))+(AI29-1)*$K$8*INDEX($A$3:$G$19,9,MATCH($AI$21,$A$3:$G$3,0)) -> 24 | AN29: =$O$1*INDEX($A$3:$G$19,10,MATCH($AI$21,$A$3:$G$3,0))+(AI29-1)*$O$2*INDEX($A$3:$G$19,13,MATCH($AI$21,$A$3:$G$3,0))+AM29*$M$13 -> 240 | AO29: =$O$3*INDEX($A$3:$G$19,11,MATCH($AI$21,$A$3:$G$3,0))+(AI29-1)*$O$4*INDEX($A$3:$G$19,14,MATCH($AI$21,$A$3:$G$3,0)) -> 140 | AP29: =$O$7*INDEX($A$3:$G$19,16,MATCH($AI$21,$A$3:$G$3,0))+$M$15*IF(OR($AI$21="战士",$AI$21="佣兵战士"),AJ29,IF(OR($AI$21="猎人",$AI$21="佣兵猎人"),AK29,AL29)) -> 21.5 | AQ29: =$O$8*INDEX($A$3:$G$19,17,MATCH($AI$21,$A$3:$G$3,0))+$P$15*IF(OR($AI$21="战士",$AI$21="佣兵战士"),AJ29,IF(OR($AI$21="猎人",$AI$21="佣兵猎人"),AK29,AL29)) -> 43 | AR29: =$O$5*INDEX($A$3:$G$19,12,MATCH($AI$21,$A$3:$G$3,0))+(AI29-1)*$O$6*INDEX($A$3:$G$19,15,MATCH($AI$21,$A$3:$G$3,0)) -> 0 | AS29: =AJ29*$M$10 -> 16 | AT29: =AL29*$M$12 -> 33 | AU29: =AK29*$M$11 -> 16 | AV29: =AJ29*$P$10 -> 16 | AW29: =AK29*$P$11 -> 3.2 | AX29: =AM29*$P$13 -> 24
A30: 8 | B30: =$K$1*INDEX($A$3:$G$19,2,MATCH($A$21,$A$3:$G$3,0))+(A30-1)*$K$2*INDEX($A$3:$G$19,6,MATCH($A$21,$A$3:$G$3,0)) -> 35 | C30: =$K$3*INDEX($A$3:$G$19,3,MATCH($A$21,$A$3:$G$3,0))+(A30-1)*$K$4*INDEX($A$3:$G$19,7,MATCH($A$21,$A$3:$G$3,0)) -> 17 | D30: =$K$5*INDEX($A$3:$G$19,4,MATCH($A$21,$A$3:$G$3,0))+(A30-1)*$K$6*INDEX($A$3:$G$19,8,MATCH($A$21,$A$3:$G$3,0)) -> 17 | E30: =$K$7*INDEX($A$3:$G$19,5,MATCH($A$21,$A$3:$G$3,0))+(A30-1)*$K$8*INDEX($A$3:$G$19,9,MATCH($A$21,$A$3:$G$3,0)) -> 27 | F30: =$O$1*INDEX($A$3:$G$19,10,MATCH($A$21,$A$3:$G$3,0))+(A30-1)*$O$2*INDEX($A$3:$G$19,13,MATCH($A$21,$A$3:$G$3,0))+E30*$M$13 -> 270 | G30: =$O$3*INDEX($A$3:$G$19,11,MATCH($A$21,$A$3:$G$3,0))+(A30-1)*$O$4*INDEX($A$3:$G$19,14,MATCH($A$21,$A$3:$G$3,0)) -> 160 | H30: =$O$7*INDEX($A$3:$G$19,16,MATCH($A$21,$A$3:$G$3,0))+$M$15*IF(OR($A$21="战士",$A$21="佣兵战士"),B30,IF(OR($A$21="猎人",$A$21="佣兵猎人"),C30,D30)) -> 22.5 | I30: =$O$8*INDEX($A$3:$G$19,17,MATCH($A$21,$A$3:$G$3,0))+$P$15*IF(OR($A$21="战士",$A$21="佣兵战士"),B30,IF(OR($A$21="猎人",$A$21="佣兵猎人"),C30,D30)) -> 45 | J30: =$O$5*INDEX($A$3:$G$19,12,MATCH($A$21,$A$3:$G$3,0))+(A30-1)*$O$6*INDEX($A$3:$G$19,15,MATCH($A$21,$A$3:$G$3,0)) -> 0 | K30: =B30*$M$10 -> 35 | L30: =D30*$M$12 -> 17 | M30: =C30*$M$11 -> 17 | N30: =B30*$P$10 -> 35 | O30: =C30*$P$11 -> 3.4 | P30: =E30*$P$13 -> 27 | R30: 8 | S30: =$K$1*INDEX($A$3:$G$19,2,MATCH($R$21,$A$3:$G$3,0))+(R30-1)*$K$2*INDEX($A$3:$G$19,6,MATCH($R$21,$A$3:$G$3,0)) -> 17 | T30: =$K$3*INDEX($A$3:$G$19,3,MATCH($R$21,$A$3:$G$3,0))+(R30-1)*$K$4*INDEX($A$3:$G$19,7,MATCH($R$21,$A$3:$G$3,0)) -> 36 | U30: =$K$5*INDEX($A$3:$G$19,4,MATCH($R$21,$A$3:$G$3,0))+(R30-1)*$K$6*INDEX($A$3:$G$19,8,MATCH($R$21,$A$3:$G$3,0)) -> 17 | V30: =$K$7*INDEX($A$3:$G$19,5,MATCH($R$21,$A$3:$G$3,0))+(R30-1)*$K$8*INDEX($A$3:$G$19,9,MATCH($R$21,$A$3:$G$3,0)) -> 26 | W30: =$O$1*INDEX($A$3:$G$19,10,MATCH($R$21,$A$3:$G$3,0))+(R30-1)*$O$2*INDEX($A$3:$G$19,13,MATCH($R$21,$A$3:$G$3,0))+V30*$M$13 -> 260 | X30: =$O$3*INDEX($A$3:$G$19,11,MATCH($R$21,$A$3:$G$3,0))+(R30-1)*$O$4*INDEX($A$3:$G$19,14,MATCH($R$21,$A$3:$G$3,0)) -> 160 | Y30: =$O$7*INDEX($A$3:$G$19,16,MATCH($R$21,$A$3:$G$3,0))+$M$15*IF(OR($R$21="战士",$R$21="佣兵战士"),S30,IF(OR($R$21="猎人",$R$21="佣兵猎人"),T30,U30)) -> 23 | Z30: =$O$8*INDEX($A$3:$G$19,17,MATCH($R$21,$A$3:$G$3,0))+$P$15*IF(OR($R$21="战士",$R$21="佣兵战士"),S30,IF(OR($R$21="猎人",$R$21="佣兵猎人"),T30,U30)) -> 46 | AA30: =$O$5*INDEX($A$3:$G$19,12,MATCH($R$21,$A$3:$G$3,0))+(R30-1)*$O$6*INDEX($A$3:$G$19,15,MATCH($R$21,$A$3:$G$3,0)) -> 0 | AB30: =S30*$M$10 -> 17 | AC30: =U30*$M$12 -> 17 | AD30: =T30*$M$11 -> 36 | AE30: =S30*$P$10 -> 17 | AF30: =T30*$P$11 -> 7.2 | AG30: =V30*$P$13 -> 26 | AI30: 8 | AJ30: =$K$1*INDEX($A$3:$G$19,2,MATCH($AI$21,$A$3:$G$3,0))+(AI30-1)*$K$2*INDEX($A$3:$G$19,6,MATCH($AI$21,$A$3:$G$3,0)) -> 17 | AK30: =$K$3*INDEX($A$3:$G$19,3,MATCH($AI$21,$A$3:$G$3,0))+(AI30-1)*$K$4*INDEX($A$3:$G$19,7,MATCH($AI$21,$A$3:$G$3,0)) -> 17 | AL30: =$K$5*INDEX($A$3:$G$19,4,MATCH($AI$21,$A$3:$G$3,0))+(AI30-1)*$K$6*INDEX($A$3:$G$19,8,MATCH($AI$21,$A$3:$G$3,0)) -> 36 | AM30: =$K$7*INDEX($A$3:$G$19,5,MATCH($AI$21,$A$3:$G$3,0))+(AI30-1)*$K$8*INDEX($A$3:$G$19,9,MATCH($AI$21,$A$3:$G$3,0)) -> 26 | AN30: =$O$1*INDEX($A$3:$G$19,10,MATCH($AI$21,$A$3:$G$3,0))+(AI30-1)*$O$2*INDEX($A$3:$G$19,13,MATCH($AI$21,$A$3:$G$3,0))+AM30*$M$13 -> 260 | AO30: =$O$3*INDEX($A$3:$G$19,11,MATCH($AI$21,$A$3:$G$3,0))+(AI30-1)*$O$4*INDEX($A$3:$G$19,14,MATCH($AI$21,$A$3:$G$3,0)) -> 160 | AP30: =$O$7*INDEX($A$3:$G$19,16,MATCH($AI$21,$A$3:$G$3,0))+$M$15*IF(OR($AI$21="战士",$AI$21="佣兵战士"),AJ30,IF(OR($AI$21="猎人",$AI$21="佣兵猎人"),AK30,AL30)) -> 23 | AQ30: =$O$8*INDEX($A$3:$G$19,17,MATCH($AI$21,$A$3:$G$3,0))+$P$15*IF(OR($AI$21="战士",$AI$21="佣兵战士"),AJ30,IF(OR($AI$21="猎人",$AI$21="佣兵猎人"),AK30,AL30)) -> 46 | AR30: =$O$5*INDEX($A$3:$G$19,12,MATCH($AI$21,$A$3:$G$3,0))+(AI30-1)*$O$6*INDEX($A$3:$G$19,15,MATCH($AI$21,$A$3:$G$3,0)) -> 0 | AS30: =AJ30*$M$10 -> 17 | AT30: =AL30*$M$12 -> 36 | AU30: =AK30*$M$11 -> 17 | AV30: =AJ30*$P$10 -> 17 | AW30: =AK30*$P$11 -> 3.4 | AX30: =AM30*$P$13 -> 26
A31: 9 | B31: =$K$1*INDEX($A$3:$G$19,2,MATCH($A$21,$A$3:$G$3,0))+(A31-1)*$K$2*INDEX($A$3:$G$19,6,MATCH($A$21,$A$3:$G$3,0)) -> 38 | C31: =$K$3*INDEX($A$3:$G$19,3,MATCH($A$21,$A$3:$G$3,0))+(A31-1)*$K$4*INDEX($A$3:$G$19,7,MATCH($A$21,$A$3:$G$3,0)) -> 18 | D31: =$K$5*INDEX($A$3:$G$19,4,MATCH($A$21,$A$3:$G$3,0))+(A31-1)*$K$6*INDEX($A$3:$G$19,8,MATCH($A$21,$A$3:$G$3,0)) -> 18 | E31: =$K$7*INDEX($A$3:$G$19,5,MATCH($A$21,$A$3:$G$3,0))+(A31-1)*$K$8*INDEX($A$3:$G$19,9,MATCH($A$21,$A$3:$G$3,0)) -> 29 | F31: =$O$1*INDEX($A$3:$G$19,10,MATCH($A$21,$A$3:$G$3,0))+(A31-1)*$O$2*INDEX($A$3:$G$19,13,MATCH($A$21,$A$3:$G$3,0))+E31*$M$13 -> 290 | G31: =$O$3*INDEX($A$3:$G$19,11,MATCH($A$21,$A$3:$G$3,0))+(A31-1)*$O$4*INDEX($A$3:$G$19,14,MATCH($A$21,$A$3:$G$3,0)) -> 180 | H31: =$O$7*INDEX($A$3:$G$19,16,MATCH($A$21,$A$3:$G$3,0))+$M$15*IF(OR($A$21="战士",$A$21="佣兵战士"),B31,IF(OR($A$21="猎人",$A$21="佣兵猎人"),C31,D31)) -> 24 | I31: =$O$8*INDEX($A$3:$G$19,17,MATCH($A$21,$A$3:$G$3,0))+$P$15*IF(OR($A$21="战士",$A$21="佣兵战士"),B31,IF(OR($A$21="猎人",$A$21="佣兵猎人"),C31,D31)) -> 48 | J31: =$O$5*INDEX($A$3:$G$19,12,MATCH($A$21,$A$3:$G$3,0))+(A31-1)*$O$6*INDEX($A$3:$G$19,15,MATCH($A$21,$A$3:$G$3,0)) -> 0 | K31: =B31*$M$10 -> 38 | L31: =D31*$M$12 -> 18 | M31: =C31*$M$11 -> 18 | N31: =B31*$P$10 -> 38 | O31: =C31*$P$11 -> 3.6 | P31: =E31*$P$13 -> 29 | R31: 9 | S31: =$K$1*INDEX($A$3:$G$19,2,MATCH($R$21,$A$3:$G$3,0))+(R31-1)*$K$2*INDEX($A$3:$G$19,6,MATCH($R$21,$A$3:$G$3,0)) -> 18 | T31: =$K$3*INDEX($A$3:$G$19,3,MATCH($R$21,$A$3:$G$3,0))+(R31-1)*$K$4*INDEX($A$3:$G$19,7,MATCH($R$21,$A$3:$G$3,0)) -> 39 | U31: =$K$5*INDEX($A$3:$G$19,4,MATCH($R$21,$A$3:$G$3,0))+(R31-1)*$K$6*INDEX($A$3:$G$19,8,MATCH($R$21,$A$3:$G$3,0)) -> 18 | V31: =$K$7*INDEX($A$3:$G$19,5,MATCH($R$21,$A$3:$G$3,0))+(R31-1)*$K$8*INDEX($A$3:$G$19,9,MATCH($R$21,$A$3:$G$3,0)) -> 28 | W31: =$O$1*INDEX($A$3:$G$19,10,MATCH($R$21,$A$3:$G$3,0))+(R31-1)*$O$2*INDEX($A$3:$G$19,13,MATCH($R$21,$A$3:$G$3,0))+V31*$M$13 -> 280 | X31: =$O$3*INDEX($A$3:$G$19,11,MATCH($R$21,$A$3:$G$3,0))+(R31-1)*$O$4*INDEX($A$3:$G$19,14,MATCH($R$21,$A$3:$G$3,0)) -> 180 | Y31: =$O$7*INDEX($A$3:$G$19,16,MATCH($R$21,$A$3:$G$3,0))+$M$15*IF(OR($R$21="战士",$R$21="佣兵战士"),S31,IF(OR($R$21="猎人",$R$21="佣兵猎人"),T31,U31)) -> 24.5 | Z31: =$O$8*INDEX($A$3:$G$19,17,MATCH($R$21,$A$3:$G$3,0))+$P$15*IF(OR($R$21="战士",$R$21="佣兵战士"),S31,IF(OR($R$21="猎人",$R$21="佣兵猎人"),T31,U31)) -> 49 | AA31: =$O$5*INDEX($A$3:$G$19,12,MATCH($R$21,$A$3:$G$3,0))+(R31-1)*$O$6*INDEX($A$3:$G$19,15,MATCH($R$21,$A$3:$G$3,0)) -> 0 | AB31: =S31*$M$10 -> 18 | AC31: =U31*$M$12 -> 18 | AD31: =T31*$M$11 -> 39 | AE31: =S31*$P$10 -> 18 | AF31: =T31*$P$11 -> 7.8 | AG31: =V31*$P$13 -> 28 | AI31: 9 | AJ31: =$K$1*INDEX($A$3:$G$19,2,MATCH($AI$21,$A$3:$G$3,0))+(AI31-1)*$K$2*INDEX($A$3:$G$19,6,MATCH($AI$21,$A$3:$G$3,0)) -> 18 | AK31: =$K$3*INDEX($A$3:$G$19,3,MATCH($AI$21,$A$3:$G$3,0))+(AI31-1)*$K$4*INDEX($A$3:$G$19,7,MATCH($AI$21,$A$3:$G$3,0)) -> 18 | AL31: =$K$5*INDEX($A$3:$G$19,4,MATCH($AI$21,$A$3:$G$3,0))+(AI31-1)*$K$6*INDEX($A$3:$G$19,8,MATCH($AI$21,$A$3:$G$3,0)) -> 39 | AM31: =$K$7*INDEX($A$3:$G$19,5,MATCH($AI$21,$A$3:$G$3,0))+(AI31-1)*$K$8*INDEX($A$3:$G$19,9,MATCH($AI$21,$A$3:$G$3,0)) -> 28 | AN31: =$O$1*INDEX($A$3:$G$19,10,MATCH($AI$21,$A$3:$G$3,0))+(AI31-1)*$O$2*INDEX($A$3:$G$19,13,MATCH($AI$21,$A$3:$G$3,0))+AM31*$M$13 -> 280 | AO31: =$O$3*INDEX($A$3:$G$19,11,MATCH($AI$21,$A$3:$G$3,0))+(AI31-1)*$O$4*INDEX($A$3:$G$19,14,MATCH($AI$21,$A$3:$G$3,0)) -> 180 | AP31: =$O$7*INDEX($A$3:$G$19,16,MATCH($AI$21,$A$3:$G$3,0))+$M$15*IF(OR($AI$21="战士",$AI$21="佣兵战士"),AJ31,IF(OR($AI$21="猎人",$AI$21="佣兵猎人"),AK31,AL31)) -> 24.5 | AQ31: =$O$8*INDEX($A$3:$G$19,17,MATCH($AI$21,$A$3:$G$3,0))+$P$15*IF(OR($AI$21="战士",$AI$21="佣兵战士"),AJ31,IF(OR($AI$21="猎人",$AI$21="佣兵猎人"),AK31,AL31)) -> 49 | AR31: =$O$5*INDEX($A$3:$G$19,12,MATCH($AI$21,$A$3:$G$3,0))+(AI31-1)*$O$6*INDEX($A$3:$G$19,15,MATCH($AI$21,$A$3:$G$3,0)) -> 0 | AS31: =AJ31*$M$10 -> 18 | AT31: =AL31*$M$12 -> 39 | AU31: =AK31*$M$11 -> 18 | AV31: =AJ31*$P$10 -> 18 | AW31: =AK31*$P$11 -> 3.6 | AX31: =AM31*$P$13 -> 28
A32: 10 | B32: =$K$1*INDEX($A$3:$G$19,2,MATCH($A$21,$A$3:$G$3,0))+(A32-1)*$K$2*INDEX($A$3:$G$19,6,MATCH($A$21,$A$3:$G$3,0)) -> 41 | C32: =$K$3*INDEX($A$3:$G$19,3,MATCH($A$21,$A$3:$G$3,0))+(A32-1)*$K$4*INDEX($A$3:$G$19,7,MATCH($A$21,$A$3:$G$3,0)) -> 19 | D32: =$K$5*INDEX($A$3:$G$19,4,MATCH($A$21,$A$3:$G$3,0))+(A32-1)*$K$6*INDEX($A$3:$G$19,8,MATCH($A$21,$A$3:$G$3,0)) -> 19 | E32: =$K$7*INDEX($A$3:$G$19,5,MATCH($A$21,$A$3:$G$3,0))+(A32-1)*$K$8*INDEX($A$3:$G$19,9,MATCH($A$21,$A$3:$G$3,0)) -> 31 | F32: =$O$1*INDEX($A$3:$G$19,10,MATCH($A$21,$A$3:$G$3,0))+(A32-1)*$O$2*INDEX($A$3:$G$19,13,MATCH($A$21,$A$3:$G$3,0))+E32*$M$13 -> 310 | G32: =$O$3*INDEX($A$3:$G$19,11,MATCH($A$21,$A$3:$G$3,0))+(A32-1)*$O$4*INDEX($A$3:$G$19,14,MATCH($A$21,$A$3:$G$3,0)) -> 200 | H32: =$O$7*INDEX($A$3:$G$19,16,MATCH($A$21,$A$3:$G$3,0))+$M$15*IF(OR($A$21="战士",$A$21="佣兵战士"),B32,IF(OR($A$21="猎人",$A$21="佣兵猎人"),C32,D32)) -> 25.5 | I32: =$O$8*INDEX($A$3:$G$19,17,MATCH($A$21,$A$3:$G$3,0))+$P$15*IF(OR($A$21="战士",$A$21="佣兵战士"),B32,IF(OR($A$21="猎人",$A$21="佣兵猎人"),C32,D32)) -> 51 | J32: =$O$5*INDEX($A$3:$G$19,12,MATCH($A$21,$A$3:$G$3,0))+(A32-1)*$O$6*INDEX($A$3:$G$19,15,MATCH($A$21,$A$3:$G$3,0)) -> 0 | K32: =B32*$M$10 -> 41 | L32: =D32*$M$12 -> 19 | M32: =C32*$M$11 -> 19 | N32: =B32*$P$10 -> 41 | O32: =C32*$P$11 -> 3.8 | P32: =E32*$P$13 -> 31 | R32: 10 | S32: =$K$1*INDEX($A$3:$G$19,2,MATCH($R$21,$A$3:$G$3,0))+(R32-1)*$K$2*INDEX($A$3:$G$19,6,MATCH($R$21,$A$3:$G$3,0)) -> 19 | T32: =$K$3*INDEX($A$3:$G$19,3,MATCH($R$21,$A$3:$G$3,0))+(R32-1)*$K$4*INDEX($A$3:$G$19,7,MATCH($R$21,$A$3:$G$3,0)) -> 42 | U32: =$K$5*INDEX($A$3:$G$19,4,MATCH($R$21,$A$3:$G$3,0))+(R32-1)*$K$6*INDEX($A$3:$G$19,8,MATCH($R$21,$A$3:$G$3,0)) -> 19 | V32: =$K$7*INDEX($A$3:$G$19,5,MATCH($R$21,$A$3:$G$3,0))+(R32-1)*$K$8*INDEX($A$3:$G$19,9,MATCH($R$21,$A$3:$G$3,0)) -> 30 | W32: =$O$1*INDEX($A$3:$G$19,10,MATCH($R$21,$A$3:$G$3,0))+(R32-1)*$O$2*INDEX($A$3:$G$19,13,MATCH($R$21,$A$3:$G$3,0))+V32*$M$13 -> 300 | X32: =$O$3*INDEX($A$3:$G$19,11,MATCH($R$21,$A$3:$G$3,0))+(R32-1)*$O$4*INDEX($A$3:$G$19,14,MATCH($R$21,$A$3:$G$3,0)) -> 200 | Y32: =$O$7*INDEX($A$3:$G$19,16,MATCH($R$21,$A$3:$G$3,0))+$M$15*IF(OR($R$21="战士",$R$21="佣兵战士"),S32,IF(OR($R$21="猎人",$R$21="佣兵猎人"),T32,U32)) -> 26 | Z32: =$O$8*INDEX($A$3:$G$19,17,MATCH($R$21,$A$3:$G$3,0))+$P$15*IF(OR($R$21="战士",$R$21="佣兵战士"),S32,IF(OR($R$21="猎人",$R$21="佣兵猎人"),T32,U32)) -> 52 | AA32: =$O$5*INDEX($A$3:$G$19,12,MATCH($R$21,$A$3:$G$3,0))+(R32-1)*$O$6*INDEX($A$3:$G$19,15,MATCH($R$21,$A$3:$G$3,0)) -> 0 | AB32: =S32*$M$10 -> 19 | AC32: =U32*$M$12 -> 19 | AD32: =T32*$M$11 -> 42 | AE32: =S32*$P$10 -> 19 | AF32: =T32*$P$11 -> 8.4 | AG32: =V32*$P$13 -> 30 | AI32: 10 | AJ32: =$K$1*INDEX($A$3:$G$19,2,MATCH($AI$21,$A$3:$G$3,0))+(AI32-1)*$K$2*INDEX($A$3:$G$19,6,MATCH($AI$21,$A$3:$G$3,0)) -> 19 | AK32: =$K$3*INDEX($A$3:$G$19,3,MATCH($AI$21,$A$3:$G$3,0))+(AI32-1)*$K$4*INDEX($A$3:$G$19,7,MATCH($AI$21,$A$3:$G$3,0)) -> 19 | AL32: =$K$5*INDEX($A$3:$G$19,4,MATCH($AI$21,$A$3:$G$3,0))+(AI32-1)*$K$6*INDEX($A$3:$G$19,8,MATCH($AI$21,$A$3:$G$3,0)) -> 42 | AM32: =$K$7*INDEX($A$3:$G$19,5,MATCH($AI$21,$A$3:$G$3,0))+(AI32-1)*$K$8*INDEX($A$3:$G$19,9,MATCH($AI$21,$A$3:$G$3,0)) -> 30 | AN32: =$O$1*INDEX($A$3:$G$19,10,MATCH($AI$21,$A$3:$G$3,0))+(AI32-1)*$O$2*INDEX($A$3:$G$19,13,MATCH($AI$21,$A$3:$G$3,0))+AM32*$M$13 -> 300 | AO32: =$O$3*INDEX($A$3:$G$19,11,MATCH($AI$21,$A$3:$G$3,0))+(AI32-1)*$O$4*INDEX($A$3:$G$19,14,MATCH($AI$21,$A$3:$G$3,0)) -> 200 | AP32: =$O$7*INDEX($A$3:$G$19,16,MATCH($AI$21,$A$3:$G$3,0))+$M$15*IF(OR($AI$21="战士",$AI$21="佣兵战士"),AJ32,IF(OR($AI$21="猎人",$AI$21="佣兵猎人"),AK32,AL32)) -> 26 | AQ32: =$O$8*INDEX($A$3:$G$19,17,MATCH($AI$21,$A$3:$G$3,0))+$P$15*IF(OR($AI$21="战士",$AI$21="佣兵战士"),AJ32,IF(OR($AI$21="猎人",$AI$21="佣兵猎人"),AK32,AL32)) -> 52 | AR32: =$O$5*INDEX($A$3:$G$19,12,MATCH($AI$21,$A$3:$G$3,0))+(AI32-1)*$O$6*INDEX($A$3:$G$19,15,MATCH($AI$21,$A$3:$G$3,0)) -> 0 | AS32: =AJ32*$M$10 -> 19 | AT32: =AL32*$M$12 -> 42 | AU32: =AK32*$M$11 -> 19 | AV32: =AJ32*$P$10 -> 19 | AW32: =AK32*$P$11 -> 3.8 | AX32: =AM32*$P$13 -> 30
A33: 11 | B33: =$K$1*INDEX($A$3:$G$19,2,MATCH($A$21,$A$3:$G$3,0))+(A33-1)*$K$2*INDEX($A$3:$G$19,6,MATCH($A$21,$A$3:$G$3,0)) -> 44 | C33: =$K$3*INDEX($A$3:$G$19,3,MATCH($A$21,$A$3:$G$3,0))+(A33-1)*$K$4*INDEX($A$3:$G$19,7,MATCH($A$21,$A$3:$G$3,0)) -> 20 | D33: =$K$5*INDEX($A$3:$G$19,4,MATCH($A$21,$A$3:$G$3,0))+(A33-1)*$K$6*INDEX($A$3:$G$19,8,MATCH($A$21,$A$3:$G$3,0)) -> 20 | E33: =$K$7*INDEX($A$3:$G$19,5,MATCH($A$21,$A$3:$G$3,0))+(A33-1)*$K$8*INDEX($A$3:$G$19,9,MATCH($A$21,$A$3:$G$3,0)) -> 33 | F33: =$O$1*INDEX($A$3:$G$19,10,MATCH($A$21,$A$3:$G$3,0))+(A33-1)*$O$2*INDEX($A$3:$G$19,13,MATCH($A$21,$A$3:$G$3,0))+E33*$M$13 -> 330 | G33: =$O$3*INDEX($A$3:$G$19,11,MATCH($A$21,$A$3:$G$3,0))+(A33-1)*$O$4*INDEX($A$3:$G$19,14,MATCH($A$21,$A$3:$G$3,0)) -> 220 | H33: =$O$7*INDEX($A$3:$G$19,16,MATCH($A$21,$A$3:$G$3,0))+$M$15*IF(OR($A$21="战士",$A$21="佣兵战士"),B33,IF(OR($A$21="猎人",$A$21="佣兵猎人"),C33,D33)) -> 27 | I33: =$O$8*INDEX($A$3:$G$19,17,MATCH($A$21,$A$3:$G$3,0))+$P$15*IF(OR($A$21="战士",$A$21="佣兵战士"),B33,IF(OR($A$21="猎人",$A$21="佣兵猎人"),C33,D33)) -> 54 | J33: =$O$5*INDEX($A$3:$G$19,12,MATCH($A$21,$A$3:$G$3,0))+(A33-1)*$O$6*INDEX($A$3:$G$19,15,MATCH($A$21,$A$3:$G$3,0)) -> 0 | K33: =B33*$M$10 -> 44 | L33: =D33*$M$12 -> 20 | M33: =C33*$M$11 -> 20 | N33: =B33*$P$10 -> 44 | O33: =C33*$P$11 -> 4 | P33: =E33*$P$13 -> 33 | R33: 11 | S33: =$K$1*INDEX($A$3:$G$19,2,MATCH($R$21,$A$3:$G$3,0))+(R33-1)*$K$2*INDEX($A$3:$G$19,6,MATCH($R$21,$A$3:$G$3,0)) -> 20 | T33: =$K$3*INDEX($A$3:$G$19,3,MATCH($R$21,$A$3:$G$3,0))+(R33-1)*$K$4*INDEX($A$3:$G$19,7,MATCH($R$21,$A$3:$G$3,0)) -> 45 | U33: =$K$5*INDEX($A$3:$G$19,4,MATCH($R$21,$A$3:$G$3,0))+(R33-1)*$K$6*INDEX($A$3:$G$19,8,MATCH($R$21,$A$3:$G$3,0)) -> 20 | V33: =$K$7*INDEX($A$3:$G$19,5,MATCH($R$21,$A$3:$G$3,0))+(R33-1)*$K$8*INDEX($A$3:$G$19,9,MATCH($R$21,$A$3:$G$3,0)) -> 32 | W33: =$O$1*INDEX($A$3:$G$19,10,MATCH($R$21,$A$3:$G$3,0))+(R33-1)*$O$2*INDEX($A$3:$G$19,13,MATCH($R$21,$A$3:$G$3,0))+V33*$M$13 -> 320 | X33: =$O$3*INDEX($A$3:$G$19,11,MATCH($R$21,$A$3:$G$3,0))+(R33-1)*$O$4*INDEX($A$3:$G$19,14,MATCH($R$21,$A$3:$G$3,0)) -> 220 | Y33: =$O$7*INDEX($A$3:$G$19,16,MATCH($R$21,$A$3:$G$3,0))+$M$15*IF(OR($R$21="战士",$R$21="佣兵战士"),S33,IF(OR($R$21="猎人",$R$21="佣兵猎人"),T33,U33)) -> 27.5 | Z33: =$O$8*INDEX($A$3:$G$19,17,MATCH($R$21,$A$3:$G$3,0))+$P$15*IF(OR($R$21="战士",$R$21="佣兵战士"),S33,IF(OR($R$21="猎人",$R$21="佣兵猎人"),T33,U33)) -> 55 | AA33: =$O$5*INDEX($A$3:$G$19,12,MATCH($R$21,$A$3:$G$3,0))+(R33-1)*$O$6*INDEX($A$3:$G$19,15,MATCH($R$21,$A$3:$G$3,0)) -> 0 | AB33: =S33*$M$10 -> 20 | AC33: =U33*$M$12 -> 20 | AD33: =T33*$M$11 -> 45 | AE33: =S33*$P$10 -> 20 | AF33: =T33*$P$11 -> 9 | AG33: =V33*$P$13 -> 32 | AI33: 11 | AJ33: =$K$1*INDEX($A$3:$G$19,2,MATCH($AI$21,$A$3:$G$3,0))+(AI33-1)*$K$2*INDEX($A$3:$G$19,6,MATCH($AI$21,$A$3:$G$3,0)) -> 20 | AK33: =$K$3*INDEX($A$3:$G$19,3,MATCH($AI$21,$A$3:$G$3,0))+(AI33-1)*$K$4*INDEX($A$3:$G$19,7,MATCH($AI$21,$A$3:$G$3,0)) -> 20 | AL33: =$K$5*INDEX($A$3:$G$19,4,MATCH($AI$21,$A$3:$G$3,0))+(AI33-1)*$K$6*INDEX($A$3:$G$19,8,MATCH($AI$21,$A$3:$G$3,0)) -> 45 | AM33: =$K$7*INDEX($A$3:$G$19,5,MATCH($AI$21,$A$3:$G$3,0))+(AI33-1)*$K$8*INDEX($A$3:$G$19,9,MATCH($AI$21,$A$3:$G$3,0)) -> 32 | AN33: =$O$1*INDEX($A$3:$G$19,10,MATCH($AI$21,$A$3:$G$3,0))+(AI33-1)*$O$2*INDEX($A$3:$G$19,13,MATCH($AI$21,$A$3:$G$3,0))+AM33*$M$13 -> 320 | AO33: =$O$3*INDEX($A$3:$G$19,11,MATCH($AI$21,$A$3:$G$3,0))+(AI33-1)*$O$4*INDEX($A$3:$G$19,14,MATCH($AI$21,$A$3:$G$3,0)) -> 220 | AP33: =$O$7*INDEX($A$3:$G$19,16,MATCH($AI$21,$A$3:$G$3,0))+$M$15*IF(OR($AI$21="战士",$AI$21="佣兵战士"),AJ33,IF(OR($AI$21="猎人",$AI$21="佣兵猎人"),AK33,AL33)) -> 27.5 | AQ33: =$O$8*INDEX($A$3:$G$19,17,MATCH($AI$21,$A$3:$G$3,0))+$P$15*IF(OR($AI$21="战士",$AI$21="佣兵战士"),AJ33,IF(OR($AI$21="猎人",$AI$21="佣兵猎人"),AK33,AL33)) -> 55 | AR33: =$O$5*INDEX($A$3:$G$19,12,MATCH($AI$21,$A$3:$G$3,0))+(AI33-1)*$O$6*INDEX($A$3:$G$19,15,MATCH($AI$21,$A$3:$G$3,0)) -> 0 | AS33: =AJ33*$M$10 -> 20 | AT33: =AL33*$M$12 -> 45 | AU33: =AK33*$M$11 -> 20 | AV33: =AJ33*$P$10 -> 20 | AW33: =AK33*$P$11 -> 4 | AX33: =AM33*$P$13 -> 32
A34: 12 | B34: =$K$1*INDEX($A$3:$G$19,2,MATCH($A$21,$A$3:$G$3,0))+(A34-1)*$K$2*INDEX($A$3:$G$19,6,MATCH($A$21,$A$3:$G$3,0)) -> 47 | C34: =$K$3*INDEX($A$3:$G$19,3,MATCH($A$21,$A$3:$G$3,0))+(A34-1)*$K$4*INDEX($A$3:$G$19,7,MATCH($A$21,$A$3:$G$3,0)) -> 21 | D34: =$K$5*INDEX($A$3:$G$19,4,MATCH($A$21,$A$3:$G$3,0))+(A34-1)*$K$6*INDEX($A$3:$G$19,8,MATCH($A$21,$A$3:$G$3,0)) -> 21 | E34: =$K$7*INDEX($A$3:$G$19,5,MATCH($A$21,$A$3:$G$3,0))+(A34-1)*$K$8*INDEX($A$3:$G$19,9,MATCH($A$21,$A$3:$G$3,0)) -> 35 | F34: =$O$1*INDEX($A$3:$G$19,10,MATCH($A$21,$A$3:$G$3,0))+(A34-1)*$O$2*INDEX($A$3:$G$19,13,MATCH($A$21,$A$3:$G$3,0))+E34*$M$13 -> 350 | G34: =$O$3*INDEX($A$3:$G$19,11,MATCH($A$21,$A$3:$G$3,0))+(A34-1)*$O$4*INDEX($A$3:$G$19,14,MATCH($A$21,$A$3:$G$3,0)) -> 240 | H34: =$O$7*INDEX($A$3:$G$19,16,MATCH($A$21,$A$3:$G$3,0))+$M$15*IF(OR($A$21="战士",$A$21="佣兵战士"),B34,IF(OR($A$21="猎人",$A$21="佣兵猎人"),C34,D34)) -> 28.5 | I34: =$O$8*INDEX($A$3:$G$19,17,MATCH($A$21,$A$3:$G$3,0))+$P$15*IF(OR($A$21="战士",$A$21="佣兵战士"),B34,IF(OR($A$21="猎人",$A$21="佣兵猎人"),C34,D34)) -> 57 | J34: =$O$5*INDEX($A$3:$G$19,12,MATCH($A$21,$A$3:$G$3,0))+(A34-1)*$O$6*INDEX($A$3:$G$19,15,MATCH($A$21,$A$3:$G$3,0)) -> 0 | K34: =B34*$M$10 -> 47 | L34: =D34*$M$12 -> 21 | M34: =C34*$M$11 -> 21 | N34: =B34*$P$10 -> 47 | O34: =C34*$P$11 -> 4.2 | P34: =E34*$P$13 -> 35 | R34: 12 | S34: =$K$1*INDEX($A$3:$G$19,2,MATCH($R$21,$A$3:$G$3,0))+(R34-1)*$K$2*INDEX($A$3:$G$19,6,MATCH($R$21,$A$3:$G$3,0)) -> 21 | T34: =$K$3*INDEX($A$3:$G$19,3,MATCH($R$21,$A$3:$G$3,0))+(R34-1)*$K$4*INDEX($A$3:$G$19,7,MATCH($R$21,$A$3:$G$3,0)) -> 48 | U34: =$K$5*INDEX($A$3:$G$19,4,MATCH($R$21,$A$3:$G$3,0))+(R34-1)*$K$6*INDEX($A$3:$G$19,8,MATCH($R$21,$A$3:$G$3,0)) -> 21 | V34: =$K$7*INDEX($A$3:$G$19,5,MATCH($R$21,$A$3:$G$3,0))+(R34-1)*$K$8*INDEX($A$3:$G$19,9,MATCH($R$21,$A$3:$G$3,0)) -> 34 | W34: =$O$1*INDEX($A$3:$G$19,10,MATCH($R$21,$A$3:$G$3,0))+(R34-1)*$O$2*INDEX($A$3:$G$19,13,MATCH($R$21,$A$3:$G$3,0))+V34*$M$13 -> 340 | X34: =$O$3*INDEX($A$3:$G$19,11,MATCH($R$21,$A$3:$G$3,0))+(R34-1)*$O$4*INDEX($A$3:$G$19,14,MATCH($R$21,$A$3:$G$3,0)) -> 240 | Y34: =$O$7*INDEX($A$3:$G$19,16,MATCH($R$21,$A$3:$G$3,0))+$M$15*IF(OR($R$21="战士",$R$21="佣兵战士"),S34,IF(OR($R$21="猎人",$R$21="佣兵猎人"),T34,U34)) -> 29 | Z34: =$O$8*INDEX($A$3:$G$19,17,MATCH($R$21,$A$3:$G$3,0))+$P$15*IF(OR($R$21="战士",$R$21="佣兵战士"),S34,IF(OR($R$21="猎人",$R$21="佣兵猎人"),T34,U34)) -> 58 | AA34: =$O$5*INDEX($A$3:$G$19,12,MATCH($R$21,$A$3:$G$3,0))+(R34-1)*$O$6*INDEX($A$3:$G$19,15,MATCH($R$21,$A$3:$G$3,0)) -> 0 | AB34: =S34*$M$10 -> 21 | AC34: =U34*$M$12 -> 21 | AD34: =T34*$M$11 -> 48 | AE34: =S34*$P$10 -> 21 | AF34: =T34*$P$11 -> 9.6 | AG34: =V34*$P$13 -> 34 | AI34: 12 | AJ34: =$K$1*INDEX($A$3:$G$19,2,MATCH($AI$21,$A$3:$G$3,0))+(AI34-1)*$K$2*INDEX($A$3:$G$19,6,MATCH($AI$21,$A$3:$G$3,0)) -> 21 | AK34: =$K$3*INDEX($A$3:$G$19,3,MATCH($AI$21,$A$3:$G$3,0))+(AI34-1)*$K$4*INDEX($A$3:$G$19,7,MATCH($AI$21,$A$3:$G$3,0)) -> 21 | AL34: =$K$5*INDEX($A$3:$G$19,4,MATCH($AI$21,$A$3:$G$3,0))+(AI34-1)*$K$6*INDEX($A$3:$G$19,8,MATCH($AI$21,$A$3:$G$3,0)) -> 48 | AM34: =$K$7*INDEX($A$3:$G$19,5,MATCH($AI$21,$A$3:$G$3,0))+(AI34-1)*$K$8*INDEX($A$3:$G$19,9,MATCH($AI$21,$A$3:$G$3,0)) -> 34 | AN34: =$O$1*INDEX($A$3:$G$19,10,MATCH($AI$21,$A$3:$G$3,0))+(AI34-1)*$O$2*INDEX($A$3:$G$19,13,MATCH($AI$21,$A$3:$G$3,0))+AM34*$M$13 -> 340 | AO34: =$O$3*INDEX($A$3:$G$19,11,MATCH($AI$21,$A$3:$G$3,0))+(AI34-1)*$O$4*INDEX($A$3:$G$19,14,MATCH($AI$21,$A$3:$G$3,0)) -> 240 | AP34: =$O$7*INDEX($A$3:$G$19,16,MATCH($AI$21,$A$3:$G$3,0))+$M$15*IF(OR($AI$21="战士",$AI$21="佣兵战士"),AJ34,IF(OR($AI$21="猎人",$AI$21="佣兵猎人"),AK34,AL34)) -> 29 | AQ34: =$O$8*INDEX($A$3:$G$19,17,MATCH($AI$21,$A$3:$G$3,0))+$P$15*IF(OR($AI$21="战士",$AI$21="佣兵战士"),AJ34,IF(OR($AI$21="猎人",$AI$21="佣兵猎人"),AK34,AL34)) -> 58 | AR34: =$O$5*INDEX($A$3:$G$19,12,MATCH($AI$21,$A$3:$G$3,0))+(AI34-1)*$O$6*INDEX($A$3:$G$19,15,MATCH($AI$21,$A$3:$G$3,0)) -> 0 | AS34: =AJ34*$M$10 -> 21 | AT34: =AL34*$M$12 -> 48 | AU34: =AK34*$M$11 -> 21 | AV34: =AJ34*$P$10 -> 21 | AW34: =AK34*$P$11 -> 4.2 | AX34: =AM34*$P$13 -> 34
... A92: 70 | B92: =$K$1*INDEX($A$3:$G$19,2,MATCH($A$21,$A$3:$G$3,0))+(A92-1)*$K$2*INDEX($A$3:$G$19,6,MATCH($A$21,$A$3:$G$3,0)) -> 221 | C92: =$K$3*INDEX($A$3:$G$19,3,MATCH($A$21,$A$3:$G$3,0))+(A92-1)*$K$4*INDEX($A$3:$G$19,7,MATCH($A$21,$A$3:$G$3,0)) -> 79 | D92: =$K$5*INDEX($A$3:$G$19,4,MATCH($A$21,$A$3:$G$3,0))+(A92-1)*$K$6*INDEX($A$3:$G$19,8,MATCH($A$21,$A$3:$G$3,0)) -> 79 | E92: =$K$7*INDEX($A$3:$G$19,5,MATCH($A$21,$A$3:$G$3,0))+(A92-1)*$K$8*INDEX($A$3:$G$19,9,MATCH($A$21,$A$3:$G$3,0)) -> 151 | F92: =$O$1*INDEX($A$3:$G$19,10,MATCH($A$21,$A$3:$G$3,0))+(A92-1)*$O$2*INDEX($A$3:$G$19,13,MATCH($A$21,$A$3:$G$3,0))+E92*$M$13 -> 1510 | G92: =$O$3*INDEX($A$3:$G$19,11,MATCH($A$21,$A$3:$G$3,0))+(A92-1)*$O$4*INDEX($A$3:$G$19,14,MATCH($A$21,$A$3:$G$3,0)) -> 1400 | H92: =$O$7*INDEX($A$3:$G$19,16,MATCH($A$21,$A$3:$G$3,0))+$M$15*IF(OR($A$21="战士",$A$21="佣兵战士"),B92,IF(OR($A$21="猎人",$A$21="佣兵猎人"),C92,D92)) -> 115.5 | I92: =$O$8*INDEX($A$3:$G$19,17,MATCH($A$21,$A$3:$G$3,0))+$P$15*IF(OR($A$21="战士",$A$21="佣兵战士"),B92,IF(OR($A$21="猎人",$A$21="佣兵猎人"),C92,D92)) -> 231 | J92: =$O$5*INDEX($A$3:$G$19,12,MATCH($A$21,$A$3:$G$3,0))+(A92-1)*$O$6*INDEX($A$3:$G$19,15,MATCH($A$21,$A$3:$G$3,0)) -> 0 | K92: =B92*$M$10 -> 221 | L92: =D92*$M$12 -> 79 | M92: =C92*$M$11 -> 79 | N92: =B92*$P$10 -> 221 | O92: =C92*$P$11 -> 15.8 | P92: =E92*$P$13 -> 151 | R92: 70 | S92: =$K$1*INDEX($A$3:$G$19,2,MATCH($R$21,$A$3:$G$3,0))+(R92-1)*$K$2*INDEX($A$3:$G$19,6,MATCH($R$21,$A$3:$G$3,0)) -> 79 | T92: =$K$3*INDEX($A$3:$G$19,3,MATCH($R$21,$A$3:$G$3,0))+(R92-1)*$K$4*INDEX($A$3:$G$19,7,MATCH($R$21,$A$3:$G$3,0)) -> 222 | U92: =$K$5*INDEX($A$3:$G$19,4,MATCH($R$21,$A$3:$G$3,0))+(R92-1)*$K$6*INDEX($A$3:$G$19,8,MATCH($R$21,$A$3:$G$3,0)) -> 79 | V92: =$K$7*INDEX($A$3:$G$19,5,MATCH($R$21,$A$3:$G$3,0))+(R92-1)*$K$8*INDEX($A$3:$G$19,9,MATCH($R$21,$A$3:$G$3,0)) -> 150 | W92: =$O$1*INDEX($A$3:$G$19,10,MATCH($R$21,$A$3:$G$3,0))+(R92-1)*$O$2*INDEX($A$3:$G$19,13,MATCH($R$21,$A$3:$G$3,0))+V92*$M$13 -> 1500 | X92: =$O$3*INDEX($A$3:$G$19,11,MATCH($R$21,$A$3:$G$3,0))+(R92-1)*$O$4*INDEX($A$3:$G$19,14,MATCH($R$21,$A$3:$G$3,0)) -> 1400 | Y92: =$O$7*INDEX($A$3:$G$19,16,MATCH($R$21,$A$3:$G$3,0))+$M$15*IF(OR($R$21="战士",$R$21="佣兵战士"),S92,IF(OR($R$21="猎人",$R$21="佣兵猎人"),T92,U92)) -> 116 | Z92: =$O$8*INDEX($A$3:$G$19,17,MATCH($R$21,$A$3:$G$3,0))+$P$15*IF(OR($R$21="战士",$R$21="佣兵战士"),S92,IF(OR($R$21="猎人",$R$21="佣兵猎人"),T92,U92)) -> 232 | AA92: =$O$5*INDEX($A$3:$G$19,12,MATCH($R$21,$A$3:$G$3,0))+(R92-1)*$O$6*INDEX($A$3:$G$19,15,MATCH($R$21,$A$3:$G$3,0)) -> 0 | AB92: =S92*$M$10 -> 79 | AC92: =U92*$M$12 -> 79 | AD92: =T92*$M$11 -> 222 | AE92: =S92*$P$10 -> 79 | AF92: =T92*$P$11 -> 44.4 | AG92: =V92*$P$13 -> 150 | AI92: 70 | AJ92: =$K$1*INDEX($A$3:$G$19,2,MATCH($AI$21,$A$3:$G$3,0))+(AI92-1)*$K$2*INDEX($A$3:$G$19,6,MATCH($AI$21,$A$3:$G$3,0)) -> 79 | AK92: =$K$3*INDEX($A$3:$G$19,3,MATCH($AI$21,$A$3:$G$3,0))+(AI92-1)*$K$4*INDEX($A$3:$G$19,7,MATCH($AI$21,$A$3:$G$3,0)) -> 79 | AL92: =$K$5*INDEX($A$3:$G$19,4,MATCH($AI$21,$A$3:$G$3,0))+(AI92-1)*$K$6*INDEX($A$3:$G$19,8,MATCH($AI$21,$A$3:$G$3,0)) -> 222 | AM92: =$K$7*INDEX($A$3:$G$19,5,MATCH($AI$21,$A$3:$G$3,0))+(AI92-1)*$K$8*INDEX($A$3:$G$19,9,MATCH($AI$21,$A$3:$G$3,0)) -> 150 | AN92: =$O$1*INDEX($A$3:$G$19,10,MATCH($AI$21,$A$3:$G$3,0))+(AI92-1)*$O$2*INDEX($A$3:$G$19,13,MATCH($AI$21,$A$3:$G$3,0))+AM92*$M$13 -> 1500 | AO92: =$O$3*INDEX($A$3:$G$19,11,MATCH($AI$21,$A$3:$G$3,0))+(AI92-1)*$O$4*INDEX($A$3:$G$19,14,MATCH($AI$21,$A$3:$G$3,0)) -> 1400 | AP92: =$O$7*INDEX($A$3:$G$19,16,MATCH($AI$21,$A$3:$G$3,0))+$M$15*IF(OR($AI$21="战士",$AI$21="佣兵战士"),AJ92,IF(OR($AI$21="猎人",$AI$21="佣兵猎人"),AK92,AL92)) -> 116 | AQ92: =$O$8*INDEX($A$3:$G$19,17,MATCH($AI$21,$A$3:$G$3,0))+$P$15*IF(OR($AI$21="战士",$AI$21="佣兵战士"),AJ92,IF(OR($AI$21="猎人",$AI$21="佣兵猎人"),AK92,AL92)) -> 232 | AR92: =$O$5*INDEX($A$3:$G$19,12,MATCH($AI$21,$A$3:$G$3,0))+(AI92-1)*$O$6*INDEX($A$3:$G$19,15,MATCH($AI$21,$A$3:$G$3,0)) -> 0 | AS92: =AJ92*$M$10 -> 79 | AT92: =AL92*$M$12 -> 222 | AU92: =AK92*$M$11 -> 79 | AV92: =AJ92*$P$10 -> 79 | AW92: =AK92*$P$11 -> 15.8 | AX92: =AM92*$P$13 -> 150

Sheet 职业属性
A1: 职业 | B1: 等级 | C1: 力量 | D1: 敏捷 | E1: 智力 | F1: 耐力 | G1: 生命值 | H1: 魔法值 | I1: 最小伤害 | J1: 最大伤害 | K1: 护甲 | L1: 物抗 | M1: 魔抗 | N1: 暴击 | O1: 命中 | P1: 闪避 | Q1: 韧性
A2: 1 | B2: 1 | C2: 14 | D2: 10 | E2: 10 | F2: 13 | G2: 0 | H2: 20 | I2: 5 | J2: 10 | K2: 0 | L2: 0 | M2: 0 | N2: 0 | O2: 0 | P2: 0 | Q2: 0
A3: 1 | B3: 2 | C3: 17 | D3: 11 | E3: 11 | F3: 15 | G3: 0 | H3: 40 | I3: 5 | J3: 10 | K3: 0 | L3: 0 | M3: 0 | N3: 0 | O3: 0 | P3: 0 | Q3: 0
A4: 1 | B4: 3 | C4: 20 | D4: 12 | E4: 12 | F4: 17 | G4: 0 | H4: 60 | I4: 5 | J4: 10 | K4: 0 | L4: 0 | M4: 0 | N4: 0 | O4: 0 | P4: 0 | Q4: 0
A5: 1 | B5: 4 | C5: 23 | D5: 13 | E5: 13 | F5: 19 | G5: 0 | H5: 80 | I5: 5 | J5: 10 | K5: 0 | L5: 0 | M5: 0 | N5: 0 | O5: 0 | P5: 0 | Q5: 0
A6: 1 | B6: 5 | C6: 26 | D6: 14 | E6: 14 | F6: 21 | G6: 0 | H6: 100 | I6: 5 | J6: 10 | K6: 0 | L6: 0 | M6: 0 | N6: 0 | O6: 0 | P6: 0 | Q6: 0
A7: 1 | B7: 6 | C7: 29 | D7: 15 | E7: 15 | F7: 23 | G7: 0 | H7: 120 | I7: 5 | J7: 10 | K7: 0 | L7: 0 | M7: 0 | N7: 0 | O7: 0 | P7: 0 | Q7: 0
A8: 1 | B8: 7 | C8: 32 | D8: 16 | E8: 16 | F8: 25 | G8: 0 | H8: 140 | I8: 5 | J8: 10 | K8: 0 | L8: 0 | M8: 0 | N8: 0 | O8: 0 | P8: 0 | Q8: 0
A9: 1 | B9: 8 | C9: 35 | D9: 17 | E9: 17 | F9: 27 | G9: 0 | H9: 160 | I9: 5 | J9: 10 | K9: 0 | L9: 0 | M9: 0 | N9: 0 | O9: 0 | P9: 0 | Q9: 0
A10: 1 | B10: 9 | C10: 38 | D10: 18 | E10: 18 | F10: 29 | G10: 0 | H10: 180 | I10: 5 | J10: 10 | K10: 0 | L10: 0 | M10: 0 | N10: 0 | O10: 0 | P10: 0 | Q10: 0
A11: 1 | B11: 10 | C11: 41 | D11: 19 | E11: 19 | F11: 31 | G11: 0 | H11: 200 | I11: 5 | J11: 10 | K11: 0 | L11: 0 | M11: 0 | N11: 0 | O11: 0 | P11: 0 | Q11: 0
A12: 1 | B12: 11 | C12: 44 | D12: 20 | E12: 20 | F12: 33 | G12: 0 | H12: 220 | I12: 5 | J12: 10 | K12: 0 | L12: 0 | M12: 0 | N12: 0 | O12: 0 | P12: 0 | Q12: 0
A13: 1 | B13: 12 | C13: 47 | D13: 21 | E13: 21 | F13: 35 | G13: 0 | H13: 240 | I13: 5 | J13: 10 | K13: 0 | L13: 0 | M13: 0 | N13: 0 | O13: 0 | P13: 0 | Q13: 0
... A211: 3 | B211: 70 | C211: 79 | D211: 79 | E211: 222 | F211: 150 | G211: 1500 | H211: 1400 | I211: 5 | J211: 10 | K211: 0 | L211: 0 | M211: 0 | N211: 0 | O211: 0 | P211: 0 | Q211: 0

Sheet 装备设计
A1: 装备对应主属性 | F1: 熔炼
B2: 战士 | C2: 猎人 | D2: 法师 | E2: 全职业 | F2: 装备品质 | G2: 熔炼获魂 | H2: 兑换所需魂 | I2: 转换+1品质概率
A3: 头盔 | B3: 物理抗性 | C3: 物理抗性 | D3: 物理抗性 | E3: 物理抗性 | F3: 白 | G3: 5 | H3: 0 | I3: 0.2
A4: 戒指 | B4: 魔法值 | C4: 魔法值 | D4: 魔法值 | E4: 魔法值 | F4: 绿 | G4: 10 | H4: 0 | I4: 0.3
A5: 腰带 | B5: 生命值 | C5: 生命值 | D5: 生命值 | E5: 生命值 | F5: 蓝 | G5: 20 | H5: 0 | I5: 0.15
A6: 胸甲 | B6: 护甲 | C6: 护甲 | D6: 护甲 | E6: 护甲 | F6: 紫 | G6: 50 | H6: 500 | I6: 0.1
A7: 主手武器 | B7: 伤害 | C7: 伤害 | D7: 伤害 | E7: 伤害 | F7: 橙 | G7: 150 | H7: 1500 | I7: 0
A8: 副手武器 | B8: 护甲 | C8: 暴击 | D8: 魔法值 | E8: 魔法值
A9: 护腿 | B9: 护甲 | C9: 护甲 | D9: 护甲 | E9: 护甲
A10: 鞋子 | B10: 闪避 | C10: 闪避 | D10: 闪避 | E10: 闪避
A11: 手套 | B11: 暴击 | C11: 暴击 | D11: 暴击 | E11: 暴击
A12: 项链 | B12: 魔法抗性 | C12: 魔法抗性 | D12: 魔法抗性 | E12: 魔法抗性
A15: 装备主属性
A17: 属性等级 | B17: 护甲
A18: 1 | B18: 3 | C18: 20 | D18: 生命值 | E18: 100 | F18: 护甲 | G18: 3 | H18: 护甲 | J18: 护甲 | L18: 护甲
A19: 2 | B19: 9 | C19: 80 | D19: 生命值 | E19: 240 | F19: 护甲 | G19: 9 | H19: 护甲 | J19: 护甲 | K19: 3 | L19: 护甲
A20: 3 | B20: 20 | C20: 150 | D20: 生命值 | E20: 480 | F20: 护甲 | G20: 20 | H20: 护甲 | I20: 27.6 | J20: 护甲 | K20: 20 | L20: 护甲 | M20: 27.6
A21: 4 | B21: 39 | C21: 185 | D21: 生命值 | E21: 1160 | F21: 护甲 | G21: 39 | H21: 护甲 | I21: 64.2 | J21: 护甲 | K21: 39 | L21: 护甲 | M21: 64.2
A22: 5 | B22: 102 | C22: 240 | D22: 生命值 | E22: 2120 | F22: 护甲 | G22: 102 | H22: 护甲 | I22: 122.4 | J22: 护甲 | K22: 66 | L22: 护甲 | M22: 122.4
A23: 6 | B23: 153 | C23: 330 | D23: 生命值 | E23: 3360 | F23: 护甲 | G23: 153 | H23: 护甲 | I23: 178.2 | J23: 护甲 | K23: 104 | L23: 护甲 | M23: 178.2
A24: 7 | B24: 216 | C24: 460 | D24: 生命值 | E24: =E25*0.4+E23*0.6 -> 3976 | F24: 护甲 | G24: 216 | H24: 护甲 | I24: 246.8 | J24: 护甲 | K24: 216 | L24: 护甲 | M24: 246.8
A25: 8 | B25: 293 | C25: 590 | D25: 生命值 | E25: 4900 | F25: 护甲 | G25: 293 | H25: 护甲 | I25: 374.6 | J25: 护甲 | K25: 293 | L25: 护甲 | M25: 374.6
A26: 9 | B26: 497 | C26: 740 | D26: 生命值 | E26: 6720 | F26: 护甲 | G26: 497 | H26: 护甲 | I26: 549.4 | J26: 护甲 | K26: 387 | L26: 护甲 | M26: 549.4
A27: 10 | B27: 628 | C27: =C28*0.4+C26*0.6 -> 834 | D27: 生命值 | E27: 8840 | F27: 护甲 | G27: 628 | H27: 护甲 | I27: 688.8 | J27: 护甲 | K27: 497 | L27: 护甲 | M27: 688.8
A28: 11 | B28: 780 | C28: 975 | D28: 生命值 | E28: 11560 | F28: 护甲 | G28: 780 | H28: 护甲 | I28: 929.2 | J28: 护甲 | K28: 628 | L28: 护甲 | M28: 929.2
A29: 12 | B29: 1153 | C29: 1080 | D29: 生命值 | E29: 13920 | F29: 护甲 | G29: 1153 | H29: 护甲 | I29: 1242.6 | J29: 护甲 | K29: 780 | L29: 护甲 | M29: 1242.6
A30: 13 | B30: 1377 | C30: 1260 | D30: 生命值 | E30: =E31*0.4+E29*0.6 -> 15112 | F30: 护甲 | G30: 1377 | H30: 护甲 | I30: 1477.4 | J30: 护甲 | K30: 1152 | L30: 护甲 | M30: 1477.4
A31: 14 | B31: 1628 | C31: 1470 | D31: 生命值 | E31: 16900 | F31: 护甲 | G31: 1628 | H31: 护甲 | I31: 1714.4 | J31: 护甲 | K31: 1627 | L31: 护甲 | M31: 1714.4
A32: 15 | B32: 1844 | D32: 生命值 | F32: 护甲 | G32: 1844 | H32: 护甲 | J32: 护甲 | K32: 1844 | L32: 护甲
B42: 戒指 | C42: 戒指属性 | D42: 腰带 | E42: 腰带属性 | F42: 胸甲 | G42: 极品胸 | H42: 胸甲属性 | I42: 护腿 | J42: 极品腿 | K42: 护腿属性 | L42: 副手 | M42: 极品副手 | N42: 法术书 | O42: 极品法术书 | P42: 副手属性 | Q42: 武器 | R42: 极品武器 | S42: 武器属性 | T42: 项链 | U42: 项链属性 | V42: 头盔 | W42: 头盔属性 | X42: 鞋子 | Y42: 鞋子属性 | Z42: 手套 | AA42: 手套属性
A43: LV1 | B43: 20 | C43: 7 | D43: 100 | E43: 8 | F43: 3 | H43: 8 | K43: 8 | L43: 4 | N43: 30 | P43: 11 | Q43: 8 | S43: 11 | U43: 8 | W43: 8 | X43: 4 | Y43: 8 | Z43: 9 | AA43: 8
A44: LV5 | B44: 80 | C44: 30 | D44: 240 | E44: 30 | F44: 9 | H44: 30 | I44: 3 | K44: 30 | L44: 12 | M44: 19.2 | N44: 110 | O44: 162 | P44: 40 | Q44: 30 | R44: 56.4 | S44: 40 | T44: 20 | U44: 30 | V44: 20 | W44: 30 | X44: 3 | Y44: 30 | Z44: 23 | AA44: 30
A45: LV10 | B45: 150 | C45: 60 | D45: 480 | E45: 64 | F45: 20 | G45: 27.6 | H45: 64 | I45: 20 | J45: 27.6 | K45: 64 | L45: 30 | M45: 59.2 | N45: 240 | O45: 312 | P45: 80 | Q45: 96 | R45: 120 | S45: 80 | U45: 60 | V45: 64 | W45: 64 | X45: 12 | Y45: 60 | Z45: 43 | AA45: 60
A46: LV15 | B46: 185 | C46: 108 | D46: 1160 | E46: 108 | F46: 39 | G46: 64.2 | H46: 108 | I46: 39 | J46: 49.8 | K46: 108 | L46: 103 | M46: 130.2 | N46: 420 | O46: 472 | P46: 136 | Q46: 156 | R46: 228.8 | S46: 136 | T46: 64 | U46: 108 | W46: 108 | Y46: 108 | Z46: 106 | AA46: 108
A47: LV20 | B47: 240 | C47: 140 | D47: 2120 | E47: 140 | F47: 102 | G47: 122.4 | H47: 140 | I47: 66 | J47: 81.2 | K47: 140 | L47: 171 | M47: 205 | N47: 550 | O47: 606 | P47: 180 | Q47: 338 | R47: 415.2 | S47: 180 | T47: 136 | U47: 140 | V47: 136 | W47: 140 | X47: 40 | Y47: 140 | Z47: 211 | AA47: 140
A48: LV25 | B48: 330 | C48: 160 | D48: 3360 | E48: 168 | F48: 153 | G48: 178.2 | H48: 168 | I48: 104 | J48: 148.8 | K48: 168 | L48: 256 | M48: 300.8 | N48: 690 | O48: 766 | P48: 216 | Q48: 531 | R48: 648.6 | S48: 216 | T48: 237 | U48: 160 | V48: 237 | W48: 168 | Y48: 164 | Z48: 286 | AA48: 164
A49: LV30 | B49: 460 | C49: 220 | E49: 232 | F49: 216 | G49: 246.8 | H49: 232 | I49: 216 | J49: 246.8 | K49: 232 | L49: 368 | M49: 491.2 | N49: 880 | O49: 944 | P49: 300 | Q49: 825 | R49: 1026.6 | S49: 300 | T49: 372 | U49: 220 | V49: 372 | W49: 232 | Y49: 224 | Z49: 367 | AA49: 224
A50: LV35 | B50: 590 | C50: 292 | D50: 4900 | E50: 292 | F50: 293 | G50: 374.6 | H50: 292 | I50: 293 | J50: 330.6 | K50: 292 | L50: 676 | M50: 757.6 | N50: 1040 | O50: 1120 | P50: 416 | Q50: 1329 | R50: 1601.4 | S50: 416 | T50: 542 | U50: 292 | V50: 596 | W50: 292 | X50: 82 | Y50: 292 | Z50: 588 | AA50: 292
A51: LV40 | B51: 740 | C51: 368 | D51: 6720 | E51: 368 | F51: 497 | G51: 549.4 | H51: 368 | I51: 387 | J51: 431 | K51: 368 | L51: 880 | M51: 1029.2 | N51: 1240 | O51: 1272 | P51: 460 | Q51: 2010 | R51: 2231.2 | S51: 460 | U51: 368 | V51: 751 | W51: 368 | X51: 108 | Y51: 368 | Z51: 880 | AA51: 368
A52: LV45 | C52: 496 | D52: 8840 | E52: 496 | F52: 628 | G52: 688.8 | H52: 496 | I52: 497 | J52: 549.4 | K52: 496 | L52: 1253 | M52: 1312.2 | N52: 1320 | O52: 1368 | P52: 560 | Q52: 2563 | R52: 2854.2 | S52: 560 | T52: 751 | U52: 496 | W52: 496 | X52: 137 | Y52: 496 | Z52: 1255 | AA52: 496
A53: LV50 | B53: 975 | C53: 560 | D53: 11560 | E53: 560 | F53: 780 | G53: 929.2 | H53: 560 | I53: 628 | J53: 688.8 | K53: 560 | L53: 1401 | M53: 1633 | N53: 1440 | O53: 1576 | P53: 880 | Q53: 3291 | R53: 3665.8 | S53: 880 | T53: 1000 | U53: 560 | V53: 1000 | W53: 560 | Y53: 560 | AA53: 560
A54: LV55 | B54: 1080 | C54: 680 | D54: 13920 | E54: 680 | F54: 1153 | G54: 1242.6 | H54: 680 | I54: 780 | J54: 928.8 | K54: 680 | L54: 1981 | M54: 2194.6 | N54: 1780 | O54: 1972 | P54: 680 | Q54: 4228 | R54: 4945.2 | S54: 680 | T54: 1291 | U54: 680 | V54: 1291 | W54: 680 | Y54: 680 | AA54: 680
A55: LV60 | B55: 1260 | C55: 880 | E55: 880 | F55: 1377 | G55: 1477.4 | H55: 880 | I55: 1152 | J55: 1342 | K55: 880 | L55: 2515 | M55: 2704.2 | N55: 2260 | O55: 2404 | P55: 880 | Q55: 6021 | R55: 6756.2 | S55: 880 | T55: 1628 | U55: 880 | V55: 1628 | W55: 880 | X55: 352 | Y55: 880 | Z55: 2300 | AA55: 880
A56: LV65 | B56: 1470 | C56: 1060 | D56: 16900 | E56: 1060 | F56: 1628 | G56: 1714.4 | H56: 1060 | I56: 1627 | K56: 1060 | L56: 2988 | M56: 3201.6 | N56: 2620 | O56: 2804 | P56: 1450 | Q56: 7859 | R56: 8638.6 | S56: 1450 | T56: 2015 | U56: 1060 | V56: 2015 | W56: 1060 | X56: 271 | Y56: 1060 | Z56: 3884 | AA56: 1060
A57: LV70 | C57: 1280 | E57: 1280 | F57: 1844 | H57: 1280 | K57: 1280 | L57: 3522 | N57: 3080 | P57: 1720 | Q57: 9808 | S57: 1720 | U57: 1280 | W57: 1280 | Y57: 1280 | AA57: 1280
A58: 70+ | C58: 1440 | E58: 1440 | H58: 1440 | K58: 1440 | P58: 1960 | S58: 1960 | U58: 1440 | W58: 1440 | Y58: 1440 | AA58: 1440
E60: 1 | F60: 8
E61: 5 | F61: 30
E62: 10 | F62: 96
E63: 15 | F63: 156
E64: 20 | F64: 338
E65: 25 | F65: 531
E66: 30 | F66: 825
E67: 35 | F67: 1329
E68: 40 | F68: 2010
E69: 45 | F69: 2563
E70: 50 | F70: 3291
E71: 55 | F71: 4228
... E74: 70 | F74: 9808
B80: 生命值 | C80: 魔法值 | D80: 最小伤害 | E80: 最大伤害 | F80: 护甲 | G80: 物抗 | H80: 魔抗 | I80: 暴击 | J80: 命中 | K80: 闪避 | L80: 韧性 | M80: 伤害总和 | O80: 伤害
A81: 1 | B81: =职业设计!F23 -> 130 | C81: =职业设计!G23 -> 20 | D81: =职业设计!H23 -> 12 | E81: =职业设计!I23 -> 24 | F81: =职业设计!J23 -> 0 | G81: =职业设计!K23 -> 14 | H81: =职业设计!L23 -> 10 | I81: =职业设计!M23 -> 10 | ... L81: =职业设计!P23 -> 13 | M81: =D81+E81 -> 36 | N81: =INDEX($F$60:$F$74,MATCH(A81,$E$60:$E$74,0)) -> 8 | O81: =N81/(D81+E81) -> 0.22222222 | P81: =B81*O81 -> 28.888889
A82: 2 | B82: =职业设计!F24 -> 150 | C82: =职业设计!G24 -> 40 | D82: =职业设计!H24 -> 13.5 | E82: =职业设计!I24 -> 27 | F82: =职业设计!J24 -> 0 | G82: =职业设计!K24 -> 17 | H82: =职业设计!L24 -> 11 | I82: =职业设计!M24 -> 11 | ... L82: =职业设计!P24 -> 15 | M82: =D82+E82 -> 40.5 | N82: =INDEX($F$60:$F$74,MATCH(A82,$E$60:$E$74,0)) -> #N/A | O82: =N82/(D82+E82) -> #N/A | P82: =B82*O82 -> #N/A
A83: 3 | B83: =职业设计!F25 -> 170 | C83: =职业设计!G25 -> 60 | D83: =职业设计!H25 -> 15 | E83: =职业设计!I25 -> 30 | F83: =职业设计!J25 -> 0 | G83: =职业设计!K25 -> 20 | H83: =职业设计!L25 -> 12 | I83: =职业设计!M25 -> 12 | ... L83: =职业设计!P25 -> 17 | M83: =D83+E83 -> 45 | N83: =INDEX($F$60:$F$74,MATCH(A83,$E$60:$E$74,0)) -> #N/A | O83: =N83/(D83+E83) -> #N/A | P83: =B83*O83 -> #N/A
A84: 4 | B84: =职业设计!F26 -> 190 | C84: =职业设计!G26 -> 80 | D84: =职业设计!H26 -> 16.5 | E84: =职业设计!I26 -> 33 | F84: =职业设计!J26 -> 0 | G84: =职业设计!K26 -> 23 | H84: =职业设计!L26 -> 13 | I84: =职业设计!M26 -> 13 | ... L84: =职业设计!P26 -> 19 | M84: =D84+E84 -> 49.5 | N84: =INDEX($F$60:$F$74,MATCH(A84,$E$60:$E$74,0)) -> #N/A | O84: =N84/(D84+E84) -> #N/A | P84: =B84*O84 -> #N/A
A85: 5 | B85: =职业设计!F27 -> 210 | C85: =职业设计!G27 -> 100 | D85: =职业设计!H27 -> 18 | E85: =职业设计!I27 -> 36 | F85: =职业设计!J27 -> 0 | G85: =职业设计!K27 -> 26 | H85: =职业设计!L27 -> 14 | I85: =职业设计!M27 -> 14 | ... L85: =职业设计!P27 -> 21 | M85: =D85+E85 -> 54 | N85: =INDEX($F$60:$F$74,MATCH(A85,$E$60:$E$74,0)) -> 30 | O85: =N85/(D85+E85) -> 0.55555556 | P85: =B85*O85 -> 116.66667
A86: 6 | B86: =职业设计!F28 -> 230 | C86: =职业设计!G28 -> 120 | D86: =职业设计!H28 -> 19.5 | E86: =职业设计!I28 -> 39 | F86: =职业设计!J28 -> 0 | G86: =职业设计!K28 -> 29 | H86: =职业设计!L28 -> 15 | I86: =职业设计!M28 -> 15 | ... L86: =职业设计!P28 -> 23 | M86: =D86+E86 -> 58.5 | N86: =INDEX($F$60:$F$74,MATCH(A86,$E$60:$E$74,0)) -> #N/A | O86: =N86/(D86+E86) -> #N/A | P86: =B86*O86 -> #N/A
A87: 7 | B87: =职业设计!F29 -> 250 | C87: =职业设计!G29 -> 140 | D87: =职业设计!H29 -> 21 | E87: =职业设计!I29 -> 42 | F87: =职业设计!J29 -> 0 | G87: =职业设计!K29 -> 32 | H87: =职业设计!L29 -> 16 | I87: =职业设计!M29 -> 16 | ... L87: =职业设计!P29 -> 25 | M87: =D87+E87 -> 63 | N87: =INDEX($F$60:$F$74,MATCH(A87,$E$60:$E$74,0)) -> #N/A | O87: =N87/(D87+E87) -> #N/A | P87: =B87*O87 -> #N/A
A88: 8 | B88: =职业设计!F30 -> 270 | C88: =职业设计!G30 -> 160 | D88: =职业设计!H30 -> 22.5 | E88: =职业设计!I30 -> 45 | F88: =职业设计!J30 -> 0 | G88: =职业设计!K30 -> 35 | H88: =职业设计!L30 -> 17 | I88: =职业设计!M30 -> 17 | ... L88: =职业设计!P30 -> 27 | M88: =D88+E88 -> 67.5 | N88: =INDEX($F$60:$F$74,MATCH(A88,$E$60:$E$74,0)) -> #N/A | O88: =N88/(D88+E88) -> #N/A | P88: =B88*O88 -> #N/A
A89: 9 | B89: =职业设计!F31 -> 290 | C89: =职业设计!G31 -> 180 | D89: =职业设计!H31 -> 24 | E89: =职业设计!I31 -> 48 | F89: =职业设计!J31 -> 0 | G89: =职业设计!K31 -> 38 | H89: =职业设计!L31 -> 18 | I89: =职业设计!M31 -> 18 | ... L89: =职业设计!P31 -> 29 | M89: =D89+E89 -> 72 | N89: =INDEX($F$60:$F$74,MATCH(A89,$E$60:$E$74,0)) -> #N/A | O89: =N89/(D89+E89) -> #N/A | P89: =B89*O89 -> #N/A
A90: 10 | B90: =职业设计!F32 -> 310 | C90: =职业设计!G32 -> 200 | D90: =职业设计!H32 -> 25.5 | E90: =职业设计!I32 -> 51 | F90: =职业设计!J32 -> 0 | G90: =职业设计!K32 -> 41 | H90: =职业设计!L32 -> 19 | I90: =职业设计!M32 -> 19 | ... L90: =职业设计!P32 -> 31 | M90: =D90+E90 -> 76.5 | N90: =INDEX($F$60:$F$74,MATCH(A90,$E$60:$E$74,0)) -> 96 | O90: =N90/(D90+E90) -> 1.254902 | P90: =B90*O90 -> 389.01961
A91: 11 | B91: =职业设计!F33 -> 330 | C91: =职业设计!G33 -> 220 | D91: =职业设计!H33 -> 27 | E91: =职业设计!I33 -> 54 | F91: =职业设计!J33 -> 0 | G91: =职业设计!K33 -> 44 | H91: =职业设计!L33 -> 20 | I91: =职业设计!M33 -> 20 | ... L91: =职业设计!P33 -> 33 | M91: =D91+E91 -> 81 | N91: =INDEX($F$60:$F$74,MATCH(A91,$E$60:$E$74,0)) -> #N/A | O91: =N91/(D91+E91) -> #N/A | P91: =B91*O91 -> #N/A
A92: 12 | B92: =职业设计!F34 -> 350 | C92: =职业设计!G34 -> 240 | D92: =职业设计!H34 -> 28.5 | E92: =职业设计!I34 -> 57 | F92: =职业设计!J34 -> 0 | G92: =职业设计!K34 -> 47 | H92: =职业设计!L34 -> 21 | I92: =职业设计!M34 -> 21 | ... L92: =职业设计!P34 -> 35 | M92: =D92+E92 -> 85.5 | N92: =INDEX($F$60:$F$74,MATCH(A92,$E$60:$E$74,0)) -> #N/A | O92: =N92/(D92+E92) -> #N/A | P92: =B92*O92 -> #N/A
... A150: 70 | B150: =职业设计!F92 -> 1510 | C150: =职业设计!G92 -> 1400 | D150: =职业设计!H92 -> 115.5 | E150: =职业设计!I92 -> 231 | F150: =职业设计!J92 -> 0 | G150: =职业设计!K92 -> 221 | H150: =职业设计!L92 -> 79 | I150: =职业设计!M92 -> 79 | ... L150: =职业设计!P92 -> 151 | M150: =D150+E150 -> 346.5 | N150: =INDEX($F$60:$F$74,MATCH(A150,$E$60:$E$74,0)) -> 9808 | O150: =N150/(D150+E150) -> 28.305916 | P150: =B150*O150 -> 42741.934

Sheet 装备一览
A1: 等级 | B1: 橙装 | C1: 橙武 | D1: 紫装 | E1: 紫武 | F1: 蓝装 | G1: 蓝武 | H1: 绿装 | I1: 绿武 | L1: 装备洗炼 | O1: 品质 | P1: 品质ID | Q1: 售价系数 | S1: 职业限定 | T1: 限定ID | V1: 胸甲 | W1: 腰带 | X1: 护腿 | Y1: 戒指 | Z1: 副手武器 | AA1: 极品 | AB1: 法术书 | AC1: 极品 | AD1: 主手武器 | AE1: 极品 | AF1: 项链 | AG1: 头盔 | AH1: 鞋子 | AI1: 手套 | AL1: 护腿
A2: 1 | B2: 4,9 | C2: 5,12 | D2: 3,7 | E2: 4,9 | F2: 2,5 | G2: 3,7 | H2: 1,3 | I2: 1,4 | L2: 极品加权金币 | M2: 2500 | O2: 白 | P2: 1 | Q2: 1 | S2: 全职业 | T2: 0 | U2: 1 | V2: 3 | W2: 100 | X2: 0 | Y2: 20 | Z2: 4 | AA2: 0 | AB2: 30 | AC2: 0 | AD2: 8 | AE2: 0 | AF2: 0 | AG2: 0 | AH2: 4 | AI2: 9 | AL2: 胸甲
A3: 5 | B3: 22,35 | C3: 29,46 | D3: 17,26 | E3: 22,34 | F3: 12,17 | G3: 16,22 | H3: 7,10 | I3: 9,13 | L3: 每级增加金币 | M3: 2500 | O3: 绿 | P3: 2 | Q3: 2 | S3: 战士 | T3: 1 | U3: 5 | V3: 9 | W3: 240 | X3: 3 | Y3: 80 | Z3: 12 | AA3: =Z4*0.4+Z3*0.6 -> 19.2 | AB3: 110 | AC3: =AB4*0.4+AB3*0.6 -> 162 | AD3: 30 | AE3: =AD4*0.4+AD3*0.6 -> 56.4 | AF3: 20 | AG3: 20 | AH3: 7 | AI3: 23 | AL3: 主手武器
A4: 10 | B4: 49,74 | C4: 64,96 | D4: 39,55 | E4: 51,72 | F4: 26,37 | G4: 34,48 | H4: 15,22 | I4: 20,29 | L4: 初始等级 | M4: 10 | O4: 蓝 | P4: 3 | Q4: 5 | S4: 猎人 | T4: 2 | U4: 10 | V4: 20 | W4: 480 | X4: 20 | Y4: 150 | Z4: 30 | AA4: =Z5*0.4+Z4*0.6 -> 59.2 | AB4: 240 | AC4: =AB5*0.4+AB4*0.6 -> 312 | AD4: 96 | AE4: =AD5*0.4+AD4*0.6 -> 120 | AF4: 20 | AG4: 64 | AH4: 12 | AI4: 43 | AL4: 副手武器
A5: 15 | B5: 84,124 | C5: 109,161 | D5: 67,93 | E5: 87,121 | F5: 45,62 | G5: 59,81 | H5: 27,37 | I5: 35,48 | L5: 基础值 | M5: 7500 | O5: 紫 | P5: 4 | Q5: 10 | S5: 法师 | T5: 3 | U5: 15 | V5: 39 | W5: 1160 | X5: 39 | Y5: 185 | Z5: 103 | AA5: =Z6*0.4+Z5*0.6 -> 130.2 | AB5: 420 | AC5: =AB6*0.4+AB5*0.6 -> 472 | AD5: 156 | AE5: =AD6*0.4+AD5*0.6 -> 228.8 | AF5: 64 | AG5: 64 | AH5: 27 | AI5: 106 | AL5: 主手武器
A6: 20 | B6: 110,161 | C6: 143,209 | D6: 87,121 | E6: 113,157 | F6: 59,81 | G6: 77,105 | H6: 35,48 | I6: 46,62 | L6: 品质ID（大于） | M6: 2 | O6: 橙 | P6: 5 | Q6: 20 | U6: 20 | V6: 102 | W6: 2120 | X6: 66 | Y6: 240 | Z6: 171 | AA6: =Z7*0.4+Z6*0.6 -> 205 | AB6: 550 | AC6: =AB7*0.4+AB6*0.6 -> 606 | AD6: 338 | AE6: =AD7*0.4+AD6*0.6 -> 415.2 | AF6: 136 | AG6: 136 | AH6: 40 | AI6: 211 | AL6: 副手武器
A7: 25 | B7: 132,193 | C7: 172,251 | D7: 105,145 | E7: 137,189 | F7: 70,97 | G7: 91,126 | H7: 42,58 | I7: 55,75 | P7: 极品加价 | Q7: 300 | U7: 25 | V7: 153 | W7: 3360 | X7: 104 | Y7: 330 | Z7: 256 | AA7: =Z8*0.4+Z7*0.6 -> 300.8 | AB7: 690 | AC7: =AB8*0.4+AB7*0.6 -> 766 | AD7: 531 | AE7: =AD8*0.4+AD7*0.6 -> 648.6 | AF7: 237 | AG7: 237 | AH7: 40 | AI7: 286 | AL7: 主手武器
A8: 30 | B8: 184,267 | C8: 239,347 | D8: 146,200 | E8: 190,260 | F8: 98,133 | G8: 127,173 | H8: 58,80 | I8: 75,104 | P8: 每级售价 | Q8: 100 | U8: 30 | V8: 216 | W8: 3360 | X8: 216 | Y8: 460 | Z8: 368 | AA8: =Z9*0.4+Z8*0.6 -> 491.2 | AB8: 880 | AC8: =AB9*0.4+AB8*0.6 -> 944 | AD8: 825 | AE8: =AD9*0.4+AD8*0.6 -> 1026.6 | AF8: 372 | AG8: 372 | AH8: 65 | AI8: 367 | AL8: 副手武器
A9: 35 | B9: 232,336 | C9: 302,437 | D9: 184,252 | E9: 239,328 | F9: 123,168 | G9: 160,218 | H9: 73,101 | I9: 95,131 | U9: 35 | V9: 293 | W9: 4900 | X9: 293 | Y9: 590 | Z9: 676 | AA9: =Z10*0.4+Z9*0.6 -> 757.6 | AB9: 1040 | AC9: =AB10*0.4+AB9*0.6 -> 1120 | AD9: 1329 | AE9: =AD10*0.4+AD9*0.6 -> 1601.4 | AF9: 542 | AG9: 596 | AH9: 82 | AI9: 588 | AL9: 项链
A10: 40 | B10: 292,423 | C10: 380,550 | D10: 233,317 | E10: 303,412 | F10: 155,212 | G10: 202,276 | H10: 93,127 | I10: 121,165 | U10: 40 | V10: 497 | W10: 6720 | X10: 387 | Y10: 740 | Z10: 880 | AA10: =Z11*0.4+Z10*0.6 -> 1029.2 | AB10: 1240 | AC10: =AB11*0.4+AB10*0.6 -> 1272 | AD10: 2010 | AE10: =AD11*0.4+AD10*0.6 -> 2231.2 | AF10: 542 | AG10: 751 | AH10: 108 | AI10: 880 | AL10: 手套
A11: 45 | B11: 395,570 | C11: 514,741 | D11: 314,428 | E11: 408,556 | F11: 210,285 | G11: 273,371 | H11: 125,171 | I11: 163,222 | U11: 45 | V11: 628 | W11: 8840 | X11: 497 | Y11: 740 | Z11: 1253 | AA11: =Z12*0.4+Z11*0.6 -> 1312.2 | AB11: 1320 | AC11: =AB12*0.4+AB11*0.6 -> 1368 | AD11: 2563 | AE11: =AD12*0.4+AD11*0.6 -> 2854.2 | AF11: 751 | AG11: 751 | AH11: 137 | AI11: 1255 | AL11: 鞋子
A12: 50 | B12: 446,644 | C12: 580,837 | D12: 355,483 | E12: 462,628 | F12: 237,322 | G12: 308,419 | H12: 142,193 | I12: 185,251 | U12: 50 | V12: 780 | W12: 11560 | X12: 628 | Y12: 975 | Z12: 1401 | AA12: =Z13*0.4+Z12*0.6 -> 1633 | AB12: 1440 | AC12: =AB13*0.4+AB12*0.6 -> 1576 | AD12: 3291 | AE12: =AD13*0.4+AD12*0.6 -> 3665.8 | AF12: 1000 | AG12: 1000 | AH12: 172 | AI12: 1726 | AL12: 腰带
A13: 55 | B13: 542,782 | C13: 705,1017 | D13: 432,587 | E13: 562,763 | F13: 288,391 | G13: 374,508 | H13: 172,235 | I13: 224,306 | U13: 55 | V13: 1153 | W13: 13920 | X13: 780 | Y13: 1080 | Z13: 1981 | AA13: =Z14*0.4+Z13*0.6 -> 2194.6 | AB13: 1780 | AC13: =AB14*0.4+AB13*0.6 -> 1972 | AD13: 4228 | AE13: =AD14*0.4+AD13*0.6 -> 4945.2 | AF13: 1291 | AG13: 1291 | AH13: 219 | AI13: 1726 | AL13: 戒指
A14: 60 | B14: 702,1012 | C14: 913,1316 | D14: 559,759 | E14: 727,987 | F14: 373,506 | G14: 485,658 | H14: 223,304 | I14: 290,395 | U14: 60 | V14: 1377 | W14: 13920 | X14: 1152 | Y14: 1260 | Z14: 2515 | AA14: =Z15*0.4+Z14*0.6 -> 2704.2 | AB14: 2260 | AC14: =AB15*0.4+AB14*0.6 -> 2404 | AD14: 6021 | AE14: =AD15*0.4+AD14*0.6 -> 6756.2 | AF14: 1628 | AG14: 1628 | AH14: 271 | AI14: 2300 | AL14: 头盔
A15: 65 | B15: 846,1219 | C15: 1100,1585 | D15: 674,914 | E15: 876,1188 | F15: 450,610 | G15: 585,793 | H15: 269,366 | I15: 350,476 | U15: 65 | V15: 1628 | W15: 16900 | X15: 1627 | Y15: 1470 | Z15: 2988 | AA15: =AB16*0.4+Z15*0.6 -> 3024.8 | AB15: 2620 | AC15: =AB16*0.4+AB15*0.6 -> 2804 | AD15: 7859 | AE15: =AG16*0.4+AD15*0.6 -> 4715.4 | AF15: 2015 | AG15: 2015 | AH15: 352 | AI15: 3884
A16: 70 | B16: 998,1438 | C16: 1297,1869 | D16: 795,1078 | E16: 1034,1401 | F16: 530,719 | G16: 689,935 | H16: 318,431 | I16: 413,560 | U16: 70 | Z16: 3522 | AB16: 3080 | AD16: 9808
A17: 75 | B17: 1224,1656 | C17: 1666,2254 | D17: 1008,1296 | E17: 1372,1764 | F17: 720,1008 | G17: 980,1372 | H17: 432,576 | I17: 588,784
A18: 80 | B18: 1378,1864 | C18: 1948,2636 | D18: 1135,1459 | E18: 1604,2063 | F18: 811,1135 | G18: 1146,1604 | H18: 486,648 | I18: 688,917
A19: 85 | B19: 1536,2078 | C19: 2172,2938 | D19: 1265,1626 | E19: 1789,2300 | F19: 904,1265 | G19: 1278,1789 | H19: 542,723 | I19: 767,1022
A20: 90 | B20: 1702,2302 | C20: 2405,3253 | D20: 1401,1802 | E20: 1980,2546 | F20: 1001,1401 | G20: 1415,1980 | H20: 601,801 | I20: 849,1132
A21: 95 | B21: 1873,2533 | C21: 2647,3581 | D21: 1542,1983 | E21: 2180,2803 | F21: 1102,1542 | G21: 1557,2180 | H21: 661,881 | I21: 934,1246
A22: 100 | B22: 2049,2773 | C22: 2897,3919 | D22: 1688,2170 | E22: 2386,3067 | F22: 1206,1688 | G22: 1704,2386 | H22: 723,964 | I22: 1022,1363
A24: 白色装备 | P24: 绿色装备 | AE24: 蓝色装备 | AT24: 紫色装备 | BI24: 橙色装备
A25: id | B25: 名字 | C25: 是否极品 | D25: 部位 | E25: 品质 | F25: 等级 | G25: 职业 | H25: 售出价 | I25: 熔炼获得熔炼值 | J25: 打造所需熔炼值 | K25: 洗练消耗金币 | L25: 装备主属性 | M25: 副属性区间 | N25: 神器属性 | P25: id | Q25: 名字 | R25: 是否极品 | S25: 部位 | T25: 品质 | U25: 等级 | V25: 职业 | W25: 售出价 | X25: 熔炼获得熔炼值 | Y25: 打造所需熔炼值 | Z25: 洗练消耗金币 | AA25: 装备主属性 | AB25: 副属性区间 | AC25: 神器属性 | AE25: id | AF25: 名字 | AG25: 是否极品 | AH25: 部位 | AI25: 品质 | AJ25: 等级 | AK25: 职业 | AL25: 售出价 | AM25: 熔炼获得熔炼值 | AN25: 打造所需熔炼值 | AO25: 洗练消耗金币 | AP25: 装备主属性 | AQ25: 副属性区间 | AR25: 神器属性 | AT25: id | AU25: 名字 | AV25: 是否极品 | AW25: 部位 | AX25: 品质 | AY25: 等级 | AZ25: 职业 | BA25: 售出价 | BB25: 熔炼获得熔炼值 | BC25: 打造所需熔炼值 | BD25: 洗练消耗金币 | BE25: 装备主属性 | BF25: 副属性区间 | BG25: 神器属性 | BI25: id | BJ25: 名字 | BK25: 是否极品 | BL25: 部位 | BM25: 品质 | BN25: 等级 | BO25: 职业 | BP25: 售出价 | BQ25: 熔炼获得熔炼值 | BR25: 打造所需熔炼值 | BS25: 洗练消耗金币 | BT25: 装备主属性 | BU25: 副属性区间 | BV25: 神器属性
A26: 10010010 | B26: 0 | C26: 0 | D26: 头盔 | E26: 白 | F26: 1 | G26: 全职业 | H26: 100 | I26: =INDEX([1]装备设计!$G$3:$G$7,MATCH([1]装备一览!E20,[1]装备设计!$F$3:$F$7,0)) -> 5 | J26: =INDEX([1]装备设计!$H$3:$H$7,MATCH([1]装备一览!E20,[1]装备设计!$F$3:$F$7,0)) -> 0 | K26: 0 | L26: =IF(C26=1,INDEX($V$2:$AI$15,MATCH(F26,$U$2:$U$15,0),MATCH(D26,$V$1:$AI$1,0))*0.6+INDEX($V$2:$AI$15,MATCH(F26,$U$2:$U$15,0)+1,MATCH(D26,$V$1:$AI$1,0))*0.4,INDEX($V$2:$AI$15,MATCH(F26,$U$2:$U$15,0),MATCH(D26,$V$1:$AI$1,0))) -> 0 | M26: 0,0 | P26: 20010010 | Q26: 0 | R26: 0 | S26: 头盔 | T26: 绿 | U26: 1 | V26: 全职业 | W26: 200 | X26: =INDEX([1]装备设计!$G$3:$G$7,MATCH([1]装备一览!T20,[1]装备设计!$F$3:$F$7,0)) -> 10 | Y26: =INDEX([1]装备设计!$H$3:$H$7,MATCH([1]装备一览!T20,[1]装备设计!$F$3:$F$7,0)) -> 0 | Z26: 0 | AA26: 0 | AB26: =IF(V26="全职业",VLOOKUP(U26,$A$2:$I$16,8,FALSE),VLOOKUP(U26,$A$2:$I$16,9,FALSE)) -> 1,3 | AE26: 30010010 | AF26: 0 | AG26: 0 | AH26: 头盔 | AI26: 蓝 | AJ26: 1 | AK26: 全职业 | AL26: 500 | AM26: =INDEX([1]装备设计!$G$3:$G$7,MATCH([1]装备一览!AI20,[1]装备设计!$F$3:$F$7,0)) -> 20 | AN26: =INDEX([1]装备设计!$H$3:$H$7,MATCH([1]装备一览!AI20,[1]装备设计!$F$3:$F$7,0)) -> 0 | AO26: 0 | AP26: 0 | AQ26: =IF(AK26="全职业",VLOOKUP(AJ26,$A$2:$I$16,6,FALSE),VLOOKUP(AJ26,$A$2:$I$16,7,FALSE)) -> 2,5 | AT26: 40010010 | AU26: 0 | AV26: 0 | AW26: 头盔 | AX26: 紫 | AY26: 1 | AZ26: 全职业 | BA26: 1000 | BB26: =INDEX([1]装备设计!$G$3:$G$7,MATCH([1]装备一览!AX20,[1]装备设计!$F$3:$F$7,0)) -> 50 | BC26: =INDEX([1]装备设计!$H$3:$H$7,MATCH([1]装备一览!AX20,[1]装备设计!$F$3:$F$7,0)) -> 500 | BD26: 0 | BE26: 0 | BF26: =IF(AZ26="全职业",VLOOKUP(AY26,$A$2:$I$16,4,FALSE),VLOOKUP(AY26,$A$2:$I$16,5,FALSE)) -> 3,7 | BI26: 50010010 | BJ26: 0 | BK26: 0 | BL26: 头盔 | BM26: 橙 | BN26: 1 | BO26: 全职业 | BP26: 2000 | BQ26: =INDEX([1]装备设计!$G$3:$G$7,MATCH([1]装备一览!BM20,[1]装备设计!$F$3:$F$7,0)) -> 150 | BR26: =INDEX([1]装备设计!$H$3:$H$7,MATCH([1]装备一览!BM20,[1]装备设计!$F$3:$F$7,0)) -> 1500 | BS26: 0 | BT26: 0 | BU26: =IF(BO26="全职业",VLOOKUP(BN26,$A$2:$I$16,2,FALSE),VLOOKUP(BN26,$A$2:$I$16,3,FALSE)) -> 4,9
A27: 10010020 | B27: 0 | C27: 0 | D27: 戒指 | E27: 白 | F27: 1 | G27: 全职业 | H27: 100 | I27: =INDEX([1]装备设计!$G$3:$G$7,MATCH([1]装备一览!E21,[1]装备设计!$F$3:$F$7,0)) -> 5 | J27: =INDEX([1]装备设计!$H$3:$H$7,MATCH([1]装备一览!E21,[1]装备设计!$F$3:$F$7,0)) -> 0 | K27: 0 | L27: =IF(C27=1,INDEX($V$2:$AI$15,MATCH(F27,$U$2:$U$15,0),MATCH(D27,$V$1:$AI$1,0))*0.6+INDEX($V$2:$AI$15,MATCH(F27,$U$2:$U$15,0)+1,MATCH(D27,$V$1:$AI$1,0))*0.4,INDEX($V$2:$AI$15,MATCH(F27,$U$2:$U$15,0),MATCH(D27,$V$1:$AI$1,0))) -> 20 | M27: 0,0 | P27: 20010020 | Q27: 0 | R27: 0 | S27: 戒指 | T27: 绿 | U27: 1 | V27: 全职业 | W27: 200 | X27: =INDEX([1]装备设计!$G$3:$G$7,MATCH([1]装备一览!T21,[1]装备设计!$F$3:$F$7,0)) -> 10 | Y27: =INDEX([1]装备设计!$H$3:$H$7,MATCH([1]装备一览!T21,[1]装备设计!$F$3:$F$7,0)) -> 0 | Z27: 0 | AA27: 20 | AB27: =IF(V27="全职业",VLOOKUP(U27,$A$2:$I$16,8,FALSE),VLOOKUP(U27,$A$2:$I$16,9,FALSE)) -> 1,3 | AE27: 30010020 | AF27: 0 | AG27: 0 | AH27: 戒指 | AI27: 蓝 | AJ27: 1 | AK27: 全职业 | AL27: 500 | AM27: =INDEX([1]装备设计!$G$3:$G$7,MATCH([1]装备一览!AI21,[1]装备设计!$F$3:$F$7,0)) -> 20 | AN27: =INDEX([1]装备设计!$H$3:$H$7,MATCH([1]装备一览!AI21,[1]装备设计!$F$3:$F$7,0)) -> 0 | AO27: 0 | AP27: 20 | AQ27: =IF(AK27="全职业",VLOOKUP(AJ27,$A$2:$I$16,6,FALSE),VLOOKUP(AJ27,$A$2:$I$16,7,FALSE)) -> 2,5 | AT27: 40010020 | AU27: 0 | AV27: 0 | AW27: 戒指 | AX27: 紫 | AY27: 1 | AZ27: 全职业 | BA27: 1000 | BB27: =INDEX([1]装备设计!$G$3:$G$7,MATCH([1]装备一览!AX21,[1]装备设计!$F$3:$F$7,0)) -> 50 | BC27: =INDEX([1]装备设计!$H$3:$H$7,MATCH([1]装备一览!AX21,[1]装备设计!$F$3:$F$7,0)) -> 500 | BD27: 0 | BE27: 20 | BF27: =IF(AZ27="全职业",VLOOKUP(AY27,$A$2:$I$16,4,FALSE),VLOOKUP(AY27,$A$2:$I$16,5,FALSE)) -> 3,7 | BI27: 50010020 | BJ27: 0 | BK27: 0 | BL27: 戒指 | BM27: 橙 | BN27: 1 | BO27: 全职业 | BP27: 2000 | BQ27: =INDEX([1]装备设计!$G$3:$G$7,MATCH([1]装备一览!BM21,[1]装备设计!$F$3:$F$7,0)) -> 150 | BR27: =INDEX([1]装备设计!$H$3:$H$7,MATCH([1]装备一览!BM21,[1]装备设计!$F$3:$F$7,0)) -> 1500 | BS27: 0 | BT27: 20 | BU27: =IF(BO27="全职业",VLOOKUP(BN27,$A$2:$I$16,2,FALSE),VLOOKUP(BN27,$A$2:$I$16,3,FALSE)) -> 4,9
A28: 10010030 | B28: 1 | C28: 0 | D28: 腰带 | E28: 白 | F28: 1 | G28: 全职业 | H28: 100 | I28: =INDEX([1]装备设计!$G$3:$G$7,MATCH([1]装备一览!E22,[1]装备设计!$F$3:$F$7,0)) -> 5 | J28: =INDEX([1]装备设计!$H$3:$H$7,MATCH([1]装备一览!E22,[1]装备设计!$F$3:$F$7,0)) -> 0 | K28: 0 | L28: =IF(C28=1,INDEX($V$2:$AI$15,MATCH(F28,$U$2:$U$15,0),MATCH(D28,$V$1:$AI$1,0))*0.6+INDEX($V$2:$AI$15,MATCH(F28,$U$2:$U$15,0)+1,MATCH(D28,$V$1:$AI$1,0))*0.4,INDEX($V$2:$AI$15,MATCH(F28,$U$2:$U$15,0),MATCH(D28,$V$1:$AI$1,0))) -> 100 | M28: 0,0 | P28: 20010030 | Q28: 1 | R28: 0 | S28: 腰带 | T28: 绿 | U28: 1 | V28: 全职业 | W28: 200 | X28: =INDEX([1]装备设计!$G$3:$G$7,MATCH([1]装备一览!T22,[1]装备设计!$F$3:$F$7,0)) -> 10 | Y28: =INDEX([1]装备设计!$H$3:$H$7,MATCH([1]装备一览!T22,[1]装备设计!$F$3:$F$7,0)) -> 0 | Z28: 0 | AA28: 100 | AB28: =IF(V28="全职业",VLOOKUP(U28,$A$2:$I$16,8,FALSE),VLOOKUP(U28,$A$2:$I$16,9,FALSE)) -> 1,3 | AE28: 30010030 | AF28: 1 | AG28: 0 | AH28: 腰带 | AI28: 蓝 | AJ28: 1 | AK28: 全职业 | AL28: 500 | AM28: =INDEX([1]装备设计!$G$3:$G$7,MATCH([1]装备一览!AI22,[1]装备设计!$F$3:$F$7,0)) -> 20 | AN28: =INDEX([1]装备设计!$H$3:$H$7,MATCH([1]装备一览!AI22,[1]装备设计!$F$3:$F$7,0)) -> 0 | AO28: 0 | AP28: 100 | AQ28: =IF(AK28="全职业",VLOOKUP(AJ28,$A$2:$I$16,6,FALSE),VLOOKUP(AJ28,$A$2:$I$16,7,FALSE)) -> 2,5 | AT28: 40010030 | AU28: 1 | AV28: 0 | AW28: 腰带 | AX28: 紫 | AY28: 1 | AZ28: 全职业 | BA28: 1000 | BB28: =INDEX([1]装备设计!$G$3:$G$7,MATCH([1]装备一览!AX22,[1]装备设计!$F$3:$F$7,0)) -> 50 | BC28: =INDEX([1]装备设计!$H$3:$H$7,MATCH([1]装备一览!AX22,[1]装备设计!$F$3:$F$7,0)) -> 500 | BD28: 0 | BE28: 100 | BF28: =IF(AZ28="全职业",VLOOKUP(AY28,$A$2:$I$16,4,FALSE),VLOOKUP(AY28,$A$2:$I$16,5,FALSE)) -> 3,7 | BI28: 50010030 | BJ28: 1 | BK28: 0 | BL28: 腰带 | BM28: 橙 | BN28: 1 | BO28: 全职业 | BP28: 2000 | BQ28: =INDEX([1]装备设计!$G$3:$G$7,MATCH([1]装备一览!BM22,[1]装备设计!$F$3:$F$7,0)) -> 150 | BR28: =INDEX([1]装备设计!$H$3:$H$7,MATCH([1]装备一览!BM22,[1]装备设计!$F$3:$F$7,0)) -> 1500 | BS28: 0 | BT28: 100 | BU28: =IF(BO28="全职业",VLOOKUP(BN28,$A$2:$I$16,2,FALSE),VLOOKUP(BN28,$A$2:$I$16,3,FALSE)) -> 4,9
A29: 10010080 | B29: 1 | C29: 0 | D29: 鞋子 | E29: 白 | F29: 1 | G29: 全职业 | H29: 100 | I29: =INDEX([1]装备设计!$G$3:$G$7,MATCH([1]装备一览!E23,[1]装备设计!$F$3:$F$7,0)) -> 5 | J29: =INDEX([1]装备设计!$H$3:$H$7,MATCH([1]装备一览!E23,[1]装备设计!$F$3:$F$7,0)) -> 0 | K29: 0 | L29: =IF(C29=1,INDEX($V$2:$AI$15,MATCH(F29,$U$2:$U$15,0),MATCH(D29,$V$1:$AI$1,0))*0.6+INDEX($V$2:$AI$15,MATCH(F29,$U$2:$U$15,0)+1,MATCH(D29,$V$1:$AI$1,0))*0.4,INDEX($V$2:$AI$15,MATCH(F29,$U$2:$U$15,0),MATCH(D29,$V$1:$AI$1,0))) -> 4 | M29: 0,0 | P29: 20010080 | Q29: 1 | R29: 0 | S29: 鞋子 | T29: 绿 | U29: 1 | V29: 全职业 | W29: 200 | X29: =INDEX([1]装备设计!$G$3:$G$7,MATCH([1]装备一览!T23,[1]装备设计!$F$3:$F$7,0)) -> 10 | Y29: =INDEX([1]装备设计!$H$3:$H$7,MATCH([1]装备一览!T23,[1]装备设计!$F$3:$F$7,0)) -> 0 | Z29: 0 | AA29: 4 | AB29: =IF(V29="全职业",VLOOKUP(U29,$A$2:$I$16,8,FALSE),VLOOKUP(U29,$A$2:$I$16,9,FALSE)) -> 1,3 | AE29: 30010080 | AF29: 1 | AG29: 0 | AH29: 鞋子 | AI29: 蓝 | AJ29: 1 | AK29: 全职业 | AL29: 500 | AM29: =INDEX([1]装备设计!$G$3:$G$7,MATCH([1]装备一览!AI23,[1]装备设计!$F$3:$F$7,0)) -> 20 | AN29: =INDEX([1]装备设计!$H$3:$H$7,MATCH([1]装备一览!AI23,[1]装备设计!$F$3:$F$7,0)) -> 0 | AO29: 0 | AP29: 4 | AQ29: =IF(AK29="全职业",VLOOKUP(AJ29,$A$2:$I$16,6,FALSE),VLOOKUP(AJ29,$A$2:$I$16,7,FALSE)) -> 2,5 | AT29: 40010080 | AU29: 1 | AV29: 0 | AW29: 鞋子 | AX29: 紫 | AY29: 1 | AZ29: 全职业 | BA29: 1000 | BB29: =INDEX([1]装备设计!$G$3:$G$7,MATCH([1]装备一览!AX23,[1]装备设计!$F$3:$F$7,0)) -> 50 | BC29: =INDEX([1]装备设计!$H$3:$H$7,MATCH([1]装备一览!AX23,[1]装备设计!$F$3:$F$7,0)) -> 500 | BD29: 0 | BE29: 4 | BF29: =IF(AZ29="全职业",VLOOKUP(AY29,$A$2:$I$16,4,FALSE),VLOOKUP(AY29,$A$2:$I$16,5,FALSE)) -> 3,7 | BI29: 50010080 | BJ29: 1 | BK29: 0 | BL29: 鞋子 | BM29: 橙 | BN29: 1 | BO29: 全职业 | BP29: 2000 | BQ29: =INDEX([1]装备设计!$G$3:$G$7,MATCH([1]装备一览!BM23,[1]装备设计!$F$3:$F$7,0)) -> 150 | BR29: =INDEX([1]装备设计!$H$3:$H$7,MATCH([1]装备一览!BM23,[1]装备设计!$F$3:$F$7,0)) -> 1500 | BS29: 0 | BT29: 4 | BU29: =IF(BO29="全职业",VLOOKUP(BN29,$A$2:$I$16,2,FALSE),VLOOKUP(BN29,$A$2:$I$16,3,FALSE)) -> 4,9
A30: 10010090 | B30: 1 | C30: 0 | D30: 手套 | E30: 白 | F30: 1 | G30: 全职业 | H30: 100 | I30: =INDEX([1]装备设计!$G$3:$G$7,MATCH([1]装备一览!E24,[1]装备设计!$F$3:$F$7,0)) -> 5 | J30: =INDEX([1]装备设计!$H$3:$H$7,MATCH([1]装备一览!E24,[1]装备设计!$F$3:$F$7,0)) -> 0 | K30: 0 | L30: =IF(C30=1,INDEX($V$2:$AI$15,MATCH(F30,$U$2:$U$15,0),MATCH(D30,$V$1:$AI$1,0))*0.6+INDEX($V$2:$AI$15,MATCH(F30,$U$2:$U$15,0)+1,MATCH(D30,$V$1:$AI$1,0))*0.4,INDEX($V$2:$AI$15,MATCH(F30,$U$2:$U$15,0),MATCH(D30,$V$1:$AI$1,0))) -> 9 | M30: 0,0 | P30: 20010090 | Q30: 1 | R30: 0 | S30: 手套 | T30: 绿 | U30: 1 | V30: 全职业 | W30: 200 | X30: =INDEX([1]装备设计!$G$3:$G$7,MATCH([1]装备一览!T24,[1]装备设计!$F$3:$F$7,0)) -> 10 | Y30: =INDEX([1]装备设计!$H$3:$H$7,MATCH([1]装备一览!T24,[1]装备设计!$F$3:$F$7,0)) -> 0 | Z30: 0 | AA30: 9 | AB30: =IF(V30="全职业",VLOOKUP(U30,$A$2:$I$16,8,FALSE),VLOOKUP(U30,$A$2:$I$16,9,FALSE)) -> 1,3 | AE30: 30010090 | AF30: 1 | AG30: 0 | AH30: 手套 | AI30: 蓝 | AJ30: 1 | AK30: 全职业 | AL30: 500 | AM30: =INDEX([1]装备设计!$G$3:$G$7,MATCH([1]装备一览!AI24,[1]装备设计!$F$3:$F$7,0)) -> 20 | AN30: =INDEX([1]装备设计!$H$3:$H$7,MATCH([1]装备一览!AI24,[1]装备设计!$F$3:$F$7,0)) -> 0 | AO30: 0 | AP30: 9 | AQ30: =IF(AK30="全职业",VLOOKUP(AJ30,$A$2:$I$16,6,FALSE),VLOOKUP(AJ30,$A$2:$I$16,7,FALSE)) -> 2,5 | AT30: 40010090 | AU30: 1 | AV30: 0 | AW30: 手套 | AX30: 紫 | AY30: 1 | AZ30: 全职业 | BA30: 1000 | BB30: =INDEX([1]装备设计!$G$3:$G$7,MATCH([1]装备一览!AX24,[1]装备设计!$F$3:$F$7,0)) -> 50 | BC30: =INDEX([1]装备设计!$H$3:$H$7,MATCH([1]装备一览!AX24,[1]装备设计!$F$3:$F$7,0)) -> 500 | BD30: 0 | BE30: 9 | BF30: =IF(AZ30="全职业",VLOOKUP(AY30,$A$2:$I$16,4,FALSE),VLOOKUP(AY30,$A$2:$I$16,5,FALSE)) -> 3,7 | BI30: 50010090 | BJ30: 1 | BK30: 0 | BL30: 手套 | BM30: 橙 | BN30: 1 | BO30: 全职业 | BP30: 2000 | BQ30: =INDEX([1]装备设计!$G$3:$G$7,MATCH([1]装备一览!BM24,[1]装备设计!$F$3:$F$7,0)) -> 150 | BR30: =INDEX([1]装备设计!$H$3:$H$7,MATCH([1]装备一览!BM24,[1]装备设计!$F$3:$F$7,0)) -> 1500 | BS30: 0 | BT30: 9 | BU30: =IF(BO30="全职业",VLOOKUP(BN30,$A$2:$I$16,2,FALSE),VLOOKUP(BN30,$A$2:$I$16,3,FALSE)) -> 4,9
A31: 10010100 | B31: 0 | C31: 0 | D31: 项链 | E31: 白 | F31: 1 | G31: 全职业 | H31: 100 | I31: =INDEX([1]装备设计!$G$3:$G$7,MATCH([1]装备一览!E25,[1]装备设计!$F$3:$F$7,0)) -> 5 | J31: =INDEX([1]装备设计!$H$3:$H$7,MATCH([1]装备一览!E25,[1]装备设计!$F$3:$F$7,0)) -> 0 | K31: 0 | L31: =IF(C31=1,INDEX($V$2:$AI$15,MATCH(F31,$U$2:$U$15,0),MATCH(D31,$V$1:$AI$1,0))*0.6+INDEX($V$2:$AI$15,MATCH(F31,$U$2:$U$15,0)+1,MATCH(D31,$V$1:$AI$1,0))*0.4,INDEX($V$2:$AI$15,MATCH(F31,$U$2:$U$15,0),MATCH(D31,$V$1:$AI$1,0))) -> 0 | M31: 0,0 | P31: 20010100 | Q31: 0 | R31: 0 | S31: 项链 | T31: 绿 | U31: 1 | V31: 全职业 | W31: 200 | X31: =INDEX([1]装备设计!$G$3:$G$7,MATCH([1]装备一览!T25,[1]装备设计!$F$3:$F$7,0)) -> 10 | Y31: =INDEX([1]装备设计!$H$3:$H$7,MATCH([1]装备一览!T25,[1]装备设计!$F$3:$F$7,0)) -> 0 | Z31: 0 | AA31: 0 | AB31: =IF(V31="全职业",VLOOKUP(U31,$A$2:$I$16,8,FALSE),VLOOKUP(U31,$A$2:$I$16,9,FALSE)) -> 1,3 | AE31: 30010100 | AF31: 0 | AG31: 0 | AH31: 项链 | AI31: 蓝 | AJ31: 1 | AK31: 全职业 | AL31: 500 | AM31: =INDEX([1]装备设计!$G$3:$G$7,MATCH([1]装备一览!AI25,[1]装备设计!$F$3:$F$7,0)) -> 20 | AN31: =INDEX([1]装备设计!$H$3:$H$7,MATCH([1]装备一览!AI25,[1]装备设计!$F$3:$F$7,0)) -> 0 | AO31: 0 | AP31: 0 | AQ31: =IF(AK31="全职业",VLOOKUP(AJ31,$A$2:$I$16,6,FALSE),VLOOKUP(AJ31,$A$2:$I$16,7,FALSE)) -> 2,5 | AT31: 40010100 | AU31: 0 | AV31: 0 | AW31: 项链 | AX31: 紫 | AY31: 1 | AZ31: 全职业 | BA31: 1000 | BB31: =INDEX([1]装备设计!$G$3:$G$7,MATCH([1]装备一览!AX25,[1]装备设计!$F$3:$F$7,0)) -> 50 | BC31: =INDEX([1]装备设计!$H$3:$H$7,MATCH([1]装备一览!AX25,[1]装备设计!$F$3:$F$7,0)) -> 500 | BD31: 0 | BE31: 0 | BF31: =IF(AZ31="全职业",VLOOKUP(AY31,$A$2:$I$16,4,FALSE),VLOOKUP(AY31,$A$2:$I$16,5,FALSE)) -> 3,7 | BI31: 50010100 | BJ31: 0 | BK31: 0 | BL31: 项链 | BM31: 橙 | BN31: 1 | BO31: 全职业 | BP31: 2000 | BQ31: =INDEX([1]装备设计!$G$3:$G$7,MATCH([1]装备一览!BM25,[1]装备设计!$F$3:$F$7,0)) -> 150 | BR31: =INDEX([1]装备设计!$H$3:$H$7,MATCH([1]装备一览!BM25,[1]装备设计!$F$3:$F$7,0)) -> 1500 | BS31: 0 | BT31: 0 | BU31: =IF(BO31="全职业",VLOOKUP(BN31,$A$2:$I$16,2,FALSE),VLOOKUP(BN31,$A$2:$I$16,3,FALSE)) -> 4,9
A32: 10011050 | B32: 1 | C32: 0 | D32: 主手武器 | E32: 白 | F32: 1 | G32: 战士 | H32: 100 | I32: =INDEX([1]装备设计!$G$3:$G$7,MATCH([1]装备一览!E26,[1]装备设计!$F$3:$F$7,0)) -> 5 | J32: =INDEX([1]装备设计!$H$3:$H$7,MATCH([1]装备一览!E26,[1]装备设计!$F$3:$F$7,0)) -> 0 | K32: 0 | L32: =IF(C32=1,INDEX($V$2:$AI$15,MATCH(F32,$U$2:$U$15,0),MATCH(D32,$V$1:$AI$1,0))*0.6+INDEX($V$2:$AI$15,MATCH(F32,$U$2:$U$15,0)+1,MATCH(D32,$V$1:$AI$1,0))*0.4,INDEX($V$2:$AI$15,MATCH(F32,$U$2:$U$15,0),MATCH(D32,$V$1:$AI$1,0))) -> 8 | M32: 0,0 | P32: 20011050 | Q32: 1 | R32: 0 | S32: 主手武器 | T32: 绿 | U32: 1 | V32: 战士 | W32: 200 | X32: =INDEX([1]装备设计!$G$3:$G$7,MATCH([1]装备一览!T26,[1]装备设计!$F$3:$F$7,0)) -> 10 | Y32: =INDEX([1]装备设计!$H$3:$H$7,MATCH([1]装备一览!T26,[1]装备设计!$F$3:$F$7,0)) -> 0 | Z32: 0 | AA32: 8 | AB32: =IF(V32="全职业",VLOOKUP(U32,$A$2:$I$16,8,FALSE),VLOOKUP(U32,$A$2:$I$16,9,FALSE)) -> 1,4 | AE32: 30011050 | AF32: 1 | AG32: 0 | AH32: 主手武器 | AI32: 蓝 | AJ32: 1 | AK32: 战士 | AL32: 500 | AM32: =INDEX([1]装备设计!$G$3:$G$7,MATCH([1]装备一览!AI26,[1]装备设计!$F$3:$F$7,0)) -> 20 | AN32: =INDEX([1]装备设计!$H$3:$H$7,MATCH([1]装备一览!AI26,[1]装备设计!$F$3:$F$7,0)) -> 0 | AO32: 0 | AP32: 8 | AQ32: =IF(AK32="全职业",VLOOKUP(AJ32,$A$2:$I$16,6,FALSE),VLOOKUP(AJ32,$A$2:$I$16,7,FALSE)) -> 3,7 | AT32: 40011050 | AU32: 1 | AV32: 0 | AW32: 主手武器 | AX32: 紫 | AY32: 1 | AZ32: 战士 | BA32: 1000 | BB32: =INDEX([1]装备设计!$G$3:$G$7,MATCH([1]装备一览!AX26,[1]装备设计!$F$3:$F$7,0)) -> 50 | BC32: =INDEX([1]装备设计!$H$3:$H$7,MATCH([1]装备一览!AX26,[1]装备设计!$F$3:$F$7,0)) -> 500 | BD32: 0 | BE32: 8 | BF32: =IF(AZ32="全职业",VLOOKUP(AY32,$A$2:$I$16,4,FALSE),VLOOKUP(AY32,$A$2:$I$16,5,FALSE)) -> 4,9 | BI32: 50011050 | BJ32: 1 | BK32: 0 | BL32: 主手武器 | BM32: 橙 | BN32: 1 | BO32: 战士 | BP32: 2000 | BQ32: =INDEX([1]装备设计!$G$3:$G$7,MATCH([1]装备一览!BM26,[1]装备设计!$F$3:$F$7,0)) -> 150 | BR32: =INDEX([1]装备设计!$H$3:$H$7,MATCH([1]装备一览!BM26,[1]装备设计!$F$3:$F$7,0)) -> 1500 | BS32: 0 | BT32: 8 | BU32: =IF(BO32="全职业",VLOOKUP(BN32,$A$2:$I$16,2,FALSE),VLOOKUP(BN32,$A$2:$I$16,3,FALSE)) -> 5,12
A33: 10011051 | B33: 1 | C33: 1 | D33: 主手武器 | E33: 白 | F33: 1 | G33: 战士 | H33: 400 | I33: =INDEX([1]装备设计!$G$3:$G$7,MATCH([1]装备一览!E27,[1]装备设计!$F$3:$F$7,0)) -> 5 | J33: =INDEX([1]装备设计!$H$3:$H$7,MATCH([1]装备一览!E27,[1]装备设计!$F$3:$F$7,0)) -> 0 | K33: 0 | L33: =IF(C33=1,INDEX($V$2:$AI$15,MATCH(F33,$U$2:$U$15,0),MATCH(D33,$V$1:$AI$1,0))*0.6+INDEX($V$2:$AI$15,MATCH(F33,$U$2:$U$15,0)+1,MATCH(D33,$V$1:$AI$1,0))*0.4,INDEX($V$2:$AI$15,MATCH(F33,$U$2:$U$15,0),MATCH(D33,$V$1:$AI$1,0))) -> 16.8 | M33: 0,0 | P33: 20011051 | Q33: 1 | R33: 1 | S33: 主手武器 | T33: 绿 | U33: 1 | V33: 战士 | W33: 800 | X33: =INDEX([1]装备设计!$G$3:$G$7,MATCH([1]装备一览!T27,[1]装备设计!$F$3:$F$7,0)) -> 10 | Y33: =INDEX([1]装备设计!$H$3:$H$7,MATCH([1]装备一览!T27,[1]装备设计!$F$3:$F$7,0)) -> 0 | Z33: 0 | AA33: 16.8 | AB33: =IF(V33="全职业",VLOOKUP(U33,$A$2:$I$16,8,FALSE),VLOOKUP(U33,$A$2:$I$16,9,FALSE)) -> 1,4 | AE33: 30011051 | AF33: 1 | AG33: 1 | AH33: 主手武器 | AI33: 蓝 | AJ33: 1 | AK33: 战士 | AL33: 2000 | AM33: =INDEX([1]装备设计!$G$3:$G$7,MATCH([1]装备一览!AI27,[1]装备设计!$F$3:$F$7,0)) -> 20 | AN33: =INDEX([1]装备设计!$H$3:$H$7,MATCH([1]装备一览!AI27,[1]装备设计!$F$3:$F$7,0)) -> 0 | AO33: 0 | AP33: 16.8 | AQ33: =IF(AK33="全职业",VLOOKUP(AJ33,$A$2:$I$16,6,FALSE),VLOOKUP(AJ33,$A$2:$I$16,7,FALSE)) -> 3,7 | AT33: 40011051 | AU33: 1 | AV33: 1 | AW33: 主手武器 | AX33: 紫 | AY33: 1 | AZ33: 战士 | BA33: 4000 | BB33: =INDEX([1]装备设计!$G$3:$G$7,MATCH([1]装备一览!AX27,[1]装备设计!$F$3:$F$7,0)) -> 50 | BC33: =INDEX([1]装备设计!$H$3:$H$7,MATCH([1]装备一览!AX27,[1]装备设计!$F$3:$F$7,0)) -> 500 | BD33: 0 | BE33: 16.8 | BF33: =IF(AZ33="全职业",VLOOKUP(AY33,$A$2:$I$16,4,FALSE),VLOOKUP(AY33,$A$2:$I$16,5,FALSE)) -> 4,9 | BI33: 50011051 | BJ33: 1 | BK33: 1 | BL33: 主手武器 | BM33: 橙 | BN33: 1 | BO33: 战士 | BP33: 8000 | BQ33: =INDEX([1]装备设计!$G$3:$G$7,MATCH([1]装备一览!BM27,[1]装备设计!$F$3:$F$7,0)) -> 150 | BR33: =INDEX([1]装备设计!$H$3:$H$7,MATCH([1]装备一览!BM27,[1]装备设计!$F$3:$F$7,0)) -> 1500 | BS33: 0 | BT33: 16.8 | BU33: =IF(BO33="全职业",VLOOKUP(BN33,$A$2:$I$16,2,FALSE),VLOOKUP(BN33,$A$2:$I$16,3,FALSE)) -> 5,12
A34: 10011060 | B34: 1 | C34: 0 | D34: 副手武器 | E34: 白 | F34: 1 | G34: 战士 | H34: 100 | I34: =INDEX([1]装备设计!$G$3:$G$7,MATCH([1]装备一览!E28,[1]装备设计!$F$3:$F$7,0)) -> 5 | J34: =INDEX([1]装备设计!$H$3:$H$7,MATCH([1]装备一览!E28,[1]装备设计!$F$3:$F$7,0)) -> 0 | K34: 0 | L34: =IF(C34=1,INDEX($V$2:$AI$15,MATCH(F34,$U$2:$U$15,0),MATCH(D34,$V$1:$AI$1,0))*0.6+INDEX($V$2:$AI$15,MATCH(F34,$U$2:$U$15,0)+1,MATCH(D34,$V$1:$AI$1,0))*0.4,INDEX($V$2:$AI$15,MATCH(F34,$U$2:$U$15,0),MATCH(D34,$V$1:$AI$1,0))) -> 4 | M34: 0,0 | P34: 20011060 | Q34: 1 | R34: 0 | S34: 副手武器 | T34: 绿 | U34: 1 | V34: 战士 | W34: 200 | X34: =INDEX([1]装备设计!$G$3:$G$7,MATCH([1]装备一览!T28,[1]装备设计!$F$3:$F$7,0)) -> 10 | Y34: =INDEX([1]装备设计!$H$3:$H$7,MATCH([1]装备一览!T28,[1]装备设计!$F$3:$F$7,0)) -> 0 | Z34: 0 | AA34: 4 | AB34: =IF(V34="全职业",VLOOKUP(U34,$A$2:$I$16,8,FALSE),VLOOKUP(U34,$A$2:$I$16,9,FALSE)) -> 1,4 | AE34: 30011060 | AF34: 1 | AG34: 0 | AH34: 副手武器 | AI34: 蓝 | AJ34: 1 | AK34: 战士 | AL34: 500 | AM34: =INDEX([1]装备设计!$G$3:$G$7,MATCH([1]装备一览!AI28,[1]装备设计!$F$3:$F$7,0)) -> 20 | AN34: =INDEX([1]装备设计!$H$3:$H$7,MATCH([1]装备一览!AI28,[1]装备设计!$F$3:$F$7,0)) -> 0 | AO34: 0 | AP34: 4 | AQ34: =IF(AK34="全职业",VLOOKUP(AJ34,$A$2:$I$16,6,FALSE),VLOOKUP(AJ34,$A$2:$I$16,7,FALSE)) -> 3,7 | AT34: 40011060 | AU34: 1 | AV34: 0 | AW34: 副手武器 | AX34: 紫 | AY34: 1 | AZ34: 战士 | BA34: 1000 | BB34: =INDEX([1]装备设计!$G$3:$G$7,MATCH([1]装备一览!AX28,[1]装备设计!$F$3:$F$7,0)) -> 50 | BC34: =INDEX([1]装备设计!$H$3:$H$7,MATCH([1]装备一览!AX28,[1]装备设计!$F$3:$F$7,0)) -> 500 | BD34: 0 | BE34: 4 | BF34: =IF(AZ34="全职业",VLOOKUP(AY34,$A$2:$I$16,4,FALSE),VLOOKUP(AY34,$A$2:$I$16,5,FALSE)) -> 4,9 | BI34: 50011060 | BJ34: 1 | BK34: 0 | BL34: 副手武器 | BM34: 橙 | BN34: 1 | BO34: 战士 | BP34: 2000 | BQ34: =INDEX([1]装备设计!$G$3:$G$7,MATCH([1]装备一览!BM28,[1]装备设计!$F$3:$F$7,0)) -> 150 | BR34: =INDEX([1]装备设计!$H$3:$H$7,MATCH([1]装备一览!BM28,[1]装备设计!$F$3:$F$7,0)) -> 1500 | BS34: 0 | BT34: 4 | BU34: =IF(BO34="全职业",VLOOKUP(BN34,$A$2:$I$16,2,FALSE),VLOOKUP(BN34,$A$2:$I$16,3,FALSE)) -> 5,12
A35: 10011061 | B35: 0 | C35: 1 | D35: 副手武器 | E35: 白 | F35: 1 | G35: 战士 | H35: 400 | I35: =INDEX([1]装备设计!$G$3:$G$7,MATCH([1]装备一览!E29,[1]装备设计!$F$3:$F$7,0)) -> 5 | J35: =INDEX([1]装备设计!$H$3:$H$7,MATCH([1]装备一览!E29,[1]装备设计!$F$3:$F$7,0)) -> 0 | K35: 0 | L35: =IF(C35=1,INDEX($V$2:$AI$15,MATCH(F35,$U$2:$U$15,0),MATCH(D35,$V$1:$AI$1,0))*0.6+INDEX($V$2:$AI$15,MATCH(F35,$U$2:$U$15,0)+1,MATCH(D35,$V$1:$AI$1,0))*0.4,INDEX($V$2:$AI$15,MATCH(F35,$U$2:$U$15,0),MATCH(D35,$V$1:$AI$1,0))) -> 7.2 | M35: 0,0 | P35: 20011061 | Q35: 0 | R35: 1 | S35: 副手武器 | T35: 绿 | U35: 1 | V35: 战士 | W35: 800 | X35: =INDEX([1]装备设计!$G$3:$G$7,MATCH([1]装备一览!T29,[1]装备设计!$F$3:$F$7,0)) -> 10 | Y35: =INDEX([1]装备设计!$H$3:$H$7,MATCH([1]装备一览!T29,[1]装备设计!$F$3:$F$7,0)) -> 0 | Z35: 0 | AA35: 7.2 | AB35: =IF(V35="全职业",VLOOKUP(U35,$A$2:$I$16,8,FALSE),VLOOKUP(U35,$A$2:$I$16,9,FALSE)) -> 1,4 | AE35: 30011061 | AF35: 0 | AG35: 1 | AH35: 副手武器 | AI35: 蓝 | AJ35: 1 | AK35: 战士 | AL35: 2000 | AM35: =INDEX([1]装备设计!$G$3:$G$7,MATCH([1]装备一览!AI29,[1]装备设计!$F$3:$F$7,0)) -> 20 | AN35: =INDEX([1]装备设计!$H$3:$H$7,MATCH([1]装备一览!AI29,[1]装备设计!$F$3:$F$7,0)) -> 0 | AO35: 0 | AP35: 7.2 | AQ35: =IF(AK35="全职业",VLOOKUP(AJ35,$A$2:$I$16,6,FALSE),VLOOKUP(AJ35,$A$2:$I$16,7,FALSE)) -> 3,7 | AT35: 40011061 | AU35: 0 | AV35: 1 | AW35: 副手武器 | AX35: 紫 | AY35: 1 | AZ35: 战士 | BA35: 4000 | BB35: =INDEX([1]装备设计!$G$3:$G$7,MATCH([1]装备一览!AX29,[1]装备设计!$F$3:$F$7,0)) -> 50 | BC35: =INDEX([1]装备设计!$H$3:$H$7,MATCH([1]装备一览!AX29,[1]装备设计!$F$3:$F$7,0)) -> 500 | BD35: 0 | BE35: 7.2 | BF35: =IF(AZ35="全职业",VLOOKUP(AY35,$A$2:$I$16,4,FALSE),VLOOKUP(AY35,$A$2:$I$16,5,FALSE)) -> 4,9 | BI35: 50011061 | BJ35: 0 | BK35: 1 | BL35: 副手武器 | BM35: 橙 | BN35: 1 | BO35: 战士 | BP35: 8000 | BQ35: =INDEX([1]装备设计!$G$3:$G$7,MATCH([1]装备一览!BM29,[1]装备设计!$F$3:$F$7,0)) -> 150 | BR35: =INDEX([1]装备设计!$H$3:$H$7,MATCH([1]装备一览!BM29,[1]装备设计!$F$3:$F$7,0)) -> 1500 | BS35: 0 | BT35: 7.2 | BU35: =IF(BO35="全职业",VLOOKUP(BN35,$A$2:$I$16,2,FALSE),VLOOKUP(BN35,$A$2:$I$16,3,FALSE)) -> 5,12
A36: 10012050 | B36: 1 | C36: 0 | D36: 主手武器 | E36: 白 | F36: 1 | G36: 猎人 | H36: 100 | I36: =INDEX([1]装备设计!$G$3:$G$7,MATCH([1]装备一览!E30,[1]装备设计!$F$3:$F$7,0)) -> 5 | J36: =INDEX([1]装备设计!$H$3:$H$7,MATCH([1]装备一览!E30,[1]装备设计!$F$3:$F$7,0)) -> 0 | K36: 0 | L36: =IF(C36=1,INDEX($V$2:$AI$15,MATCH(F36,$U$2:$U$15,0),MATCH(D36,$V$1:$AI$1,0))*0.6+INDEX($V$2:$AI$15,MATCH(F36,$U$2:$U$15,0)+1,MATCH(D36,$V$1:$AI$1,0))*0.4,INDEX($V$2:$AI$15,MATCH(F36,$U$2:$U$15,0),MATCH(D36,$V$1:$AI$1,0))) -> 8 | M36: 0,0 | P36: 20012050 | Q36: 1 | R36: 0 | S36: 主手武器 | T36: 绿 | U36: 1 | V36: 猎人 | W36: 200 | X36: =INDEX([1]装备设计!$G$3:$G$7,MATCH([1]装备一览!T30,[1]装备设计!$F$3:$F$7,0)) -> 10 | Y36: =INDEX([1]装备设计!$H$3:$H$7,MATCH([1]装备一览!T30,[1]装备设计!$F$3:$F$7,0)) -> 0 | Z36: 0 | AA36: 8 | AB36: =IF(V36="全职业",VLOOKUP(U36,$A$2:$I$16,8,FALSE),VLOOKUP(U36,$A$2:$I$16,9,FALSE)) -> 1,4 | AE36: 30012050 | AF36: 1 | AG36: 0 | AH36: 主手武器 | AI36: 蓝 | AJ36: 1 | AK36: 猎人 | AL36: 500 | AM36: =INDEX([1]装备设计!$G$3:$G$7,MATCH([1]装备一览!AI30,[1]装备设计!$F$3:$F$7,0)) -> 20 | AN36: =INDEX([1]装备设计!$H$3:$H$7,MATCH([1]装备一览!AI30,[1]装备设计!$F$3:$F$7,0)) -> 0 | AO36: 0 | AP36: 8 | AQ36: =IF(AK36="全职业",VLOOKUP(AJ36,$A$2:$I$16,6,FALSE),VLOOKUP(AJ36,$A$2:$I$16,7,FALSE)) -> 3,7 | AT36: 40012050 | AU36: 1 | AV36: 0 | AW36: 主手武器 | AX36: 紫 | AY36: 1 | AZ36: 猎人 | BA36: 1000 | BB36: =INDEX([1]装备设计!$G$3:$G$7,MATCH([1]装备一览!AX30,[1]装备设计!$F$3:$F$7,0)) -> 50 | BC36: =INDEX([1]装备设计!$H$3:$H$7,MATCH([1]装备一览!AX30,[1]装备设计!$F$3:$F$7,0)) -> 500 | BD36: 0 | BE36: 8 | BF36: =IF(AZ36="全职业",VLOOKUP(AY36,$A$2:$I$16,4,FALSE),VLOOKUP(AY36,$A$2:$I$16,5,FALSE)) -> 4,9 | BI36: 50012050 | BJ36: 1 | BK36: 0 | BL36: 主手武器 | BM36: 橙 | BN36: 1 | BO36: 猎人 | BP36: 2000 | BQ36: =INDEX([1]装备设计!$G$3:$G$7,MATCH([1]装备一览!BM30,[1]装备设计!$F$3:$F$7,0)) -> 150 | BR36: =INDEX([1]装备设计!$H$3:$H$7,MATCH([1]装备一览!BM30,[1]装备设计!$F$3:$F$7,0)) -> 1500 | BS36: 0 | BT36: 8 | BU36: =IF(BO36="全职业",VLOOKUP(BN36,$A$2:$I$16,2,FALSE),VLOOKUP(BN36,$A$2:$I$16,3,FALSE)) -> 5,12
A37: 10012051 | B37: 1 | C37: 1 | D37: 主手武器 | E37: 白 | F37: 1 | G37: 猎人 | H37: 400 | I37: =INDEX([1]装备设计!$G$3:$G$7,MATCH([1]装备一览!E31,[1]装备设计!$F$3:$F$7,0)) -> 5 | J37: =INDEX([1]装备设计!$H$3:$H$7,MATCH([1]装备一览!E31,[1]装备设计!$F$3:$F$7,0)) -> 0 | K37: 0 | L37: =IF(C37=1,INDEX($V$2:$AI$15,MATCH(F37,$U$2:$U$15,0),MATCH(D37,$V$1:$AI$1,0))*0.6+INDEX($V$2:$AI$15,MATCH(F37,$U$2:$U$15,0)+1,MATCH(D37,$V$1:$AI$1,0))*0.4,INDEX($V$2:$AI$15,MATCH(F37,$U$2:$U$15,0),MATCH(D37,$V$1:$AI$1,0))) -> 16.8 | M37: 0,0 | P37: 20012051 | Q37: 1 | R37: 1 | S37: 主手武器 | T37: 绿 | U37: 1 | V37: 猎人 | W37: 800 | X37: =INDEX([1]装备设计!$G$3:$G$7,MATCH([1]装备一览!T31,[1]装备设计!$F$3:$F$7,0)) -> 10 | Y37: =INDEX([1]装备设计!$H$3:$H$7,MATCH([1]装备一览!T31,[1]装备设计!$F$3:$F$7,0)) -> 0 | Z37: 0 | AA37: 16.8 | AB37: =IF(V37="全职业",VLOOKUP(U37,$A$2:$I$16,8,FALSE),VLOOKUP(U37,$A$2:$I$16,9,FALSE)) -> 1,4 | AE37: 30012051 | AF37: 1 | AG37: 1 | AH37: 主手武器 | AI37: 蓝 | AJ37: 1 | AK37: 猎人 | AL37: 2000 | AM37: =INDEX([1]装备设计!$G$3:$G$7,MATCH([1]装备一览!AI31,[1]装备设计!$F$3:$F$7,0)) -> 20 | AN37: =INDEX([1]装备设计!$H$3:$H$7,MATCH([1]装备一览!AI31,[1]装备设计!$F$3:$F$7,0)) -> 0 | AO37: 0 | AP37: 16.8 | AQ37: =IF(AK37="全职业",VLOOKUP(AJ37,$A$2:$I$16,6,FALSE),VLOOKUP(AJ37,$A$2:$I$16,7,FALSE)) -> 3,7 | AT37: 40012051 | AU37: 1 | AV37: 1 | AW37: 主手武器 | AX37: 紫 | AY37: 1 | AZ37: 猎人 | BA37: 4000 | BB37: =INDEX([1]装备设计!$G$3:$G$7,MATCH([1]装备一览!AX31,[1]装备设计!$F$3:$F$7,0)) -> 50 | BC37: =INDEX([1]装备设计!$H$3:$H$7,MATCH([1]装备一览!AX31,[1]装备设计!$F$3:$F$7,0)) -> 500 | BD37: 0 | BE37: 16.8 | BF37: =IF(AZ37="全职业",VLOOKUP(AY37,$A$2:$I$16,4,FALSE),VLOOKUP(AY37,$A$2:$I$16,5,FALSE)) -> 4,9 | BI37: 50012051 | BJ37: 1 | BK37: 1 | BL37: 主手武器 | BM37: 橙 | BN37: 1 | BO37: 猎人 | BP37: 8000 | BQ37: =INDEX([1]装备设计!$G$3:$G$7,MATCH([1]装备一览!BM31,[1]装备设计!$F$3:$F$7,0)) -> 150 | BR37: =INDEX([1]装备设计!$H$3:$H$7,MATCH([1]装备一览!BM31,[1]装备设计!$F$3:$F$7,0)) -> 1500 | BS37: 0 | BT37: 16.8 | BU37: =IF(BO37="全职业",VLOOKUP(BN37,$A$2:$I$16,2,FALSE),VLOOKUP(BN37,$A$2:$I$16,3,FALSE)) -> 5,12
... A41: 10013051 | B41: 1 | C41: 1 | D41: 主手武器 | E41: 白 | F41: 1 | G41: 法师 | H41: 400 | I41: =INDEX([1]装备设计!$G$3:$G$7,MATCH([1]装备一览!E35,[1]装备设计!$F$3:$F$7,0)) -> 5 | J41: =INDEX([1]装备设计!$H$3:$H$7,MATCH([1]装备一览!E35,[1]装备设计!$F$3:$F$7,0)) -> 0 | K41: 0 | L41: =IF(C41=1,INDEX($V$2:$AI$15,MATCH(F41,$U$2:$U$15,0),MATCH(D41,$V$1:$AI$1,0))*0.6+INDEX($V$2:$AI$15,MATCH(F41,$U$2:$U$15,0)+1,MATCH(D41,$V$1:$AI$1,0))*0.4,INDEX($V$2:$AI$15,MATCH(F41,$U$2:$U$15,0),MATCH(D41,$V$1:$AI$1,0))) -> 16.8 | M41: 0,0 | P41: 20013051 | Q41: 1 | R41: 1 | S41: 主手武器 | T41: 绿 | U41: 1 | V41: 法师 | W41: 800 | X41: =INDEX([1]装备设计!$G$3:$G$7,MATCH([1]装备一览!T35,[1]装备设计!$F$3:$F$7,0)) -> 10 | Y41: =INDEX([1]装备设计!$H$3:$H$7,MATCH([1]装备一览!T35,[1]装备设计!$F$3:$F$7,0)) -> 0 | Z41: 0 | AA41: 16.8 | AB41: =IF(V41="全职业",VLOOKUP(U41,$A$2:$I$16,8,FALSE),VLOOKUP(U41,$A$2:$I$16,9,FALSE)) -> 1,4 | AE41: 30013051 | AF41: 1 | AG41: 1 | AH41: 主手武器 | AI41: 蓝 | AJ41: 1 | AK41: 法师 | AL41: 2000 | AM41: =INDEX([1]装备设计!$G$3:$G$7,MATCH([1]装备一览!AI35,[1]装备设计!$F$3:$F$7,0)) -> 20 | AN41: =INDEX([1]装备设计!$H$3:$H$7,MATCH([1]装备一览!AI35,[1]装备设计!$F$3:$F$7,0)) -> 0 | AO41: 0 | AP41: 16.8 | AQ41: =IF(AK41="全职业",VLOOKUP(AJ41,$A$2:$I$16,6,FALSE),VLOOKUP(AJ41,$A$2:$I$16,7,FALSE)) -> 3,7 | AT41: 40013051 | AU41: 1 | AV41: 1 | AW41: 主手武器 | AX41: 紫 | AY41: 1 | AZ41: 法师 | BA41: 4000 | BB41: =INDEX([1]装备设计!$G$3:$G$7,MATCH([1]装备一览!AX35,[1]装备设计!$F$3:$F$7,0)) -> 50 | BC41: =INDEX([1]装备设计!$H$3:$H$7,MATCH([1]装备一览!AX35,[1]装备设计!$F$3:$F$7,0)) -> 500 | BD41: 0 | BE41: 16.8 | BF41: =IF(AZ41="全职业",VLOOKUP(AY41,$A$2:$I$16,4,FALSE),VLOOKUP(AY41,$A$2:$I$16,5,FALSE)) -> 4,9 | BI41: 50013051 | BJ41: 1 | BK41: 1 | BL41: 主手武器 | BM41: 橙 | BN41: 1 | BO41: 法师 | BP41: 8000 | BQ41: =INDEX([1]装备设计!$G$3:$G$7,MATCH([1]装备一览!BM35,[1]装备设计!$F$3:$F$7,0)) -> 150 | BR41: =INDEX([1]装备设计!$H$3:$H$7,MATCH([1]装备一览!BM35,[1]装备设计!$F$3:$F$7,0)) -> 1500 | BS41: 0 | BT41: 16.8 | BU41: =IF(BO41="全职业",VLOOKUP(BN41,$A$2:$I$16,2,FALSE),VLOOKUP(BN41,$A$2:$I$16,3,FALSE)) -> 5,12
A42: 10013060 | B42: 1 | C42: 0 | D42: 副手武器 | E42: 白 | F42: 1 | G42: 法师 | H42: 100 | I42: =INDEX([1]装备设计!$G$3:$G$7,MATCH([1]装备一览!E36,[1]装备设计!$F$3:$F$7,0)) -> 5 | J42: =INDEX([1]装备设计!$H$3:$H$7,MATCH([1]装备一览!E36,[1]装备设计!$F$3:$F$7,0)) -> 0 | K42: 0 | L42: 30 | M42: 0,0 | P42: 20013060 | Q42: 1 | R42: 0 | S42: 副手武器 | T42: 绿 | U42: 1 | V42: 法师 | W42: 200 | X42: =INDEX([1]装备设计!$G$3:$G$7,MATCH([1]装备一览!T36,[1]装备设计!$F$3:$F$7,0)) -> 10 | Y42: =INDEX([1]装备设计!$H$3:$H$7,MATCH([1]装备一览!T36,[1]装备设计!$F$3:$F$7,0)) -> 0 | Z42: 0 | AA42: 30 | AB42: =IF(V42="全职业",VLOOKUP(U42,$A$2:$I$16,8,FALSE),VLOOKUP(U42,$A$2:$I$16,9,FALSE)) -> 1,4 | AE42: 30013060 | AF42: 1 | AG42: 0 | AH42: 副手武器 | AI42: 蓝 | AJ42: 1 | AK42: 法师 | AL42: 500 | AM42: =INDEX([1]装备设计!$G$3:$G$7,MATCH([1]装备一览!AI36,[1]装备设计!$F$3:$F$7,0)) -> 20 | AN42: =INDEX([1]装备设计!$H$3:$H$7,MATCH([1]装备一览!AI36,[1]装备设计!$F$3:$F$7,0)) -> 0 | AO42: 0 | AP42: 30 | AQ42: =IF(AK42="全职业",VLOOKUP(AJ42,$A$2:$I$16,6,FALSE),VLOOKUP(AJ42,$A$2:$I$16,7,FALSE)) -> 3,7 | AT42: 40013060 | AU42: 1 | AV42: 0 | AW42: 副手武器 | AX42: 紫 | AY42: 1 | AZ42: 法师 | BA42: 1000 | BB42: =INDEX([1]装备设计!$G$3:$G$7,MATCH([1]装备一览!AX36,[1]装备设计!$F$3:$F$7,0)) -> 50 | BC42: =INDEX([1]装备设计!$H$3:$H$7,MATCH([1]装备一览!AX36,[1]装备设计!$F$3:$F$7,0)) -> 500 | BD42: 0 | BE42: 30 | BF42: =IF(AZ42="全职业",VLOOKUP(AY42,$A$2:$I$16,4,FALSE),VLOOKUP(AY42,$A$2:$I$16,5,FALSE)) -> 4,9 | BI42: 50013060 | BJ42: 1 | BK42: 0 | BL42: 副手武器 | BM42: 橙 | BN42: 1 | BO42: 法师 | BP42: 2000 | BQ42: =INDEX([1]装备设计!$G$3:$G$7,MATCH([1]装备一览!BM36,[1]装备设计!$F$3:$F$7,0)) -> 150 | BR42: =INDEX([1]装备设计!$H$3:$H$7,MATCH([1]装备一览!BM36,[1]装备设计!$F$3:$F$7,0)) -> 1500 | BS42: 0 | BT42: 30 | BU42: =IF(BO42="全职业",VLOOKUP(BN42,$A$2:$I$16,2,FALSE),VLOOKUP(BN42,$A$2:$I$16,3,FALSE)) -> 5,12
A43: 10013061 | B43: 0 | C43: 1 | D43: 副手武器 | E43: 白 | F43: 1 | G43: 法师 | H43: 400 | I43: =INDEX([1]装备设计!$G$3:$G$7,MATCH([1]装备一览!E37,[1]装备设计!$F$3:$F$7,0)) -> 5 | J43: =INDEX([1]装备设计!$H$3:$H$7,MATCH([1]装备一览!E37,[1]装备设计!$F$3:$F$7,0)) -> 0 | K43: 0 | L43: =IF(C43=1,INDEX($V$2:$AI$15,MATCH(F43,$U$2:$U$15,0),MATCH(D43,$V$1:$AI$1,0))*0.6+INDEX($V$2:$AI$15,MATCH(F43,$U$2:$U$15,0)+1,MATCH(D43,$V$1:$AI$1,0))*0.4,INDEX($V$2:$AI$15,MATCH(F43,$U$2:$U$15,0),MATCH(D43,$V$1:$AI$1,0))) -> 7.2 | M43: 0,0 | P43: 20013061 | Q43: 0 | R43: 1 | S43: 副手武器 | T43: 绿 | U43: 1 | V43: 法师 | W43: 800 | X43: =INDEX([1]装备设计!$G$3:$G$7,MATCH([1]装备一览!T37,[1]装备设计!$F$3:$F$7,0)) -> 10 | Y43: =INDEX([1]装备设计!$H$3:$H$7,MATCH([1]装备一览!T37,[1]装备设计!$F$3:$F$7,0)) -> 0 | Z43: 0 | AA43: 7.2 | AB43: =IF(V43="全职业",VLOOKUP(U43,$A$2:$I$16,8,FALSE),VLOOKUP(U43,$A$2:$I$16,9,FALSE)) -> 1,4 | AE43: 30013061 | AF43: 0 | AG43: 1 | AH43: 副手武器 | AI43: 蓝 | AJ43: 1 | AK43: 法师 | AL43: 2000 | AM43: =INDEX([1]装备设计!$G$3:$G$7,MATCH([1]装备一览!AI37,[1]装备设计!$F$3:$F$7,0)) -> 20 | AN43: =INDEX([1]装备设计!$H$3:$H$7,MATCH([1]装备一览!AI37,[1]装备设计!$F$3:$F$7,0)) -> 0 | AO43: 0 | AP43: 7.2 | AQ43: =IF(AK43="全职业",VLOOKUP(AJ43,$A$2:$I$16,6,FALSE),VLOOKUP(AJ43,$A$2:$I$16,7,FALSE)) -> 3,7 | AT43: 40013061 | AU43: 0 | AV43: 1 | AW43: 副手武器 | AX43: 紫 | AY43: 1 | AZ43: 法师 | BA43: 4000 | BB43: =INDEX([1]装备设计!$G$3:$G$7,MATCH([1]装备一览!AX37,[1]装备设计!$F$3:$F$7,0)) -> 50 | BC43: =INDEX([1]装备设计!$H$3:$H$7,MATCH([1]装备一览!AX37,[1]装备设计!$F$3:$F$7,0)) -> 500 | BD43: 0 | BE43: 7.2 | BF43: =IF(AZ43="全职业",VLOOKUP(AY43,$A$2:$I$16,4,FALSE),VLOOKUP(AY43,$A$2:$I$16,5,FALSE)) -> 4,9 | BI43: 50013061 | BJ43: 0 | BK43: 1 | BL43: 副手武器 | BM43: 橙 | BN43: 1 | BO43: 法师 | BP43: 8000 | BQ43: =INDEX([1]装备设计!$G$3:$G$7,MATCH([1]装备一览!BM37,[1]装备设计!$F$3:$F$7,0)) -> 150 | BR43: =INDEX([1]装备设计!$H$3:$H$7,MATCH([1]装备一览!BM37,[1]装备设计!$F$3:$F$7,0)) -> 1500 | BS43: 0 | BT43: 7.2 | BU43: =IF(BO43="全职业",VLOOKUP(BN43,$A$2:$I$16,2,FALSE),VLOOKUP(BN43,$A$2:$I$16,3,FALSE)) -> 5,12
A44: 10010040 | B44: 1 | C44: 0 | D44: 胸甲 | E44: 白 | F44: 1 | G44: 全职业 | H44: 100 | I44: =INDEX([1]装备设计!$G$3:$G$7,MATCH([1]装备一览!E38,[1]装备设计!$F$3:$F$7,0)) -> 5 | J44: =INDEX([1]装备设计!$H$3:$H$7,MATCH([1]装备一览!E38,[1]装备设计!$F$3:$F$7,0)) -> 0 | K44: 0 | L44: =IF(C44=1,INDEX($V$2:$AI$15,MATCH(F44,$U$2:$U$15,0),MATCH(D44,$V$1:$AI$1,0))*0.6+INDEX($V$2:$AI$15,MATCH(F44,$U$2:$U$15,0)+1,MATCH(D44,$V$1:$AI$1,0))*0.4,INDEX($V$2:$AI$15,MATCH(F44,$U$2:$U$15,0),MATCH(D44,$V$1:$AI$1,0))) -> 3 | M44: 0,0 | P44: 20010040 | Q44: 1 | R44: 0 | S44: 胸甲 | T44: 绿 | U44: 1 | V44: 全职业 | W44: 200 | X44: =INDEX([1]装备设计!$G$3:$G$7,MATCH([1]装备一览!T38,[1]装备设计!$F$3:$F$7,0)) -> 10 | Y44: =INDEX([1]装备设计!$H$3:$H$7,MATCH([1]装备一览!T38,[1]装备设计!$F$3:$F$7,0)) -> 0 | Z44: 0 | AA44: 3 | AB44: =IF(V44="全职业",VLOOKUP(U44,$A$2:$I$16,8,FALSE),VLOOKUP(U44,$A$2:$I$16,9,FALSE)) -> 1,3 | AE44: 30010040 | AF44: 1 | AG44: 0 | AH44: 胸甲 | AI44: 蓝 | AJ44: 1 | AK44: 全职业 | AL44: 500 | AM44: =INDEX([1]装备设计!$G$3:$G$7,MATCH([1]装备一览!AI38,[1]装备设计!$F$3:$F$7,0)) -> 20 | AN44: =INDEX([1]装备设计!$H$3:$H$7,MATCH([1]装备一览!AI38,[1]装备设计!$F$3:$F$7,0)) -> 0 | AO44: 0 | AP44: 3 | AQ44: =IF(AK44="全职业",VLOOKUP(AJ44,$A$2:$I$16,6,FALSE),VLOOKUP(AJ44,$A$2:$I$16,7,FALSE)) -> 2,5 | AT44: 40010040 | AU44: 1 | AV44: 0 | AW44: 胸甲 | AX44: 紫 | AY44: 1 | AZ44: 全职业 | BA44: 1000 | BB44: =INDEX([1]装备设计!$G$3:$G$7,MATCH([1]装备一览!AX38,[1]装备设计!$F$3:$F$7,0)) -> 50 | BC44: =INDEX([1]装备设计!$H$3:$H$7,MATCH([1]装备一览!AX38,[1]装备设计!$F$3:$F$7,0)) -> 500 | BD44: 0 | BE44: 3 | BF44: =IF(AZ44="全职业",VLOOKUP(AY44,$A$2:$I$16,4,FALSE),VLOOKUP(AY44,$A$2:$I$16,5,FALSE)) -> 3,7 | BI44: 50010040 | BJ44: 1 | BK44: 0 | BL44: 胸甲 | BM44: 橙 | BN44: 1 | BO44: 全职业 | BP44: 2000 | BQ44: =INDEX([1]装备设计!$G$3:$G$7,MATCH([1]装备一览!BM38,[1]装备设计!$F$3:$F$7,0)) -> 150 | BR44: =INDEX([1]装备设计!$H$3:$H$7,MATCH([1]装备一览!BM38,[1]装备设计!$F$3:$F$7,0)) -> 1500 | BS44: 0 | BT44: 3 | BU44: =IF(BO44="全职业",VLOOKUP(BN44,$A$2:$I$16,2,FALSE),VLOOKUP(BN44,$A$2:$I$16,3,FALSE)) -> 4,9
A45: 10010041 | B45: 0 | C45: 1 | D45: 胸甲 | E45: 白 | F45: 1 | G45: 全职业 | H45: 400 | I45: =INDEX([1]装备设计!$G$3:$G$7,MATCH([1]装备一览!E39,[1]装备设计!$F$3:$F$7,0)) -> 5 | J45: =INDEX([1]装备设计!$H$3:$H$7,MATCH([1]装备一览!E39,[1]装备设计!$F$3:$F$7,0)) -> 0 | K45: 0 | L45: =IF(C45=1,INDEX($V$2:$AI$15,MATCH(F45,$U$2:$U$15,0),MATCH(D45,$V$1:$AI$1,0))*0.6+INDEX($V$2:$AI$15,MATCH(F45,$U$2:$U$15,0)+1,MATCH(D45,$V$1:$AI$1,0))*0.4,INDEX($V$2:$AI$15,MATCH(F45,$U$2:$U$15,0),MATCH(D45,$V$1:$AI$1,0))) -> 5.4 | M45: 0,0 | P45: 20010041 | Q45: 0 | R45: 1 | S45: 胸甲 | T45: 绿 | U45: 1 | V45: 全职业 | W45: 800 | X45: =INDEX([1]装备设计!$G$3:$G$7,MATCH([1]装备一览!T39,[1]装备设计!$F$3:$F$7,0)) -> 10 | Y45: =INDEX([1]装备设计!$H$3:$H$7,MATCH([1]装备一览!T39,[1]装备设计!$F$3:$F$7,0)) -> 0 | Z45: 0 | AA45: 5.4 | AB45: =IF(V45="全职业",VLOOKUP(U45,$A$2:$I$16,8,FALSE),VLOOKUP(U45,$A$2:$I$16,9,FALSE)) -> 1,3 | AE45: 30010041 | AF45: 0 | AG45: 1 | AH45: 胸甲 | AI45: 蓝 | AJ45: 1 | AK45: 全职业 | AL45: 2000 | AM45: =INDEX([1]装备设计!$G$3:$G$7,MATCH([1]装备一览!AI39,[1]装备设计!$F$3:$F$7,0)) -> 20 | AN45: =INDEX([1]装备设计!$H$3:$H$7,MATCH([1]装备一览!AI39,[1]装备设计!$F$3:$F$7,0)) -> 0 | AO45: 0 | AP45: 5.4 | AQ45: =IF(AK45="全职业",VLOOKUP(AJ45,$A$2:$I$16,6,FALSE),VLOOKUP(AJ45,$A$2:$I$16,7,FALSE)) -> 2,5 | AT45: 40010041 | AU45: 0 | AV45: 1 | AW45: 胸甲 | AX45: 紫 | AY45: 1 | AZ45: 全职业 | BA45: 4000 | BB45: =INDEX([1]装备设计!$G$3:$G$7,MATCH([1]装备一览!AX39,[1]装备设计!$F$3:$F$7,0)) -> 50 | BC45: =INDEX([1]装备设计!$H$3:$H$7,MATCH([1]装备一览!AX39,[1]装备设计!$F$3:$F$7,0)) -> 500 | BD45: 0 | BE45: 5.4 | BF45: =IF(AZ45="全职业",VLOOKUP(AY45,$A$2:$I$16,4,FALSE),VLOOKUP(AY45,$A$2:$I$16,5,FALSE)) -> 3,7 | BI45: 50010041 | BJ45: 0 | BK45: 1 | BL45: 胸甲 | BM45: 橙 | BN45: 1 | BO45: 全职业 | BP45: 8000 | BQ45: =INDEX([1]装备设计!$G$3:$G$7,MATCH([1]装备一览!BM39,[1]装备设计!$F$3:$F$7,0)) -> 150 | BR45: =INDEX([1]装备设计!$H$3:$H$7,MATCH([1]装备一览!BM39,[1]装备设计!$F$3:$F$7,0)) -> 1500 | BS45: 0 | BT45: 5.4 | BU45: =IF(BO45="全职业",VLOOKUP(BN45,$A$2:$I$16,2,FALSE),VLOOKUP(BN45,$A$2:$I$16,3,FALSE)) -> 4,9
A46: 10010070 | B46: 0 | C46: 0 | D46: 护腿 | E46: 白 | F46: 1 | G46: 全职业 | H46: 100 | I46: =INDEX([1]装备设计!$G$3:$G$7,MATCH([1]装备一览!E40,[1]装备设计!$F$3:$F$7,0)) -> 5 | J46: =INDEX([1]装备设计!$H$3:$H$7,MATCH([1]装备一览!E40,[1]装备设计!$F$3:$F$7,0)) -> 0 | K46: 0 | L46: =IF(C46=1,INDEX($V$2:$AI$15,MATCH(F46,$U$2:$U$15,0),MATCH(D46,$V$1:$AI$1,0))*0.6+INDEX($V$2:$AI$15,MATCH(F46,$U$2:$U$15,0)+1,MATCH(D46,$V$1:$AI$1,0))*0.4,INDEX($V$2:$AI$15,MATCH(F46,$U$2:$U$15,0),MATCH(D46,$V$1:$AI$1,0))) -> 0 | M46: 0,0 | P46: 20010070 | Q46: 0 | R46: 0 | S46: 护腿 | T46: 绿 | U46: 1 | V46: 全职业 | W46: 200 | X46: =INDEX([1]装备设计!$G$3:$G$7,MATCH([1]装备一览!T40,[1]装备设计!$F$3:$F$7,0)) -> 10 | Y46: =INDEX([1]装备设计!$H$3:$H$7,MATCH([1]装备一览!T40,[1]装备设计!$F$3:$F$7,0)) -> 0 | Z46: 0 | AA46: 0 | AB46: =IF(V46="全职业",VLOOKUP(U46,$A$2:$I$16,8,FALSE),VLOOKUP(U46,$A$2:$I$16,9,FALSE)) -> 1,3 | AE46: 30010070 | AF46: 0 | AG46: 0 | AH46: 护腿 | AI46: 蓝 | AJ46: 1 | AK46: 全职业 | AL46: 500 | AM46: =INDEX([1]装备设计!$G$3:$G$7,MATCH([1]装备一览!AI40,[1]装备设计!$F$3:$F$7,0)) -> 20 | AN46: =INDEX([1]装备设计!$H$3:$H$7,MATCH([1]装备一览!AI40,[1]装备设计!$F$3:$F$7,0)) -> 0 | AO46: 0 | AP46: 0 | AQ46: =IF(AK46="全职业",VLOOKUP(AJ46,$A$2:$I$16,6,FALSE),VLOOKUP(AJ46,$A$2:$I$16,7,FALSE)) -> 2,5 | AT46: 40010070 | AU46: 0 | AV46: 0 | AW46: 护腿 | AX46: 紫 | AY46: 1 | AZ46: 全职业 | BA46: 1000 | BB46: =INDEX([1]装备设计!$G$3:$G$7,MATCH([1]装备一览!AX40,[1]装备设计!$F$3:$F$7,0)) -> 50 | BC46: =INDEX([1]装备设计!$H$3:$H$7,MATCH([1]装备一览!AX40,[1]装备设计!$F$3:$F$7,0)) -> 500 | BD46: 0 | BE46: 0 | BF46: =IF(AZ46="全职业",VLOOKUP(AY46,$A$2:$I$16,4,FALSE),VLOOKUP(AY46,$A$2:$I$16,5,FALSE)) -> 3,7 | BI46: 50010070 | BJ46: 0 | BK46: 0 | BL46: 护腿 | BM46: 橙 | BN46: 1 | BO46: 全职业 | BP46: 2000 | BQ46: =INDEX([1]装备设计!$G$3:$G$7,MATCH([1]装备一览!BM40,[1]装备设计!$F$3:$F$7,0)) -> 150 | BR46: =INDEX([1]装备设计!$H$3:$H$7,MATCH([1]装备一览!BM40,[1]装备设计!$F$3:$F$7,0)) -> 1500 | BS46: 0 | BT46: 0 | BU46: =IF(BO46="全职业",VLOOKUP(BN46,$A$2:$I$16,2,FALSE),VLOOKUP(BN46,$A$2:$I$16,3,FALSE)) -> 4,9
A47: 10010071 | B47: 0 | C47: 1 | D47: 护腿 | E47: 白 | F47: 1 | G47: 全职业 | H47: 400 | I47: =INDEX([1]装备设计!$G$3:$G$7,MATCH([1]装备一览!E41,[1]装备设计!$F$3:$F$7,0)) -> 5 | J47: =INDEX([1]装备设计!$H$3:$H$7,MATCH([1]装备一览!E41,[1]装备设计!$F$3:$F$7,0)) -> 0 | K47: 0 | L47: =IF(C47=1,INDEX($V$2:$AI$15,MATCH(F47,$U$2:$U$15,0),MATCH(D47,$V$1:$AI$1,0))*0.6+INDEX($V$2:$AI$15,MATCH(F47,$U$2:$U$15,0)+1,MATCH(D47,$V$1:$AI$1,0))*0.4,INDEX($V$2:$AI$15,MATCH(F47,$U$2:$U$15,0),MATCH(D47,$V$1:$AI$1,0))) -> 1.2 | M47: 0,0 | P47: 20010071 | Q47: 0 | R47: 1 | S47: 护腿 | T47: 绿 | U47: 1 | V47: 全职业 | W47: 800 | X47: =INDEX([1]装备设计!$G$3:$G$7,MATCH([1]装备一览!T41,[1]装备设计!$F$3:$F$7,0)) -> 10 | Y47: =INDEX([1]装备设计!$H$3:$H$7,MATCH([1]装备一览!T41,[1]装备设计!$F$3:$F$7,0)) -> 0 | Z47: 0 | AA47: 1.2 | AB47: =IF(V47="全职业",VLOOKUP(U47,$A$2:$I$16,8,FALSE),VLOOKUP(U47,$A$2:$I$16,9,FALSE)) -> 1,3 | AE47: 30010071 | AF47: 0 | AG47: 1 | AH47: 护腿 | AI47: 蓝 | AJ47: 1 | AK47: 全职业 | AL47: 2000 | AM47: =INDEX([1]装备设计!$G$3:$G$7,MATCH([1]装备一览!AI41,[1]装备设计!$F$3:$F$7,0)) -> 20 | AN47: =INDEX([1]装备设计!$H$3:$H$7,MATCH([1]装备一览!AI41,[1]装备设计!$F$3:$F$7,0)) -> 0 | AO47: 0 | AP47: 1.2 | AQ47: =IF(AK47="全职业",VLOOKUP(AJ47,$A$2:$I$16,6,FALSE),VLOOKUP(AJ47,$A$2:$I$16,7,FALSE)) -> 2,5 | AT47: 40010071 | AU47: 0 | AV47: 1 | AW47: 护腿 | AX47: 紫 | AY47: 1 | AZ47: 全职业 | BA47: 4000 | BB47: =INDEX([1]装备设计!$G$3:$G$7,MATCH([1]装备一览!AX41,[1]装备设计!$F$3:$F$7,0)) -> 50 | BC47: =INDEX([1]装备设计!$H$3:$H$7,MATCH([1]装备一览!AX41,[1]装备设计!$F$3:$F$7,0)) -> 500 | BD47: 0 | BE47: 1.2 | BF47: =IF(AZ47="全职业",VLOOKUP(AY47,$A$2:$I$16,4,FALSE),VLOOKUP(AY47,$A$2:$I$16,5,FALSE)) -> 3,7 | BI47: 50010071 | BJ47: 0 | BK47: 1 | BL47: 护腿 | BM47: 橙 | BN47: 1 | BO47: 全职业 | BP47: 8000 | BQ47: =INDEX([1]装备设计!$G$3:$G$7,MATCH([1]装备一览!BM41,[1]装备设计!$F$3:$F$7,0)) -> 150 | BR47: =INDEX([1]装备设计!$H$3:$H$7,MATCH([1]装备一览!BM41,[1]装备设计!$F$3:$F$7,0)) -> 1500 | BS47: 0 | BT47: 1.2 | BU47: =IF(BO47="全职业",VLOOKUP(BN47,$A$2:$I$16,2,FALSE),VLOOKUP(BN47,$A$2:$I$16,3,FALSE)) -> 4,9
A48: 10050010 | B48: 1 | C48: 0 | D48: 头盔 | E48: 白 | F48: 5 | G48: 全职业 | H48: 500 | I48: =INDEX([1]装备设计!$G$3:$G$7,MATCH([1]装备一览!E42,[1]装备设计!$F$3:$F$7,0)) -> 5 | J48: =INDEX([1]装备设计!$H$3:$H$7,MATCH([1]装备一览!E42,[1]装备设计!$F$3:$F$7,0)) -> 0 | K48: 0 | L48: =IF(C48=1,INDEX($V$2:$AI$15,MATCH(F48,$U$2:$U$15,0),MATCH(D48,$V$1:$AI$1,0))*0.6+INDEX($V$2:$AI$15,MATCH(F48,$U$2:$U$15,0)+1,MATCH(D48,$V$1:$AI$1,0))*0.4,INDEX($V$2:$AI$15,MATCH(F48,$U$2:$U$15,0),MATCH(D48,$V$1:$AI$1,0))) -> 20 | M48: 0,0 | P48: 20050010 | Q48: 1 | R48: 0 | S48: 头盔 | T48: 绿 | U48: 5 | V48: 全职业 | W48: 1000 | X48: =INDEX([1]装备设计!$G$3:$G$7,MATCH([1]装备一览!T42,[1]装备设计!$F$3:$F$7,0)) -> 10 | Y48: =INDEX([1]装备设计!$H$3:$H$7,MATCH([1]装备一览!T42,[1]装备设计!$F$3:$F$7,0)) -> 0 | Z48: 0 | AA48: 20 | AB48: =IF(V48="全职业",VLOOKUP(U48,$A$2:$I$16,8,FALSE),VLOOKUP(U48,$A$2:$I$16,9,FALSE)) -> 7,10 | AE48: 30050010 | AF48: 1 | AG48: 0 | AH48: 头盔 | AI48: 蓝 | AJ48: 5 | AK48: 全职业 | AL48: 2500 | AM48: =INDEX([1]装备设计!$G$3:$G$7,MATCH([1]装备一览!AI42,[1]装备设计!$F$3:$F$7,0)) -> 20 | AN48: =INDEX([1]装备设计!$H$3:$H$7,MATCH([1]装备一览!AI42,[1]装备设计!$F$3:$F$7,0)) -> 0 | AO48: 0 | AP48: 20 | AQ48: =IF(AK48="全职业",VLOOKUP(AJ48,$A$2:$I$16,6,FALSE),VLOOKUP(AJ48,$A$2:$I$16,7,FALSE)) -> 12,17 | AT48: 40050010 | AU48: 1 | AV48: 0 | AW48: 头盔 | AX48: 紫 | AY48: 5 | AZ48: 全职业 | BA48: 5000 | BB48: =INDEX([1]装备设计!$G$3:$G$7,MATCH([1]装备一览!AX42,[1]装备设计!$F$3:$F$7,0)) -> 50 | BC48: =INDEX([1]装备设计!$H$3:$H$7,MATCH([1]装备一览!AX42,[1]装备设计!$F$3:$F$7,0)) -> 500 | BD48: 0 | BE48: 20 | BF48: =IF(AZ48="全职业",VLOOKUP(AY48,$A$2:$I$16,4,FALSE),VLOOKUP(AY48,$A$2:$I$16,5,FALSE)) -> 17,26 | BI48: 50050010 | BJ48: 1 | BK48: 0 | BL48: 头盔 | BM48: 橙 | BN48: 5 | BO48: 全职业 | BP48: 10000 | BQ48: =INDEX([1]装备设计!$G$3:$G$7,MATCH([1]装备一览!BM42,[1]装备设计!$F$3:$F$7,0)) -> 150 | BR48: =INDEX([1]装备设计!$H$3:$H$7,MATCH([1]装备一览!BM42,[1]装备设计!$F$3:$F$7,0)) -> 1500 | BS48: 0 | BT48: 20 | BU48: =IF(BO48="全职业",VLOOKUP(BN48,$A$2:$I$16,2,FALSE),VLOOKUP(BN48,$A$2:$I$16,3,FALSE)) -> 22,35
A49: 10050020 | B49: 1 | C49: 0 | D49: 戒指 | E49: 白 | F49: 5 | G49: 全职业 | H49: 500 | I49: =INDEX([1]装备设计!$G$3:$G$7,MATCH([1]装备一览!E43,[1]装备设计!$F$3:$F$7,0)) -> 5 | J49: =INDEX([1]装备设计!$H$3:$H$7,MATCH([1]装备一览!E43,[1]装备设计!$F$3:$F$7,0)) -> 0 | K49: 0 | L49: =IF(C49=1,INDEX($V$2:$AI$15,MATCH(F49,$U$2:$U$15,0),MATCH(D49,$V$1:$AI$1,0))*0.6+INDEX($V$2:$AI$15,MATCH(F49,$U$2:$U$15,0)+1,MATCH(D49,$V$1:$AI$1,0))*0.4,INDEX($V$2:$AI$15,MATCH(F49,$U$2:$U$15,0),MATCH(D49,$V$1:$AI$1,0))) -> 80 | M49: 0,0 | P49: 20050020 | Q49: 1 | R49: 0 | S49: 戒指 | T49: 绿 | U49: 5 | V49: 全职业 | W49: 1000 | X49: =INDEX([1]装备设计!$G$3:$G$7,MATCH([1]装备一览!T43,[1]装备设计!$F$3:$F$7,0)) -> 10 | Y49: =INDEX([1]装备设计!$H$3:$H$7,MATCH([1]装备一览!T43,[1]装备设计!$F$3:$F$7,0)) -> 0 | Z49: 0 | AA49: 80 | AB49: =IF(V49="全职业",VLOOKUP(U49,$A$2:$I$16,8,FALSE),VLOOKUP(U49,$A$2:$I$16,9,FALSE)) -> 7,10 | AE49: 30050020 | AF49: 1 | AG49: 0 | AH49: 戒指 | AI49: 蓝 | AJ49: 5 | AK49: 全职业 | AL49: 2500 | AM49: =INDEX([1]装备设计!$G$3:$G$7,MATCH([1]装备一览!AI43,[1]装备设计!$F$3:$F$7,0)) -> 20 | AN49: =INDEX([1]装备设计!$H$3:$H$7,MATCH([1]装备一览!AI43,[1]装备设计!$F$3:$F$7,0)) -> 0 | AO49: 0 | AP49: 80 | AQ49: =IF(AK49="全职业",VLOOKUP(AJ49,$A$2:$I$16,6,FALSE),VLOOKUP(AJ49,$A$2:$I$16,7,FALSE)) -> 12,17 | AT49: 40050020 | AU49: 1 | AV49: 0 | AW49: 戒指 | AX49: 紫 | AY49: 5 | AZ49: 全职业 | BA49: 5000 | BB49: =INDEX([1]装备设计!$G$3:$G$7,MATCH([1]装备一览!AX43,[1]装备设计!$F$3:$F$7,0)) -> 50 | BC49: =INDEX([1]装备设计!$H$3:$H$7,MATCH([1]装备一览!AX43,[1]装备设计!$F$3:$F$7,0)) -> 500 | BD49: 0 | BE49: 80 | BF49: =IF(AZ49="全职业",VLOOKUP(AY49,$A$2:$I$16,4,FALSE),VLOOKUP(AY49,$A$2:$I$16,5,FALSE)) -> 17,26 | BI49: 50050020 | BJ49: 1 | BK49: 0 | BL49: 戒指 | BM49: 橙 | BN49: 5 | BO49: 全职业 | BP49: 10000 | BQ49: =INDEX([1]装备设计!$G$3:$G$7,MATCH([1]装备一览!BM43,[1]装备设计!$F$3:$F$7,0)) -> 150 | BR49: =INDEX([1]装备设计!$H$3:$H$7,MATCH([1]装备一览!BM43,[1]装备设计!$F$3:$F$7,0)) -> 1500 | BS49: 0 | BT49: 80 | BU49: =IF(BO49="全职业",VLOOKUP(BN49,$A$2:$I$16,2,FALSE),VLOOKUP(BN49,$A$2:$I$16,3,FALSE)) -> 22,35
A50: 10050030 | B50: 0 | C50: 0 | D50: 腰带 | E50: 白 | F50: 5 | G50: 全职业 | H50: 500 | I50: =INDEX([1]装备设计!$G$3:$G$7,MATCH([1]装备一览!E44,[1]装备设计!$F$3:$F$7,0)) -> 5 | J50: =INDEX([1]装备设计!$H$3:$H$7,MATCH([1]装备一览!E44,[1]装备设计!$F$3:$F$7,0)) -> 0 | K50: 0 | L50: =IF(C50=1,INDEX($V$2:$AI$15,MATCH(F50,$U$2:$U$15,0),MATCH(D50,$V$1:$AI$1,0))*0.6+INDEX($V$2:$AI$15,MATCH(F50,$U$2:$U$15,0)+1,MATCH(D50,$V$1:$AI$1,0))*0.4,INDEX($V$2:$AI$15,MATCH(F50,$U$2:$U$15,0),MATCH(D50,$V$1:$AI$1,0))) -> 240 | M50: 0,0 | P50: 20050030 | Q50: 0 | R50: 0 | S50: 腰带 | T50: 绿 | U50: 5 | V50: 全职业 | W50: 1000 | X50: =INDEX([1]装备设计!$G$3:$G$7,MATCH([1]装备一览!T44,[1]装备设计!$F$3:$F$7,0)) -> 10 | Y50: =INDEX([1]装备设计!$H$3:$H$7,MATCH([1]装备一览!T44,[1]装备设计!$F$3:$F$7,0)) -> 0 | Z50: 0 | AA50: 240 | AB50: =IF(V50="全职业",VLOOKUP(U50,$A$2:$I$16,8,FALSE),VLOOKUP(U50,$A$2:$I$16,9,FALSE)) -> 7,10 | AE50: 30050030 | AF50: 0 | AG50: 0 | AH50: 腰带 | AI50: 蓝 | AJ50: 5 | AK50: 全职业 | AL50: 2500 | AM50: =INDEX([1]装备设计!$G$3:$G$7,MATCH([1]装备一览!AI44,[1]装备设计!$F$3:$F$7,0)) -> 20 | AN50: =INDEX([1]装备设计!$H$3:$H$7,MATCH([1]装备一览!AI44,[1]装备设计!$F$3:$F$7,0)) -> 0 | AO50: 0 | AP50: 240 | AQ50: =IF(AK50="全职业",VLOOKUP(AJ50,$A$2:$I$16,6,FALSE),VLOOKUP(AJ50,$A$2:$I$16,7,FALSE)) -> 12,17 | AT50: 40050030 | AU50: 0 | AV50: 0 | AW50: 腰带 | AX50: 紫 | AY50: 5 | AZ50: 全职业 | BA50: 5000 | BB50: =INDEX([1]装备设计!$G$3:$G$7,MATCH([1]装备一览!AX44,[1]装备设计!$F$3:$F$7,0)) -> 50 | BC50: =INDEX([1]装备设计!$H$3:$H$7,MATCH([1]装备一览!AX44,[1]装备设计!$F$3:$F$7,0)) -> 500 | BD50: 0 | BE50: 240 | BF50: =IF(AZ50="全职业",VLOOKUP(AY50,$A$2:$I$16,4,FALSE),VLOOKUP(AY50,$A$2:$I$16,5,FALSE)) -> 17,26 | BI50: 50050030 | BJ50: 0 | BK50: 0 | BL50: 腰带 | BM50: 橙 | BN50: 5 | BO50: 全职业 | BP50: 10000 | BQ50: =INDEX([1]装备设计!$G$3:$G$7,MATCH([1]装备一览!BM44,[1]装备设计!$F$3:$F$7,0)) -> 150 | BR50: =INDEX([1]装备设计!$H$3:$H$7,MATCH([1]装备一览!BM44,[1]装备设计!$F$3:$F$7,0)) -> 1500 | BS50: 0 | BT50: 240 | BU50: =IF(BO50="全职业",VLOOKUP(BN50,$A$2:$I$16,2,FALSE),VLOOKUP(BN50,$A$2:$I$16,3,FALSE)) -> 22,35
A51: 10050080 | B51: 0 | C51: 0 | D51: 鞋子 | E51: 白 | F51: 5 | G51: 全职业 | H51: 500 | I51: =INDEX([1]装备设计!$G$3:$G$7,MATCH([1]装备一览!E45,[1]装备设计!$F$3:$F$7,0)) -> 5 | J51: =INDEX([1]装备设计!$H$3:$H$7,MATCH([1]装备一览!E45,[1]装备设计!$F$3:$F$7,0)) -> 0 | K51: 0 | L51: =IF(C51=1,INDEX($V$2:$AI$15,MATCH(F51,$U$2:$U$15,0),MATCH(D51,$V$1:$AI$1,0))*0.6+INDEX($V$2:$AI$15,MATCH(F51,$U$2:$U$15,0)+1,MATCH(D51,$V$1:$AI$1,0))*0.4,INDEX($V$2:$AI$15,MATCH(F51,$U$2:$U$15,0),MATCH(D51,$V$1:$AI$1,0))) -> 7 | M51: 0,0 | P51: 20050080 | Q51: 0 | R51: 0 | S51: 鞋子 | T51: 绿 | U51: 5 | V51: 全职业 | W51: 1000 | X51: =INDEX([1]装备设计!$G$3:$G$7,MATCH([1]装备一览!T45,[1]装备设计!$F$3:$F$7,0)) -> 10 | Y51: =INDEX([1]装备设计!$H$3:$H$7,MATCH([1]装备一览!T45,[1]装备设计!$F$3:$F$7,0)) -> 0 | Z51: 0 | AA51: 7 | AB51: =IF(V51="全职业",VLOOKUP(U51,$A$2:$I$16,8,FALSE),VLOOKUP(U51,$A$2:$I$16,9,FALSE)) -> 7,10 | AE51: 30050080 | AF51: 0 | AG51: 0 | AH51: 鞋子 | AI51: 蓝 | AJ51: 5 | AK51: 全职业 | AL51: 2500 | AM51: =INDEX([1]装备设计!$G$3:$G$7,MATCH([1]装备一览!AI45,[1]装备设计!$F$3:$F$7,0)) -> 20 | AN51: =INDEX([1]装备设计!$H$3:$H$7,MATCH([1]装备一览!AI45,[1]装备设计!$F$3:$F$7,0)) -> 0 | AO51: 0 | AP51: 7 | AQ51: =IF(AK51="全职业",VLOOKUP(AJ51,$A$2:$I$16,6,FALSE),VLOOKUP(AJ51,$A$2:$I$16,7,FALSE)) -> 12,17 | AT51: 40050080 | AU51: 0 | AV51: 0 | AW51: 鞋子 | AX51: 紫 | AY51: 5 | AZ51: 全职业 | BA51: 5000 | BB51: =INDEX([1]装备设计!$G$3:$G$7,MATCH([1]装备一览!AX45,[1]装备设计!$F$3:$F$7,0)) -> 50 | BC51: =INDEX([1]装备设计!$H$3:$H$7,MATCH([1]装备一览!AX45,[1]装备设计!$F$3:$F$7,0)) -> 500 | BD51: 0 | BE51: 7 | BF51: =IF(AZ51="全职业",VLOOKUP(AY51,$A$2:$I$16,4,FALSE),VLOOKUP(AY51,$A$2:$I$16,5,FALSE)) -> 17,26 | BI51: 50050080 | BJ51: 0 | BK51: 0 | BL51: 鞋子 | BM51: 橙 | BN51: 5 | BO51: 全职业 | BP51: 10000 | BQ51: =INDEX([1]装备设计!$G$3:$G$7,MATCH([1]装备一览!BM45,[1]装备设计!$F$3:$F$7,0)) -> 150 | BR51: =INDEX([1]装备设计!$H$3:$H$7,MATCH([1]装备一览!BM45,[1]装备设计!$F$3:$F$7,0)) -> 1500 | BS51: 0 | BT51: 7 | BU51: =IF(BO51="全职业",VLOOKUP(BN51,$A$2:$I$16,2,FALSE),VLOOKUP(BN51,$A$2:$I$16,3,FALSE)) -> 22,35
A52: 10050090 | B52: 0 | C52: 0 | D52: 手套 | E52: 白 | F52: 5 | G52: 全职业 | H52: 500 | I52: =INDEX([1]装备设计!$G$3:$G$7,MATCH([1]装备一览!E46,[1]装备设计!$F$3:$F$7,0)) -> 5 | J52: =INDEX([1]装备设计!$H$3:$H$7,MATCH([1]装备一览!E46,[1]装备设计!$F$3:$F$7,0)) -> 0 | K52: 0 | L52: =IF(C52=1,INDEX($V$2:$AI$15,MATCH(F52,$U$2:$U$15,0),MATCH(D52,$V$1:$AI$1,0))*0.6+INDEX($V$2:$AI$15,MATCH(F52,$U$2:$U$15,0)+1,MATCH(D52,$V$1:$AI$1,0))*0.4,INDEX($V$2:$AI$15,MATCH(F52,$U$2:$U$15,0),MATCH(D52,$V$1:$AI$1,0))) -> 23 | M52: 0,0 | P52: 20050090 | Q52: 0 | R52: 0 | S52: 手套 | T52: 绿 | U52: 5 | V52: 全职业 | W52: 1000 | X52: =INDEX([1]装备设计!$G$3:$G$7,MATCH([1]装备一览!T46,[1]装备设计!$F$3:$F$7,0)) -> 10 | Y52: =INDEX([1]装备设计!$H$3:$H$7,MATCH([1]装备一览!T46,[1]装备设计!$F$3:$F$7,0)) -> 0 | Z52: 0 | AA52: 23 | AB52: =IF(V52="全职业",VLOOKUP(U52,$A$2:$I$16,8,FALSE),VLOOKUP(U52,$A$2:$I$16,9,FALSE)) -> 7,10 | AE52: 30050090 | AF52: 0 | AG52: 0 | AH52: 手套 | AI52: 蓝 | AJ52: 5 | AK52: 全职业 | AL52: 2500 | AM52: =INDEX([1]装备设计!$G$3:$G$7,MATCH([1]装备一览!AI46,[1]装备设计!$F$3:$F$7,0)) -> 20 | AN52: =INDEX([1]装备设计!$H$3:$H$7,MATCH([1]装备一览!AI46,[1]装备设计!$F$3:$F$7,0)) -> 0 | AO52: 0 | AP52: 23 | AQ52: =IF(AK52="全职业",VLOOKUP(AJ52,$A$2:$I$16,6,FALSE),VLOOKUP(AJ52,$A$2:$I$16,7,FALSE)) -> 12,17 | AT52: 40050090 | AU52: 0 | AV52: 0 | AW52: 手套 | AX52: 紫 | AY52: 5 | AZ52: 全职业 | BA52: 5000 | BB52: =INDEX([1]装备设计!$G$3:$G$7,MATCH([1]装备一览!AX46,[1]装备设计!$F$3:$F$7,0)) -> 50 | BC52: =INDEX([1]装备设计!$H$3:$H$7,MATCH([1]装备一览!AX46,[1]装备设计!$F$3:$F$7,0)) -> 500 | BD52: 0 | BE52: 23 | BF52: =IF(AZ52="全职业",VLOOKUP(AY52,$A$2:$I$16,4,FALSE),VLOOKUP(AY52,$A$2:$I$16,5,FALSE)) -> 17,26 | BI52: 50050090 | BJ52: 0 | BK52: 0 | BL52: 手套 | BM52: 橙 | BN52: 5 | BO52: 全职业 | BP52: 10000 | BQ52: =INDEX([1]装备设计!$G$3:$G$7,MATCH([1]装备一览!BM46,[1]装备设计!$F$3:$F$7,0)) -> 150 | BR52: =INDEX([1]装备设计!$H$3:$H$7,MATCH([1]装备一览!BM46,[1]装备设计!$F$3:$F$7,0)) -> 1500 | BS52: 0 | BT52: 23 | BU52: =IF(BO52="全职业",VLOOKUP(BN52,$A$2:$I$16,2,FALSE),VLOOKUP(BN52,$A$2:$I$16,3,FALSE)) -> 22,35
A53: 10050100 | B53: 1 | C53: 0 | D53: 项链 | E53: 白 | F53: 5 | G53: 全职业 | H53: 500 | I53: =INDEX([1]装备设计!$G$3:$G$7,MATCH([1]装备一览!E47,[1]装备设计!$F$3:$F$7,0)) -> 5 | J53: =INDEX([1]装备设计!$H$3:$H$7,MATCH([1]装备一览!E47,[1]装备设计!$F$3:$F$7,0)) -> 0 | K53: 0 | L53: =IF(C53=1,INDEX($V$2:$AI$15,MATCH(F53,$U$2:$U$15,0),MATCH(D53,$V$1:$AI$1,0))*0.6+INDEX($V$2:$AI$15,MATCH(F53,$U$2:$U$15,0)+1,MATCH(D53,$V$1:$AI$1,0))*0.4,INDEX($V$2:$AI$15,MATCH(F53,$U$2:$U$15,0),MATCH(D53,$V$1:$AI$1,0))) -> 20 | M53: 0,0 | P53: 20050100 | Q53: 1 | R53: 0 | S53: 项链 | T53: 绿 | U53: 5 | V53: 全职业 | W53: 1000 | X53: =INDEX([1]装备设计!$G$3:$G$7,MATCH([1]装备一览!T47,[1]装备设计!$F$3:$F$7,0)) -> 10 | Y53: =INDEX([1]装备设计!$H$3:$H$7,MATCH([1]装备一览!T47,[1]装备设计!$F$3:$F$7,0)) -> 0 | Z53: 0 | AA53: 20 | AB53: =IF(V53="全职业",VLOOKUP(U53,$A$2:$I$16,8,FALSE),VLOOKUP(U53,$A$2:$I$16,9,FALSE)) -> 7,10 | AE53: 30050100 | AF53: 1 | AG53: 0 | AH53: 项链 | AI53: 蓝 | AJ53: 5 | AK53: 全职业 | AL53: 2500 | AM53: =INDEX([1]装备设计!$G$3:$G$7,MATCH([1]装备一览!AI47,[1]装备设计!$F$3:$F$7,0)) -> 20 | AN53: =INDEX([1]装备设计!$H$3:$H$7,MATCH([1]装备一览!AI47,[1]装备设计!$F$3:$F$7,0)) -> 0 | AO53: 0 | AP53: 20 | AQ53: =IF(AK53="全职业",VLOOKUP(AJ53,$A$2:$I$16,6,FALSE),VLOOKUP(AJ53,$A$2:$I$16,7,FALSE)) -> 12,17 | AT53: 40050100 | AU53: 1 | AV53: 0 | AW53: 项链 | AX53: 紫 | AY53: 5 | AZ53: 全职业 | BA53: 5000 | BB53: =INDEX([1]装备设计!$G$3:$G$7,MATCH([1]装备一览!AX47,[1]装备设计!$F$3:$F$7,0)) -> 50 | BC53: =INDEX([1]装备设计!$H$3:$H$7,MATCH([1]装备一览!AX47,[1]装备设计!$F$3:$F$7,0)) -> 500 | BD53: 0 | BE53: 20 | BF53: =IF(AZ53="全职业",VLOOKUP(AY53,$A$2:$I$16,4,FALSE),VLOOKUP(AY53,$A$2:$I$16,5,FALSE)) -> 17,26 | BI53: 50050100 | BJ53: 1 | BK53: 0 | BL53: 项链 | BM53: 橙 | BN53: 5 | BO53: 全职业 | BP53: 10000 | BQ53: =INDEX([1]装备设计!$G$3:$G$7,MATCH([1]装备一览!BM47,[1]装备设计!$F$3:$F$7,0)) -> 150 | BR53: =INDEX([1]装备设计!$H$3:$H$7,MATCH([1]装备一览!BM47,[1]装备设计!$F$3:$F$7,0)) -> 1500 | BS53: 0 | BT53: 20 | BU53: =IF(BO53="全职业",VLOOKUP(BN53,$A$2:$I$16,2,FALSE),VLOOKUP(BN53,$A$2:$I$16,3,FALSE)) -> 22,35
A54: 10051050 | B54: 1 | C54: 0 | D54: 主手武器 | E54: 白 | F54: 5 | G54: 战士 | H54: 500 | I54: =INDEX([1]装备设计!$G$3:$G$7,MATCH([1]装备一览!E48,[1]装备设计!$F$3:$F$7,0)) -> 5 | J54: =INDEX([1]装备设计!$H$3:$H$7,MATCH([1]装备一览!E48,[1]装备设计!$F$3:$F$7,0)) -> 0 | K54: 0 | L54: =IF(C54=1,INDEX($V$2:$AI$15,MATCH(F54,$U$2:$U$15,0),MATCH(D54,$V$1:$AI$1,0))*0.6+INDEX($V$2:$AI$15,MATCH(F54,$U$2:$U$15,0)+1,MATCH(D54,$V$1:$AI$1,0))*0.4,INDEX($V$2:$AI$15,MATCH(F54,$U$2:$U$15,0),MATCH(D54,$V$1:$AI$1,0))) -> 30 | M54: 0,0 | P54: 20051050 | Q54: 1 | R54: 0 | S54: 主手武器 | T54: 绿 | U54: 5 | V54: 战士 | W54: 1000 | X54: =INDEX([1]装备设计!$G$3:$G$7,MATCH([1]装备一览!T48,[1]装备设计!$F$3:$F$7,0)) -> 10 | Y54: =INDEX([1]装备设计!$H$3:$H$7,MATCH([1]装备一览!T48,[1]装备设计!$F$3:$F$7,0)) -> 0 | Z54: 0 | AA54: 30 | AB54: =IF(V54="全职业",VLOOKUP(U54,$A$2:$I$16,8,FALSE),VLOOKUP(U54,$A$2:$I$16,9,FALSE)) -> 9,13 | AE54: 30051050 | AF54: 1 | AG54: 0 | AH54: 主手武器 | AI54: 蓝 | AJ54: 5 | AK54: 战士 | AL54: 2500 | AM54: =INDEX([1]装备设计!$G$3:$G$7,MATCH([1]装备一览!AI48,[1]装备设计!$F$3:$F$7,0)) -> 20 | AN54: =INDEX([1]装备设计!$H$3:$H$7,MATCH([1]装备一览!AI48,[1]装备设计!$F$3:$F$7,0)) -> 0 | AO54: 0 | AP54: 30 | AQ54: =IF(AK54="全职业",VLOOKUP(AJ54,$A$2:$I$16,6,FALSE),VLOOKUP(AJ54,$A$2:$I$16,7,FALSE)) -> 16,22 | AT54: 40051050 | AU54: 1 | AV54: 0 | AW54: 主手武器 | AX54: 紫 | AY54: 5 | AZ54: 战士 | BA54: 5000 | BB54: =INDEX([1]装备设计!$G$3:$G$7,MATCH([1]装备一览!AX48,[1]装备设计!$F$3:$F$7,0)) -> 50 | BC54: =INDEX([1]装备设计!$H$3:$H$7,MATCH([1]装备一览!AX48,[1]装备设计!$F$3:$F$7,0)) -> 500 | BD54: 0 | BE54: 30 | BF54: =IF(AZ54="全职业",VLOOKUP(AY54,$A$2:$I$16,4,FALSE),VLOOKUP(AY54,$A$2:$I$16,5,FALSE)) -> 22,34 | BI54: 50051050 | BJ54: 1 | BK54: 0 | BL54: 主手武器 | BM54: 橙 | BN54: 5 | BO54: 战士 | BP54: 10000 | BQ54: =INDEX([1]装备设计!$G$3:$G$7,MATCH([1]装备一览!BM48,[1]装备设计!$F$3:$F$7,0)) -> 150 | BR54: =INDEX([1]装备设计!$H$3:$H$7,MATCH([1]装备一览!BM48,[1]装备设计!$F$3:$F$7,0)) -> 1500 | BS54: 0 | BT54: 30 | BU54: =IF(BO54="全职业",VLOOKUP(BN54,$A$2:$I$16,2,FALSE),VLOOKUP(BN54,$A$2:$I$16,3,FALSE)) -> 29,46
... A63: 10053051 | B63: 1 | C63: 1 | D63: 主手武器 | E63: 白 | F63: 5 | G63: 法师 | H63: 800 | I63: =INDEX([1]装备设计!$G$3:$G$7,MATCH([1]装备一览!E57,[1]装备设计!$F$3:$F$7,0)) -> 5 | J63: =INDEX([1]装备设计!$H$3:$H$7,MATCH([1]装备一览!E57,[1]装备设计!$F$3:$F$7,0)) -> 0 | K63: 0 | L63: =IF(C63=1,INDEX($V$2:$AI$15,MATCH(F63,$U$2:$U$15,0),MATCH(D63,$V$1:$AI$1,0))*0.6+INDEX($V$2:$AI$15,MATCH(F63,$U$2:$U$15,0)+1,MATCH(D63,$V$1:$AI$1,0))*0.4,INDEX($V$2:$AI$15,MATCH(F63,$U$2:$U$15,0),MATCH(D63,$V$1:$AI$1,0))) -> 56.4 | M63: 0,0 | P63: 20053051 | Q63: 1 | R63: 1 | S63: 主手武器 | T63: 绿 | U63: 5 | V63: 法师 | W63: 1600 | X63: =INDEX([1]装备设计!$G$3:$G$7,MATCH([1]装备一览!T57,[1]装备设计!$F$3:$F$7,0)) -> 10 | Y63: =INDEX([1]装备设计!$H$3:$H$7,MATCH([1]装备一览!T57,[1]装备设计!$F$3:$F$7,0)) -> 0 | Z63: 0 | AA63: 56.4 | AB63: =IF(V63="全职业",VLOOKUP(U63,$A$2:$I$16,8,FALSE),VLOOKUP(U63,$A$2:$I$16,9,FALSE)) -> 9,13 | AE63: 30053051 | AF63: 1 | AG63: 1 | AH63: 主手武器 | AI63: 蓝 | AJ63: 5 | AK63: 法师 | AL63: 4000 | AM63: =INDEX([1]装备设计!$G$3:$G$7,MATCH([1]装备一览!AI57,[1]装备设计!$F$3:$F$7,0)) -> 20 | AN63: =INDEX([1]装备设计!$H$3:$H$7,MATCH([1]装备一览!AI57,[1]装备设计!$F$3:$F$7,0)) -> 0 | AO63: 0 | AP63: 56.4 | AQ63: =IF(AK63="全职业",VLOOKUP(AJ63,$A$2:$I$16,6,FALSE),VLOOKUP(AJ63,$A$2:$I$16,7,FALSE)) -> 16,22 | AT63: 40053051 | AU63: 1 | AV63: 1 | AW63: 主手武器 | AX63: 紫 | AY63: 5 | AZ63: 法师 | BA63: 8000 | BB63: =INDEX([1]装备设计!$G$3:$G$7,MATCH([1]装备一览!AX57,[1]装备设计!$F$3:$F$7,0)) -> 50 | BC63: =INDEX([1]装备设计!$H$3:$H$7,MATCH([1]装备一览!AX57,[1]装备设计!$F$3:$F$7,0)) -> 500 | BD63: 0 | BE63: 56.4 | BF63: =IF(AZ63="全职业",VLOOKUP(AY63,$A$2:$I$16,4,FALSE),VLOOKUP(AY63,$A$2:$I$16,5,FALSE)) -> 22,34 | BI63: 50053051 | BJ63: 1 | BK63: 1 | BL63: 主手武器 | BM63: 橙 | BN63: 5 | BO63: 法师 | BP63: 16000 | BQ63: =INDEX([1]装备设计!$G$3:$G$7,MATCH([1]装备一览!BM57,[1]装备设计!$F$3:$F$7,0)) -> 150 | BR63: =INDEX([1]装备设计!$H$3:$H$7,MATCH([1]装备一览!BM57,[1]装备设计!$F$3:$F$7,0)) -> 1500 | BS63: 0 | BT63: 56.4 | BU63: =IF(BO63="全职业",VLOOKUP(BN63,$A$2:$I$16,2,FALSE),VLOOKUP(BN63,$A$2:$I$16,3,FALSE)) -> 29,46
A64: 10053060 | B64: 1 | C64: 0 | D64: 副手武器 | E64: 白 | F64: 5 | G64: 法师 | H64: 500 | I64: =INDEX([1]装备设计!$G$3:$G$7,MATCH([1]装备一览!E58,[1]装备设计!$F$3:$F$7,0)) -> 5 | J64: =INDEX([1]装备设计!$H$3:$H$7,MATCH([1]装备一览!E58,[1]装备设计!$F$3:$F$7,0)) -> 0 | K64: 0 | L64: 110 | M64: 0,0 | P64: 20053060 | Q64: 1 | R64: 0 | S64: 副手武器 | T64: 绿 | U64: 5 | V64: 法师 | W64: 1000 | X64: =INDEX([1]装备设计!$G$3:$G$7,MATCH([1]装备一览!T58,[1]装备设计!$F$3:$F$7,0)) -> 10 | Y64: =INDEX([1]装备设计!$H$3:$H$7,MATCH([1]装备一览!T58,[1]装备设计!$F$3:$F$7,0)) -> 0 | Z64: 0 | AA64: 110 | AB64: =IF(V64="全职业",VLOOKUP(U64,$A$2:$I$16,8,FALSE),VLOOKUP(U64,$A$2:$I$16,9,FALSE)) -> 9,13 | AE64: 30053060 | AF64: 1 | AG64: 0 | AH64: 副手武器 | AI64: 蓝 | AJ64: 5 | AK64: 法师 | AL64: 2500 | AM64: =INDEX([1]装备设计!$G$3:$G$7,MATCH([1]装备一览!AI58,[1]装备设计!$F$3:$F$7,0)) -> 20 | AN64: =INDEX([1]装备设计!$H$3:$H$7,MATCH([1]装备一览!AI58,[1]装备设计!$F$3:$F$7,0)) -> 0 | AO64: 0 | AP64: 110 | AQ64: =IF(AK64="全职业",VLOOKUP(AJ64,$A$2:$I$16,6,FALSE),VLOOKUP(AJ64,$A$2:$I$16,7,FALSE)) -> 16,22 | AT64: 40053060 | AU64: 1 | AV64: 0 | AW64: 副手武器 | AX64: 紫 | AY64: 5 | AZ64: 法师 | BA64: 5000 | BB64: =INDEX([1]装备设计!$G$3:$G$7,MATCH([1]装备一览!AX58,[1]装备设计!$F$3:$F$7,0)) -> 50 | BC64: =INDEX([1]装备设计!$H$3:$H$7,MATCH([1]装备一览!AX58,[1]装备设计!$F$3:$F$7,0)) -> 500 | BD64: 0 | BE64: 110 | BF64: =IF(AZ64="全职业",VLOOKUP(AY64,$A$2:$I$16,4,FALSE),VLOOKUP(AY64,$A$2:$I$16,5,FALSE)) -> 22,34 | BI64: 50053060 | BJ64: 1 | BK64: 0 | BL64: 副手武器 | BM64: 橙 | BN64: 5 | BO64: 法师 | BP64: 10000 | BQ64: =INDEX([1]装备设计!$G$3:$G$7,MATCH([1]装备一览!BM58,[1]装备设计!$F$3:$F$7,0)) -> 150 | BR64: =INDEX([1]装备设计!$H$3:$H$7,MATCH([1]装备一览!BM58,[1]装备设计!$F$3:$F$7,0)) -> 1500 | BS64: 0 | BT64: 110 | BU64: =IF(BO64="全职业",VLOOKUP(BN64,$A$2:$I$16,2,FALSE),VLOOKUP(BN64,$A$2:$I$16,3,FALSE)) -> 29,46
A65: 10053061 | B65: 0 | C65: 1 | D65: 副手武器 | E65: 白 | F65: 5 | G65: 法师 | H65: 800 | I65: =INDEX([1]装备设计!$G$3:$G$7,MATCH([1]装备一览!E59,[1]装备设计!$F$3:$F$7,0)) -> 5 | J65: =INDEX([1]装备设计!$H$3:$H$7,MATCH([1]装备一览!E59,[1]装备设计!$F$3:$F$7,0)) -> 0 | K65: 0 | L65: =IF(C65=1,INDEX($V$2:$AI$15,MATCH(F65,$U$2:$U$15,0),MATCH(D65,$V$1:$AI$1,0))*0.6+INDEX($V$2:$AI$15,MATCH(F65,$U$2:$U$15,0)+1,MATCH(D65,$V$1:$AI$1,0))*0.4,INDEX($V$2:$AI$15,MATCH(F65,$U$2:$U$15,0),MATCH(D65,$V$1:$AI$1,0))) -> 19.2 | M65: 0,0 | P65: 20053061 | Q65: 0 | R65: 1 | S65: 副手武器 | T65: 绿 | U65: 5 | V65: 法师 | W65: 1600 | X65: =INDEX([1]装备设计!$G$3:$G$7,MATCH([1]装备一览!T59,[1]装备设计!$F$3:$F$7,0)) -> 10 | Y65: =INDEX([1]装备设计!$H$3:$H$7,MATCH([1]装备一览!T59,[1]装备设计!$F$3:$F$7,0)) -> 0 | Z65: 0 | AA65: 19.2 | AB65: =IF(V65="全职业",VLOOKUP(U65,$A$2:$I$16,8,FALSE),VLOOKUP(U65,$A$2:$I$16,9,FALSE)) -> 9,13 | AE65: 30053061 | AF65: 0 | AG65: 1 | AH65: 副手武器 | AI65: 蓝 | AJ65: 5 | AK65: 法师 | AL65: 4000 | AM65: =INDEX([1]装备设计!$G$3:$G$7,MATCH([1]装备一览!AI59,[1]装备设计!$F$3:$F$7,0)) -> 20 | AN65: =INDEX([1]装备设计!$H$3:$H$7,MATCH([1]装备一览!AI59,[1]装备设计!$F$3:$F$7,0)) -> 0 | AO65: 0 | AP65: 19.2 | AQ65: =IF(AK65="全职业",VLOOKUP(AJ65,$A$2:$I$16,6,FALSE),VLOOKUP(AJ65,$A$2:$I$16,7,FALSE)) -> 16,22 | AT65: 40053061 | AU65: 0 | AV65: 1 | AW65: 副手武器 | AX65: 紫 | AY65: 5 | AZ65: 法师 | BA65: 8000 | BB65: =INDEX([1]装备设计!$G$3:$G$7,MATCH([1]装备一览!AX59,[1]装备设计!$F$3:$F$7,0)) -> 50 | BC65: =INDEX([1]装备设计!$H$3:$H$7,MATCH([1]装备一览!AX59,[1]装备设计!$F$3:$F$7,0)) -> 500 | BD65: 0 | BE65: 19.2 | BF65: =IF(AZ65="全职业",VLOOKUP(AY65,$A$2:$I$16,4,FALSE),VLOOKUP(AY65,$A$2:$I$16,5,FALSE)) -> 22,34 | BI65: 50053061 | BJ65: 0 | BK65: 1 | BL65: 副手武器 | BM65: 橙 | BN65: 5 | BO65: 法师 | BP65: 16000 | BQ65: =INDEX([1]装备设计!$G$3:$G$7,MATCH([1]装备一览!BM59,[1]装备设计!$F$3:$F$7,0)) -> 150 | BR65: =INDEX([1]装备设计!$H$3:$H$7,MATCH([1]装备一览!BM59,[1]装备设计!$F$3:$F$7,0)) -> 1500 | BS65: 0 | BT65: 19.2 | BU65: =IF(BO65="全职业",VLOOKUP(BN65,$A$2:$I$16,2,FALSE),VLOOKUP(BN65,$A$2:$I$16,3,FALSE)) -> 29,46
A66: 10050040 | B66: 1 | C66: 0 | D66: 胸甲 | E66: 白 | F66: 5 | G66: 全职业 | H66: 500 | I66: =INDEX([1]装备设计!$G$3:$G$7,MATCH([1]装备一览!E60,[1]装备设计!$F$3:$F$7,0)) -> 5 | J66: =INDEX([1]装备设计!$H$3:$H$7,MATCH([1]装备一览!E60,[1]装备设计!$F$3:$F$7,0)) -> 0 | K66: 0 | L66: =IF(C66=1,INDEX($V$2:$AI$15,MATCH(F66,$U$2:$U$15,0),MATCH(D66,$V$1:$AI$1,0))*0.6+INDEX($V$2:$AI$15,MATCH(F66,$U$2:$U$15,0)+1,MATCH(D66,$V$1:$AI$1,0))*0.4,INDEX($V$2:$AI$15,MATCH(F66,$U$2:$U$15,0),MATCH(D66,$V$1:$AI$1,0))) -> 9 | M66: 0,0 | P66: 20050040 | Q66: 1 | R66: 0 | S66: 胸甲 | T66: 绿 | U66: 5 | V66: 全职业 | W66: 1000 | X66: =INDEX([1]装备设计!$G$3:$G$7,MATCH([1]装备一览!T60,[1]装备设计!$F$3:$F$7,0)) -> 10 | Y66: =INDEX([1]装备设计!$H$3:$H$7,MATCH([1]装备一览!T60,[1]装备设计!$F$3:$F$7,0)) -> 0 | Z66: 0 | AA66: 9 | AB66: =IF(V66="全职业",VLOOKUP(U66,$A$2:$I$16,8,FALSE),VLOOKUP(U66,$A$2:$I$16,9,FALSE)) -> 7,10 | AE66: 30050040 | AF66: 1 | AG66: 0 | AH66: 胸甲 | AI66: 蓝 | AJ66: 5 | AK66: 全职业 | AL66: 2500 | AM66: =INDEX([1]装备设计!$G$3:$G$7,MATCH([1]装备一览!AI60,[1]装备设计!$F$3:$F$7,0)) -> 20 | AN66: =INDEX([1]装备设计!$H$3:$H$7,MATCH([1]装备一览!AI60,[1]装备设计!$F$3:$F$7,0)) -> 0 | AO66: 0 | AP66: 9 | AQ66: =IF(AK66="全职业",VLOOKUP(AJ66,$A$2:$I$16,6,FALSE),VLOOKUP(AJ66,$A$2:$I$16,7,FALSE)) -> 12,17 | AT66: 40050040 | AU66: 1 | AV66: 0 | AW66: 胸甲 | AX66: 紫 | AY66: 5 | AZ66: 全职业 | BA66: 5000 | BB66: =INDEX([1]装备设计!$G$3:$G$7,MATCH([1]装备一览!AX60,[1]装备设计!$F$3:$F$7,0)) -> 50 | BC66: =INDEX([1]装备设计!$H$3:$H$7,MATCH([1]装备一览!AX60,[1]装备设计!$F$3:$F$7,0)) -> 500 | BD66: 0 | BE66: 9 | BF66: =IF(AZ66="全职业",VLOOKUP(AY66,$A$2:$I$16,4,FALSE),VLOOKUP(AY66,$A$2:$I$16,5,FALSE)) -> 17,26 | BI66: 50050040 | BJ66: 1 | BK66: 0 | BL66: 胸甲 | BM66: 橙 | BN66: 5 | BO66: 全职业 | BP66: 10000 | BQ66: =INDEX([1]装备设计!$G$3:$G$7,MATCH([1]装备一览!BM60,[1]装备设计!$F$3:$F$7,0)) -> 150 | BR66: =INDEX([1]装备设计!$H$3:$H$7,MATCH([1]装备一览!BM60,[1]装备设计!$F$3:$F$7,0)) -> 1500 | BS66: 0 | BT66: 9 | BU66: =IF(BO66="全职业",VLOOKUP(BN66,$A$2:$I$16,2,FALSE),VLOOKUP(BN66,$A$2:$I$16,3,FALSE)) -> 22,35
A67: 10050041 | B67: 1 | C67: 1 | D67: 胸甲 | E67: 白 | F67: 5 | G67: 全职业 | H67: 800 | I67: =INDEX([1]装备设计!$G$3:$G$7,MATCH([1]装备一览!E61,[1]装备设计!$F$3:$F$7,0)) -> 5 | J67: =INDEX([1]装备设计!$H$3:$H$7,MATCH([1]装备一览!E61,[1]装备设计!$F$3:$F$7,0)) -> 0 | K67: 0 | L67: =IF(C67=1,INDEX($V$2:$AI$15,MATCH(F67,$U$2:$U$15,0),MATCH(D67,$V$1:$AI$1,0))*0.6+INDEX($V$2:$AI$15,MATCH(F67,$U$2:$U$15,0)+1,MATCH(D67,$V$1:$AI$1,0))*0.4,INDEX($V$2:$AI$15,MATCH(F67,$U$2:$U$15,0),MATCH(D67,$V$1:$AI$1,0))) -> 13.4 | M67: 0,0 | P67: 20050041 | Q67: 1 | R67: 1 | S67: 胸甲 | T67: 绿 | U67: 5 | V67: 全职业 | W67: 1600 | X67: =INDEX([1]装备设计!$G$3:$G$7,MATCH([1]装备一览!T61,[1]装备设计!$F$3:$F$7,0)) -> 10 | Y67: =INDEX([1]装备设计!$H$3:$H$7,MATCH([1]装备一览!T61,[1]装备设计!$F$3:$F$7,0)) -> 0 | Z67: 0 | AA67: 13.4 | AB67: =IF(V67="全职业",VLOOKUP(U67,$A$2:$I$16,8,FALSE),VLOOKUP(U67,$A$2:$I$16,9,FALSE)) -> 7,10 | AE67: 30050041 | AF67: 1 | AG67: 1 | AH67: 胸甲 | AI67: 蓝 | AJ67: 5 | AK67: 全职业 | AL67: 4000 | AM67: =INDEX([1]装备设计!$G$3:$G$7,MATCH([1]装备一览!AI61,[1]装备设计!$F$3:$F$7,0)) -> 20 | AN67: =INDEX([1]装备设计!$H$3:$H$7,MATCH([1]装备一览!AI61,[1]装备设计!$F$3:$F$7,0)) -> 0 | AO67: 0 | AP67: 13.4 | AQ67: =IF(AK67="全职业",VLOOKUP(AJ67,$A$2:$I$16,6,FALSE),VLOOKUP(AJ67,$A$2:$I$16,7,FALSE)) -> 12,17 | AT67: 40050041 | AU67: 1 | AV67: 1 | AW67: 胸甲 | AX67: 紫 | AY67: 5 | AZ67: 全职业 | BA67: 8000 | BB67: =INDEX([1]装备设计!$G$3:$G$7,MATCH([1]装备一览!AX61,[1]装备设计!$F$3:$F$7,0)) -> 50 | BC67: =INDEX([1]装备设计!$H$3:$H$7,MATCH([1]装备一览!AX61,[1]装备设计!$F$3:$F$7,0)) -> 500 | BD67: 0 | BE67: 13.4 | BF67: =IF(AZ67="全职业",VLOOKUP(AY67,$A$2:$I$16,4,FALSE),VLOOKUP(AY67,$A$2:$I$16,5,FALSE)) -> 17,26 | BI67: 50050041 | BJ67: 1 | BK67: 1 | BL67: 胸甲 | BM67: 橙 | BN67: 5 | BO67: 全职业 | BP67: 16000 | BQ67: =INDEX([1]装备设计!$G$3:$G$7,MATCH([1]装备一览!BM61,[1]装备设计!$F$3:$F$7,0)) -> 150 | BR67: =INDEX([1]装备设计!$H$3:$H$7,MATCH([1]装备一览!BM61,[1]装备设计!$F$3:$F$7,0)) -> 1500 | BS67: 0 | BT67: 13.4 | BU67: =IF(BO67="全职业",VLOOKUP(BN67,$A$2:$I$16,2,FALSE),VLOOKUP(BN67,$A$2:$I$16,3,FALSE)) -> 22,35
A68: 10050070 | B68: 1 | C68: 0 | D68: 护腿 | E68: 白 | F68: 5 | G68: 全职业 | H68: 500 | I68: =INDEX([1]装备设计!$G$3:$G$7,MATCH([1]装备一览!E62,[1]装备设计!$F$3:$F$7,0)) -> 5 | J68: =INDEX([1]装备设计!$H$3:$H$7,MATCH([1]装备一览!E62,[1]装备设计!$F$3:$F$7,0)) -> 0 | K68: 0 | L68: =IF(C68=1,INDEX($V$2:$AI$15,MATCH(F68,$U$2:$U$15,0),MATCH(D68,$V$1:$AI$1,0))*0.6+INDEX($V$2:$AI$15,MATCH(F68,$U$2:$U$15,0)+1,MATCH(D68,$V$1:$AI$1,0))*0.4,INDEX($V$2:$AI$15,MATCH(F68,$U$2:$U$15,0),MATCH(D68,$V$1:$AI$1,0))) -> 3 | M68: 0,0 | P68: 20050070 | Q68: 1 | R68: 0 | S68: 护腿 | T68: 绿 | U68: 5 | V68: 全职业 | W68: 1000 | X68: =INDEX([1]装备设计!$G$3:$G$7,MATCH([1]装备一览!T62,[1]装备设计!$F$3:$F$7,0)) -> 10 | Y68: =INDEX([1]装备设计!$H$3:$H$7,MATCH([1]装备一览!T62,[1]装备设计!$F$3:$F$7,0)) -> 0 | Z68: 0 | AA68: 3 | AB68: =IF(V68="全职业",VLOOKUP(U68,$A$2:$I$16,8,FALSE),VLOOKUP(U68,$A$2:$I$16,9,FALSE)) -> 7,10 | AE68: 30050070 | AF68: 1 | AG68: 0 | AH68: 护腿 | AI68: 蓝 | AJ68: 5 | AK68: 全职业 | AL68: 2500 | AM68: =INDEX([1]装备设计!$G$3:$G$7,MATCH([1]装备一览!AI62,[1]装备设计!$F$3:$F$7,0)) -> 20 | AN68: =INDEX([1]装备设计!$H$3:$H$7,MATCH([1]装备一览!AI62,[1]装备设计!$F$3:$F$7,0)) -> 0 | AO68: 0 | AP68: 3 | AQ68: =IF(AK68="全职业",VLOOKUP(AJ68,$A$2:$I$16,6,FALSE),VLOOKUP(AJ68,$A$2:$I$16,7,FALSE)) -> 12,17 | AT68: 40050070 | AU68: 1 | AV68: 0 | AW68: 护腿 | AX68: 紫 | AY68: 5 | AZ68: 全职业 | BA68: 5000 | BB68: =INDEX([1]装备设计!$G$3:$G$7,MATCH([1]装备一览!AX62,[1]装备设计!$F$3:$F$7,0)) -> 50 | BC68: =INDEX([1]装备设计!$H$3:$H$7,MATCH([1]装备一览!AX62,[1]装备设计!$F$3:$F$7,0)) -> 500 | BD68: 0 | BE68: 3 | BF68: =IF(AZ68="全职业",VLOOKUP(AY68,$A$2:$I$16,4,FALSE),VLOOKUP(AY68,$A$2:$I$16,5,FALSE)) -> 17,26 | BI68: 50050070 | BJ68: 1 | BK68: 0 | BL68: 护腿 | BM68: 橙 | BN68: 5 | BO68: 全职业 | BP68: 10000 | BQ68: =INDEX([1]装备设计!$G$3:$G$7,MATCH([1]装备一览!BM62,[1]装备设计!$F$3:$F$7,0)) -> 150 | BR68: =INDEX([1]装备设计!$H$3:$H$7,MATCH([1]装备一览!BM62,[1]装备设计!$F$3:$F$7,0)) -> 1500 | BS68: 0 | BT68: 3 | BU68: =IF(BO68="全职业",VLOOKUP(BN68,$A$2:$I$16,2,FALSE),VLOOKUP(BN68,$A$2:$I$16,3,FALSE)) -> 22,35
A69: 10050071 | B69: 1 | C69: 1 | D69: 护腿 | E69: 白 | F69: 5 | G69: 全职业 | H69: 800 | I69: =INDEX([1]装备设计!$G$3:$G$7,MATCH([1]装备一览!E63,[1]装备设计!$F$3:$F$7,0)) -> 5 | J69: =INDEX([1]装备设计!$H$3:$H$7,MATCH([1]装备一览!E63,[1]装备设计!$F$3:$F$7,0)) -> 0 | K69: 0 | L69: =IF(C69=1,INDEX($V$2:$AI$15,MATCH(F69,$U$2:$U$15,0),MATCH(D69,$V$1:$AI$1,0))*0.6+INDEX($V$2:$AI$15,MATCH(F69,$U$2:$U$15,0)+1,MATCH(D69,$V$1:$AI$1,0))*0.4,INDEX($V$2:$AI$15,MATCH(F69,$U$2:$U$15,0),MATCH(D69,$V$1:$AI$1,0))) -> 9.8 | M69: 0,0 | P69: 20050071 | Q69: 1 | R69: 1 | S69: 护腿 | T69: 绿 | U69: 5 | V69: 全职业 | W69: 1600 | X69: =INDEX([1]装备设计!$G$3:$G$7,MATCH([1]装备一览!T63,[1]装备设计!$F$3:$F$7,0)) -> 10 | Y69: =INDEX([1]装备设计!$H$3:$H$7,MATCH([1]装备一览!T63,[1]装备设计!$F$3:$F$7,0)) -> 0 | Z69: 0 | AA69: 9.8 | AB69: =IF(V69="全职业",VLOOKUP(U69,$A$2:$I$16,8,FALSE),VLOOKUP(U69,$A$2:$I$16,9,FALSE)) -> 7,10 | AE69: 30050071 | AF69: 1 | AG69: 1 | AH69: 护腿 | AI69: 蓝 | AJ69: 5 | AK69: 全职业 | AL69: 4000 | AM69: =INDEX([1]装备设计!$G$3:$G$7,MATCH([1]装备一览!AI63,[1]装备设计!$F$3:$F$7,0)) -> 20 | AN69: =INDEX([1]装备设计!$H$3:$H$7,MATCH([1]装备一览!AI63,[1]装备设计!$F$3:$F$7,0)) -> 0 | AO69: 0 | AP69: 9.8 | AQ69: =IF(AK69="全职业",VLOOKUP(AJ69,$A$2:$I$16,6,FALSE),VLOOKUP(AJ69,$A$2:$I$16,7,FALSE)) -> 12,17 | AT69: 40050071 | AU69: 1 | AV69: 1 | AW69: 护腿 | AX69: 紫 | AY69: 5 | AZ69: 全职业 | BA69: 8000 | BB69: =INDEX([1]装备设计!$G$3:$G$7,MATCH([1]装备一览!AX63,[1]装备设计!$F$3:$F$7,0)) -> 50 | BC69: =INDEX([1]装备设计!$H$3:$H$7,MATCH([1]装备一览!AX63,[1]装备设计!$F$3:$F$7,0)) -> 500 | BD69: 0 | BE69: 9.8 | BF69: =IF(AZ69="全职业",VLOOKUP(AY69,$A$2:$I$16,4,FALSE),VLOOKUP(AY69,$A$2:$I$16,5,FALSE)) -> 17,26 | BI69: 50050071 | BJ69: 1 | BK69: 1 | BL69: 护腿 | BM69: 橙 | BN69: 5 | BO69: 全职业 | BP69: 16000 | BQ69: =INDEX([1]装备设计!$G$3:$G$7,MATCH([1]装备一览!BM63,[1]装备设计!$F$3:$F$7,0)) -> 150 | BR69: =INDEX([1]装备设计!$H$3:$H$7,MATCH([1]装备一览!BM63,[1]装备设计!$F$3:$F$7,0)) -> 1500 | BS69: 0 | BT69: 9.8 | BU69: =IF(BO69="全职业",VLOOKUP(BN69,$A$2:$I$16,2,FALSE),VLOOKUP(BN69,$A$2:$I$16,3,FALSE)) -> 22,35
A70: 10100010 | B70: 1 | C70: 0 | D70: 头盔 | E70: 白 | F70: 10 | G70: 全职业 | H70: 1000 | I70: =INDEX([1]装备设计!$G$3:$G$7,MATCH([1]装备一览!E64,[1]装备设计!$F$3:$F$7,0)) -> 5 | J70: =INDEX([1]装备设计!$H$3:$H$7,MATCH([1]装备一览!E64,[1]装备设计!$F$3:$F$7,0)) -> 0 | K70: 0 | L70: =IF(C70=1,INDEX($V$2:$AI$15,MATCH(F70,$U$2:$U$15,0),MATCH(D70,$V$1:$AI$1,0))*0.6+INDEX($V$2:$AI$15,MATCH(F70,$U$2:$U$15,0)+1,MATCH(D70,$V$1:$AI$1,0))*0.4,INDEX($V$2:$AI$15,MATCH(F70,$U$2:$U$15,0),MATCH(D70,$V$1:$AI$1,0))) -> 64 | M70: 0,0 | P70: 20100010 | Q70: 1 | R70: 0 | S70: 头盔 | T70: 绿 | U70: 10 | V70: 全职业 | W70: 2000 | X70: =INDEX([1]装备设计!$G$3:$G$7,MATCH([1]装备一览!T64,[1]装备设计!$F$3:$F$7,0)) -> 10 | Y70: =INDEX([1]装备设计!$H$3:$H$7,MATCH([1]装备一览!T64,[1]装备设计!$F$3:$F$7,0)) -> 0 | Z70: 0 | AA70: 64 | AB70: =IF(V70="全职业",VLOOKUP(U70,$A$2:$I$16,8,FALSE),VLOOKUP(U70,$A$2:$I$16,9,FALSE)) -> 15,22 | AE70: 30100010 | AF70: 1 | AG70: 0 | AH70: 头盔 | AI70: 蓝 | AJ70: 10 | AK70: 全职业 | AL70: 5000 | AM70: =INDEX([1]装备设计!$G$3:$G$7,MATCH([1]装备一览!AI64,[1]装备设计!$F$3:$F$7,0)) -> 20 | AN70: =INDEX([1]装备设计!$H$3:$H$7,MATCH([1]装备一览!AI64,[1]装备设计!$F$3:$F$7,0)) -> 0 | AO70: 7500 | AP70: 64 | AQ70: =IF(AK70="全职业",VLOOKUP(AJ70,$A$2:$I$16,6,FALSE),VLOOKUP(AJ70,$A$2:$I$16,7,FALSE)) -> 26,37 | AT70: 40100010 | AU70: 1 | AV70: 0 | AW70: 头盔 | AX70: 紫 | AY70: 10 | AZ70: 全职业 | BA70: 10000 | BB70: =INDEX([1]装备设计!$G$3:$G$7,MATCH([1]装备一览!AX64,[1]装备设计!$F$3:$F$7,0)) -> 50 | BC70: =INDEX([1]装备设计!$H$3:$H$7,MATCH([1]装备一览!AX64,[1]装备设计!$F$3:$F$7,0)) -> 500 | BD70: 7500 | BE70: 64 | BF70: =IF(AZ70="全职业",VLOOKUP(AY70,$A$2:$I$16,4,FALSE),VLOOKUP(AY70,$A$2:$I$16,5,FALSE)) -> 39,55 | BI70: 50100010 | BJ70: 1 | BK70: 0 | BL70: 头盔 | BM70: 橙 | BN70: 10 | BO70: 全职业 | BP70: 20000 | BQ70: =INDEX([1]装备设计!$G$3:$G$7,MATCH([1]装备一览!BM64,[1]装备设计!$F$3:$F$7,0)) -> 150 | BR70: =INDEX([1]装备设计!$H$3:$H$7,MATCH([1]装备一览!BM64,[1]装备设计!$F$3:$F$7,0)) -> 1500 | BS70: 7500 | BT70: 64 | BU70: =IF(BO70="全职业",VLOOKUP(BN70,$A$2:$I$16,2,FALSE),VLOOKUP(BN70,$A$2:$I$16,3,FALSE)) -> 49,74
A71: 10100020 | B71: 1 | C71: 0 | D71: 戒指 | E71: 白 | F71: 10 | G71: 全职业 | H71: 1000 | I71: =INDEX([1]装备设计!$G$3:$G$7,MATCH([1]装备一览!E65,[1]装备设计!$F$3:$F$7,0)) -> 5 | J71: =INDEX([1]装备设计!$H$3:$H$7,MATCH([1]装备一览!E65,[1]装备设计!$F$3:$F$7,0)) -> 0 | K71: 0 | L71: =IF(C71=1,INDEX($V$2:$AI$15,MATCH(F71,$U$2:$U$15,0),MATCH(D71,$V$1:$AI$1,0))*0.6+INDEX($V$2:$AI$15,MATCH(F71,$U$2:$U$15,0)+1,MATCH(D71,$V$1:$AI$1,0))*0.4,INDEX($V$2:$AI$15,MATCH(F71,$U$2:$U$15,0),MATCH(D71,$V$1:$AI$1,0))) -> 150 | M71: 0,0 | P71: 20100020 | Q71: 1 | R71: 0 | S71: 戒指 | T71: 绿 | U71: 10 | V71: 全职业 | W71: 2000 | X71: =INDEX([1]装备设计!$G$3:$G$7,MATCH([1]装备一览!T65,[1]装备设计!$F$3:$F$7,0)) -> 10 | Y71: =INDEX([1]装备设计!$H$3:$H$7,MATCH([1]装备一览!T65,[1]装备设计!$F$3:$F$7,0)) -> 0 | Z71: 0 | AA71: 150 | AB71: =IF(V71="全职业",VLOOKUP(U71,$A$2:$I$16,8,FALSE),VLOOKUP(U71,$A$2:$I$16,9,FALSE)) -> 15,22 | AE71: 30100020 | AF71: 1 | AG71: 0 | AH71: 戒指 | AI71: 蓝 | AJ71: 10 | AK71: 全职业 | AL71: 5000 | AM71: =INDEX([1]装备设计!$G$3:$G$7,MATCH([1]装备一览!AI65,[1]装备设计!$F$3:$F$7,0)) -> 20 | AN71: =INDEX([1]装备设计!$H$3:$H$7,MATCH([1]装备一览!AI65,[1]装备设计!$F$3:$F$7,0)) -> 0 | AO71: 7500 | AP71: 150 | AQ71: =IF(AK71="全职业",VLOOKUP(AJ71,$A$2:$I$16,6,FALSE),VLOOKUP(AJ71,$A$2:$I$16,7,FALSE)) -> 26,37 | AT71: 40100020 | AU71: 1 | AV71: 0 | AW71: 戒指 | AX71: 紫 | AY71: 10 | AZ71: 全职业 | BA71: 10000 | BB71: =INDEX([1]装备设计!$G$3:$G$7,MATCH([1]装备一览!AX65,[1]装备设计!$F$3:$F$7,0)) -> 50 | BC71: =INDEX([1]装备设计!$H$3:$H$7,MATCH([1]装备一览!AX65,[1]装备设计!$F$3:$F$7,0)) -> 500 | BD71: 7500 | BE71: 150 | BF71: =IF(AZ71="全职业",VLOOKUP(AY71,$A$2:$I$16,4,FALSE),VLOOKUP(AY71,$A$2:$I$16,5,FALSE)) -> 39,55 | BI71: 50100020 | BJ71: 1 | BK71: 0 | BL71: 戒指 | BM71: 橙 | BN71: 10 | BO71: 全职业 | BP71: 20000 | BQ71: =INDEX([1]装备设计!$G$3:$G$7,MATCH([1]装备一览!BM65,[1]装备设计!$F$3:$F$7,0)) -> 150 | BR71: =INDEX([1]装备设计!$H$3:$H$7,MATCH([1]装备一览!BM65,[1]装备设计!$F$3:$F$7,0)) -> 1500 | BS71: 7500 | BT71: 150 | BU71: =IF(BO71="全职业",VLOOKUP(BN71,$A$2:$I$16,2,FALSE),VLOOKUP(BN71,$A$2:$I$16,3,FALSE)) -> 49,74
A72: 10100030 | B72: 1 | C72: 0 | D72: 腰带 | E72: 白 | F72: 10 | G72: 全职业 | H72: 1000 | I72: =INDEX([1]装备设计!$G$3:$G$7,MATCH([1]装备一览!E66,[1]装备设计!$F$3:$F$7,0)) -> 5 | J72: =INDEX([1]装备设计!$H$3:$H$7,MATCH([1]装备一览!E66,[1]装备设计!$F$3:$F$7,0)) -> 0 | K72: 0 | L72: =IF(C72=1,INDEX($V$2:$AI$15,MATCH(F72,$U$2:$U$15,0),MATCH(D72,$V$1:$AI$1,0))*0.6+INDEX($V$2:$AI$15,MATCH(F72,$U$2:$U$15,0)+1,MATCH(D72,$V$1:$AI$1,0))*0.4,INDEX($V$2:$AI$15,MATCH(F72,$U$2:$U$15,0),MATCH(D72,$V$1:$AI$1,0))) -> 480 | M72: 0,0 | P72: 20100030 | Q72: 1 | R72: 0 | S72: 腰带 | T72: 绿 | U72: 10 | V72: 全职业 | W72: 2000 | X72: =INDEX([1]装备设计!$G$3:$G$7,MATCH([1]装备一览!T66,[1]装备设计!$F$3:$F$7,0)) -> 10 | Y72: =INDEX([1]装备设计!$H$3:$H$7,MATCH([1]装备一览!T66,[1]装备设计!$F$3:$F$7,0)) -> 0 | Z72: 0 | AA72: 480 | AB72: =IF(V72="全职业",VLOOKUP(U72,$A$2:$I$16,8,FALSE),VLOOKUP(U72,$A$2:$I$16,9,FALSE)) -> 15,22 | AE72: 30100030 | AF72: 1 | AG72: 0 | AH72: 腰带 | AI72: 蓝 | AJ72: 10 | AK72: 全职业 | AL72: 5000 | AM72: =INDEX([1]装备设计!$G$3:$G$7,MATCH([1]装备一览!AI66,[1]装备设计!$F$3:$F$7,0)) -> 20 | AN72: =INDEX([1]装备设计!$H$3:$H$7,MATCH([1]装备一览!AI66,[1]装备设计!$F$3:$F$7,0)) -> 0 | AO72: 7500 | AP72: 480 | AQ72: =IF(AK72="全职业",VLOOKUP(AJ72,$A$2:$I$16,6,FALSE),VLOOKUP(AJ72,$A$2:$I$16,7,FALSE)) -> 26,37 | AT72: 40100030 | AU72: 1 | AV72: 0 | AW72: 腰带 | AX72: 紫 | AY72: 10 | AZ72: 全职业 | BA72: 10000 | BB72: =INDEX([1]装备设计!$G$3:$G$7,MATCH([1]装备一览!AX66,[1]装备设计!$F$3:$F$7,0)) -> 50 | BC72: =INDEX([1]装备设计!$H$3:$H$7,MATCH([1]装备一览!AX66,[1]装备设计!$F$3:$F$7,0)) -> 500 | BD72: 7500 | BE72: 480 | BF72: =IF(AZ72="全职业",VLOOKUP(AY72,$A$2:$I$16,4,FALSE),VLOOKUP(AY72,$A$2:$I$16,5,FALSE)) -> 39,55 | BI72: 50100030 | BJ72: 1 | BK72: 0 | BL72: 腰带 | BM72: 橙 | BN72: 10 | BO72: 全职业 | BP72: 20000 | BQ72: =INDEX([1]装备设计!$G$3:$G$7,MATCH([1]装备一览!BM66,[1]装备设计!$F$3:$F$7,0)) -> 150 | BR72: =INDEX([1]装备设计!$H$3:$H$7,MATCH([1]装备一览!BM66,[1]装备设计!$F$3:$F$7,0)) -> 1500 | BS72: 7500 | BT72: 480 | BU72: =IF(BO72="全职业",VLOOKUP(BN72,$A$2:$I$16,2,FALSE),VLOOKUP(BN72,$A$2:$I$16,3,FALSE)) -> 49,74
