Workbook

Sheet 天天挂机经验
A1: 1 | B1: =ROUND(POWER(A1,4)*5-70/3*POWER(A1,3)+25*POWER(A1,2)+23*A1-25,0) -> 5
A2: 2 | B2: =ROUND(POWER(A2,4)*5-70/3*POWER(A2,3)+25*POWER(A2,2)+23*A2-25,0) -> 14
A3: 3 | B3: =ROUND(POWER(A3,4)*5-70/3*POWER(A3,3)+25*POWER(A3,2)+23*A3-25,0) -> 44
A4: 4 | B4: =ROUND(POWER(A4,4)*5-70/3*POWER(A4,3)+25*POWER(A4,2)+23*A4-25,0) -> 254
A5: 5 | B5: =ROUND(POWER(A5,4)*5-70/3*POWER(A5,3)+25*POWER(A5,2)+23*A5-25,0) -> 923
A6: 6 | B6: =ROUND(POWER(A6,4)*5-70/3*POWER(A6,3)+25*POWER(A6,2)+23*A6-25,0) -> 2453
A7: 7 | B7: =ROUND(POWER(A7,4)*5-70/3*POWER(A7,3)+25*POWER(A7,2)+23*A7-25,0) -> 5363
A8: 8 | B8: =ROUND(POWER(A8,4)*5-70/3*POWER(A8,3)+25*POWER(A8,2)+23*A8-25,0) -> 10292
A9: 9 | B9: =ROUND(POWER(A9,4)*5-70/3*POWER(A9,3)+25*POWER(A9,2)+23*A9-25,0) -> 18002
A10: 10 | B10: =ROUND(POWER(A10,4)*5-70/3*POWER(A10,3)+25*POWER(A10,2)+23*A10-25,0) -> 29372
A11: 11 | B11: =ROUND(POWER(A11,4)*5-70/3*POWER(A11,3)+25*POWER(A11,2)+23*A11-25,0) -> 45401
A12: 12 | B12: =ROUND(POWER(A12,4)*5-70/3*POWER(A12,3)+25*POWER(A12,2)+23*A12-25,0) -> 67211
... A70: 70 | B70: =ROUND(POWER(A70,4)*5-70/3*POWER(A70,3)+25*POWER(A70,2)+23*A70-25,0) -> 112170752
A71: 71 | B71: 118834800
A72: 72 | B72: 125791410
A73: 73 | B73: 133049040
A74: 74 | B74: 140616250
A75: 75 | B75: 148501720
A76: 76 | B76: 156714250
A77: 77 | B77: 165262760
A78: 78 | B78: 174156290
A79: 79 | B79: =ROUND(POWER(A79,4)*5-70/3*POWER(A79,3)+25*POWER(A79,2)+23*A79-25,0) -> 183403979
A80: 80 | B80: =ROUND(POWER(A80,4)*5-70/3*POWER(A80,3)+25*POWER(A80,2)+23*A80-25,0) -> 193015148
A81: 81 | B81: =ROUND(POWER(A81,4)*5-70/3*POWER(A81,3)+25*POWER(A81,2)+23*A81-25,0) -> 202999178
A82: 82 | B82: =ROUND(POWER(A82,4)*5-70/3*POWER(A82,3)+25*POWER(A82,2)+23*A82-25,0) -> 213365588
A83: 83 | B83: =ROUND(POWER(A83,4)*5-70/3*POWER(A83,3)+25*POWER(A83,2)+23*A83-25,0) -> 224124017
A84: 84 | B84: =ROUND(POWER(A84,4)*5-70/3*POWER(A84,3)+25*POWER(A84,2)+23*A84-25,0) -> 235284227
A85: 85 | B85: =ROUND(POWER(A85,4)*5-70/3*POWER(A85,3)+25*POWER(A85,2)+23*A85-25,0) -> 246856097
A86: 86 | B86: =ROUND(POWER(A86,4)*5-70/3*POWER(A86,3)+25*POWER(A86,2)+23*A86-25,0) -> 258849626
A87: 87 | B87: =ROUND(POWER(A87,4)*5-70/3*POWER(A87,3)+25*POWER(A87,2)+23*A87-25,0) -> 271274936
A88: 88 | B88: =ROUND(POWER(A88,4)*5-70/3*POWER(A88,3)+25*POWER(A88,2)+23*A88-25,0) -> 284142266
A89: 89 | B89: =ROUND(POWER(A89,4)*5-70/3*POWER(A89,3)+25*POWER(A89,2)+23*A89-25,0) -> 297461975
A90: 90 | B90: =ROUND(POWER(A90,4)*5-70/3*POWER(A90,3)+25*POWER(A90,2)+23*A90-25,0) -> 311244545
... A100: 100 | B100: =ROUND(POWER(A100,4)*5-70/3*POWER(A100,3)+25*POWER(A100,2)+23*A100-25,0) -> 476918942

Sheet 数值拟合
A1: 鞋子 | D1: 手套 | G1: 戒指 | J1: 武器 | M1: 抗性 | P1: 腰带 | S1: 护甲 | V1: 副手
A2: 6 | B2: 4 | D2: 6 | E2: 12 | G2: 8 | H2: 80 | J2: 1 | K2: 8 | M2: 8 | N2: 20 | P2: 5 | Q2: 100 | S2: 3 | T2: 3 | V2: 2 | W2: 4
A3: 12 | B3: 12 | D3: 12 | E3: 43 | G3: 14 | H3: 150 | J3: 4 | K3: 17 | M3: 14 | N3: 64 | P3: 11 | Q3: 480 | S3: 7 | T3: 9 | V3: 6 | W3: 12
A4: 18 | B4: 24 | D4: 18 | E4: 106 | G4: 17 | H4: 190 | J4: 7 | K4: 30 | M4: 17 | N4: 96 | P4: 17 | Q4: 1160 | S4: 11 | T4: 20 | V4: 10 | W4: 30
A5: 24 | B5: 40 | D5: 24 | E5: 211 | G5: 20 | H5: 240 | J5: 10 | K5: 56 | M5: 20 | N5: 136 | P5: 23 | Q5: 2120 | S5: 15 | T5: 39 | V5: 14 | W5: 60
A6: 27 | B6: 49 | D6: 27 | E6: 282 | G6: 26 | H6: 340 | J6: 13 | K6: 98 | M6: 26 | N6: 237 | P6: 29 | Q6: 3360 | S6: 19 | T6: 66 | V6: 18 | W6: 106
A7: 30 | B7: 59 | D7: 30 | E7: 368 | G7: 32 | H7: 460 | J7: 16 | K7: 156 | M7: 32 | N7: 372 | P7: 32 | Q7: 4100 | S7: 23 | T7: 104 | V7: 22 | W7: 171
A8: 36 | B8: 82 | D8: 36 | E8: 588 | G8: 38 | H8: 590 | J8: 19 | K8: 234 | M8: 38 | N8: 542 | P8: 35 | Q8: 4900 | S8: 27 | T8: 153 | V8: 26 | W8: 257
A9: 42 | B9: 108 | D9: 42 | E9: 880 | G9: 44 | H9: 740 | J9: 22 | K9: 339 | M9: 44 | N9: 751 | P9: 41 | Q9: 6720 | S9: 31 | T9: 216 | V9: 30 | W9: 368
A10: 48 | B10: 138 | D10: 48 | E10: 1256 | G10: 47 | H10: 820 | J10: 25 | K10: 471 | M10: 47 | N10: 870 | P10: 47 | Q10: 8840 | S10: 35 | T10: 293 | V10: 34 | W10: 507
A11: 54 | B11: 172 | D11: 54 | E11: 1726 | G11: 50 | H11: 900 | J11: 28 | K11: 630 | M11: 50 | N11: 1000 | P11: 53 | Q11: 11240 | S11: 39 | T11: 387 | V11: 38 | W11: 676
A12: 57 | B12: 190 | D12: 57 | E12: 1999 | G12: 56 | H12: 1080 | J12: 31 | K12: 825 | M12: 56 | N12: 1292 | P12: 59 | Q12: 13920 | S12: 43 | T12: 498 | V12: 42 | W12: 880
A13: 60 | B13: 209 | D13: 60 | E13: 2300 | G13: 62 | H13: 1260 | J13: 34 | K13: 1059 | M13: 62 | N13: 1629 | P13: 62 | Q13: 15380 | S13: 47 | T13: 629 | V13: 46 | W13: 1121
... A20: 96 | B20: 508 | D20: 96 | E20: 8510 | G20: 98 | H20: 2700 | J20: 55 | K20: 3993 | M20: 98 | N20: 4763 | P20: 95 | Q20: 36000 | S20: 75 | T20: 2217 | V20: 74 | W20: 4102
J21: 58 | K21: 4641 | S21: 79 | T21: 2558 | V21: 78 | W21: 4750
J22: 61 | K22: 5352 | S22: 83 | T22: 2933 | V22: 82 | W22: 5462
J23: 64 | K23: 6132 | S23: 87 | T23: 3342 | V23: 86 | W23: 6243
J24: 67 | K24: 6987 | S24: 91 | T24: 3788 | V24: 90 | W24: 7094
J25: 70 | K25: 7917 | S25: 95 | T25: 4271 | V25: 94 | W25: 8019
J26: 73 | K26: 8925 | V26: 98 | W26: 9021
J27: 76 | K27: 10017
J28: 79 | K28: 11193
J29: 82 | K29: 12459
J30: 85 | K30: 13821
J31: 88 | K31: 15273
J32: 91 | K32: 16827
J33: 94 | K33: 18480
J34: 97 | K34: 20238
J35: 100 | K35: 22107

Sheet 特效
A1: 戒指 | B1: 金币掉落
A2: 腰带 | B2: 最大生命值
A3: 胸甲 | B3: 免控
A4: 护腿 | B4: 反伤
A5: 副手 | B5: 破甲
A6: 武器 | B6: 吸血
A7: 项链 | B7: 装备掉落
A8: 头盔 | B8: 回血
A9: 鞋子 | B9: 获得经验
A10: 手套 | B10: 暴击伤害

Sheet 经验值
A1: 人物等级 | B1: 升级经验 | C1: 怪物等级 | D1: 怪物经验 | E1: 升级杀怪数 | F1: 所需时间 | G1: 所需时间(小时) | H1: 累计时间（小时） | I1: 累计时间（天） | K1: 标准战斗时间
A2: 1 | B2: 10 | C2: 1 | D2: 10 | E2: =B2/D2 -> 1 | F2: =E2*$K$2 -> 20 | G2: =F2/3600 -> 0.0055555556 | H2: =G2 -> 0.0055555556 | I2: =H2/24 -> 0.00023148148 | K2: 20
A3: 2 | B3: 30 | C3: 2 | D3: 12 | E3: =B3/D3 -> 2.5 | F3: =E3*$K$2 -> 50 | G3: =F3/3600 -> 0.013888889 | H3: =H2+G3 -> 0.019444444 | I3: =H3/24 -> 0.00081018519
A4: 3 | B4: 210 | C4: 3 | D4: 14 | E4: =B4/D4 -> 15 | F4: =E4*$K$2 -> 300 | G4: =F4/3600 -> 0.083333333 | H4: =H3+G4 -> 0.10277778 | I4: =H4/24 -> 0.0042824074
A5: 4 | B5: 670 | C5: 4 | D5: 16 | E5: =B5/D5 -> 41.875 | F5: =E5*$K$2 -> 837.5 | G5: =F5/3600 -> 0.23263889 | H5: =H4+G5 -> 0.33541667 | I5: =H5/24 -> 0.013975694
A6: 5 | B6: 1530 | C6: 5 | D6: 18 | E6: =B6/D6 -> 85 | F6: =E6*$K$2 -> 1700 | G6: =F6/3600 -> 0.47222222 | H6: =H5+G6 -> 0.80763889 | I6: =H6/24 -> 0.03365162
A7: 6 | B7: 2910 | C7: 6 | D7: 20 | E7: =B7/D7 -> 145.5 | F7: =E7*$K$2 -> 2910 | G7: =F7/3600 -> 0.80833333 | H7: =H6+G7 -> 1.6159722 | I7: =H7/24 -> 0.067332176
A8: 7 | B8: 4930 | C8: 7 | D8: 22 | E8: =B8/D8 -> 224.09091 | F8: =E8*$K$2 -> 4481.8182 | G8: =F8/3600 -> 1.2449495 | H8: =H7+G8 -> 2.8609217 | I8: =H8/24 -> 0.11920507
A9: 8 | B9: 7710 | C9: 8 | D9: 24 | E9: =B9/D9 -> 321.25 | F9: =E9*$K$2 -> 6425 | G9: =F9/3600 -> 1.7847222 | H9: =H8+G9 -> 4.6456439 | I9: =H9/24 -> 0.1935685
A10: 9 | B10: 11370 | C10: 9 | D10: 28 | E10: =B10/D10 -> 406.07143 | F10: =E10*$K$2 -> 8121.4286 | G10: =F10/3600 -> 2.2559524 | H10: =H9+G10 -> 6.9015963 | I10: =H10/24 -> 0.28756651
A11: 10 | B11: 16030 | C11: 10 | D11: 32 | E11: =B11/D11 -> 500.9375 | F11: =E11*$K$2 -> 10018.75 | G11: =F11/3600 -> 2.7829861 | H11: =H10+G11 -> 9.6845824 | I11: =H11/24 -> 0.40352427
A12: 11 | B12: 21810 | C12: 11 | D12: 36 | E12: =B12/D12 -> 605.83333 | F12: =E12*$K$2 -> 12116.667 | G12: =F12/3600 -> 3.3657407 | H12: =H11+G12 -> 13.050323 | I12: =H12/24 -> 0.54376347
A13: 12 | B13: 28830 | C13: 12 | D13: 40 | E13: =B13/D13 -> 720.75 | F13: =E13*$K$2 -> 14415 | G13: =F13/3600 -> 4.0041667 | H13: =H12+G13 -> 17.05449 | I13: =H13/24 -> 0.71060374
A14: 13 | B14: 37210 | C14: 13 | D14: 44 | E14: =B14/D14 -> 845.68182 | F14: =E14*$K$2 -> 16913.636 | G14: =F14/3600 -> 4.6982323 | H14: =H13+G14 -> 21.752722 | I14: =H14/24 -> 0.90636342
... A71: 70 | B71: 6664030 | C71: 70 | D71: 502 | E71: =B71/D71 -> 13274.96 | F71: =E71*$K$2 -> 265499.2 | G71: =F71/3600 -> 73.749779 | H71: =H70+G71 -> 2152.0301 | I71: =H71/24 -> 89.667921
A74: 高5级打怪
A75: 人物等级 | B75: 升级经验 | C75: 怪物等级 | D75: 怪物经验
A76: 1 | B76: 10 | C76: 1 | D76: 10 | E76: =B76/D76 -> 1 | F76: =E76*$K$2 -> 20 | G76: =F76/3600 -> 0.0055555556 | H76: =H75+G76 -> 0.0055555556 | I76: =H76/24 -> 0.00023148148
A77: 2 | B77: 30 | C77: 2 | D77: 12 | E77: =B77/D77 -> 2.5 | F77: =E77*$K$2 -> 50 | G77: =F77/3600 -> 0.013888889 | H77: =H76+G77 -> 0.019444444 | I77: =H77/24 -> 0.00081018519
A78: 3 | B78: 210 | C78: 3 | D78: 14 | E78: =B78/D78 -> 15 | F78: =E78*$K$2 -> 300 | G78: =F78/3600 -> 0.083333333 | H78: =H77+G78 -> 0.10277778 | I78: =H78/24 -> 0.0042824074
A79: 4 | B79: 670 | C79: 4 | D79: 16 | E79: =B79/D79 -> 41.875 | F79: =E79*$K$2 -> 837.5 | G79: =F79/3600 -> 0.23263889 | H79: =H78+G79 -> 0.33541667 | I79: =H79/24 -> 0.013975694
A80: 5 | B80: 1530 | C80: 5 | D80: 18 | E80: =B80/D80 -> 85 | F80: =E80*$K$2 -> 1700 | G80: =F80/3600 -> 0.47222222 | H80: =H79+G80 -> 0.80763889 | I80: =H80/24 -> 0.03365162
A81: 6 | B81: 2910 | C81: 6 | D81: 20 | E81: =B81/D81 -> 145.5 | F81: =E81*$K$2 -> 2910 | G81: =F81/3600 -> 0.80833333 | H81: =H80+G81 -> 1.6159722 | I81: =H81/24 -> 0.067332176
A82: 7 | B82: 4930 | C82: 7 | D82: 22 | E82: =B82/D82 -> 224.09091 | F82: =E82*$K$2 -> 4481.8182 | G82: =F82/3600 -> 1.2449495 | H82: =H81+G82 -> 2.8609217 | I82: =H82/24 -> 0.11920507
A83: 8 | B83: 7710 | C83: 8 | D83: 24 | E83: =B83/D83 -> 321.25 | F83: =E83*$K$2 -> 6425 | G83: =F83/3600 -> 1.7847222 | H83: =H82+G83 -> 4.6456439 | I83: =H83/24 -> 0.1935685
A84: 9 | B84: 11370 | C84: 9 | D84: 28 | E84: =B84/D84 -> 406.07143 | F84: =E84*$K$2 -> 8121.4286 | G84: =F84/3600 -> 2.2559524 | H84: =H83+G84 -> 6.9015963 | I84: =H84/24 -> 0.28756651
A85: 10 | B85: 16030 | C85: 10 | D85: 32 | E85: =B85/D85 -> 500.9375 | F85: =E85*$K$2 -> 10018.75 | G85: =F85/3600 -> 2.7829861 | H85: =H84+G85 -> 9.6845824 | I85: =H85/24 -> 0.40352427
A86: 11 | B86: 21810 | C86: 11 | D86: 36 | E86: =B86/D85 -> 681.5625 | F86: =E86*$K$2 -> 13631.25 | G86: =F86/3600 -> 3.7864583 | H86: =H85+G86 -> 13.471041 | I86: =H86/24 -> 0.56129337
A87: 12 | B87: 28830 | C87: 12 | D87: 40 | E87: =B87/D85 -> 900.9375 | F87: =E87*$K$2 -> 18018.75 | G87: =F87/3600 -> 5.0052083 | H87: =H86+G87 -> 18.476249 | I87: =H87/24 -> 0.76984371
A88: 13 | B88: 37210 | C88: 13 | D88: 44 | E88: =B88/D85 -> 1162.8125 | F88: =E88*$K$2 -> 23256.25 | G88: =F88/3600 -> 6.4600694 | H88: =H87+G88 -> 24.936319 | I88: =H88/24 -> 1.0390133
A89: 14 | B89: 47070 | C89: 14 | D89: 48 | E89: =B89/D85 -> 1470.9375 | F89: =E89*$K$2 -> 29418.75 | G89: =F89/3600 -> 8.171875 | H89: =H88+G89 -> 33.108194 | I89: =H89/24 -> 1.3795081
A90: 15 | B90: 58530 | C90: 15 | D90: 52 | E90: =B90/D85 -> 1829.0625 | F90: =E90*$K$2 -> 36581.25 | G90: =F90/3600 -> 10.161458 | H90: =H89+G90 -> 43.269652 | I90: =H90/24 -> 1.8029022
A91: 16 | B91: 71710 | C91: 16 | D91: 56 | E91: =B91/D86 -> 1991.9444 | F91: =E91*$K$2 -> 39838.889 | G91: =F91/3600 -> 11.066358 | H91: =H90+G91 -> 54.33601 | I91: =H91/24 -> 2.2640004
A92: 17 | B92: 86730 | C92: 17 | D92: 60 | E92: =B92/D87 -> 2168.25 | F92: =E92*$K$2 -> 43365 | G92: =F92/3600 -> 12.045833 | H92: =H91+G92 -> 66.381843 | I92: =H92/24 -> 2.7659101
A93: 18 | B93: 103710 | C93: 18 | D93: 64 | E93: =B93/D88 -> 2357.0455 | F93: =E93*$K$2 -> 47140.909 | G93: =F93/3600 -> 13.094697 | H93: =H92+G93 -> 79.47654 | I93: =H93/24 -> 3.3115225
A94: 19 | B94: 122770 | C94: 19 | D94: 68 | E94: =B94/D89 -> 2557.7083 | F94: =E94*$K$2 -> 51154.167 | G94: =F94/3600 -> 14.209491 | H94: =H93+G94 -> 93.686031 | I94: =H94/24 -> 3.9035846
A95: 20 | B95: 144030 | C95: 20 | D95: 72 | E95: =B95/D90 -> 2769.8077 | F95: =E95*$K$2 -> 55396.154 | G95: =F95/3600 -> 15.387821 | H95: =H94+G95 -> 109.07385 | I95: =H95/24 -> 4.5447438
A96: 21 | B96: 167610 | C96: 21 | D96: 78 | E96: =B96/D91 -> 2993.0357 | F96: =E96*$K$2 -> 59860.714 | G96: =F96/3600 -> 16.627976 | H96: =H95+G96 -> 125.70183 | I96: =H96/24 -> 5.2375762
A97: 22 | B97: 193630 | C97: 22 | D97: 84 | E97: =B97/D92 -> 3227.1667 | F97: =E97*$K$2 -> 64543.333 | G97: =F97/3600 -> 17.928704 | H97: =H96+G97 -> 143.63053 | I97: =H97/24 -> 5.9846055
A98: 23 | B98: 222210 | C98: 23 | D98: 90 | E98: =B98/D93 -> 3472.0312 | F98: =E98*$K$2 -> 69440.625 | G98: =F98/3600 -> 19.289062 | H98: =H97+G98 -> 162.91959 | I98: =H98/24 -> 6.7883164
A99: 24 | B99: 253470 | C99: 24 | D99: 96 | E99: =B99/D94 -> 3727.5 | F99: =E99*$K$2 -> 74550 | G99: =F99/3600 -> 20.708333 | H99: =H98+G99 -> 183.62793 | I99: =H99/24 -> 7.6511636
A100: 25 | B100: 287530 | C100: 25 | D100: 102 | E100: =B100/D95 -> 3993.4722 | F100: =E100*$K$2 -> 79869.444 | G100: =F100/3600 -> 22.185957 | H100: =H99+G100 -> 205.81388 | I100: =H100/24 -> 8.5755785
A101: 26 | B101: 324510 | C101: 26 | D101: 108 | E101: =B101/D96 -> 4160.3846 | F101: =E101*$K$2 -> 83207.692 | G101: =F101/3600 -> 23.113248 | H101: =H100+G101 -> 228.92713 | I101: =H101/24 -> 9.5386305
... A145: 70 | B145: 6664030 | C145: 70 | D145: 502 | E145: =B145/D140 -> 15076.991 | F145: =E145*$K$2 -> 301539.82 | G145: =F145/3600 -> 83.761061 | H145: =H144+G145 -> 2581.0734 | I145: =H145/24 -> 107.54472
A148: 越10级打怪
A149: 人物等级 | B149: 升级经验 | C149: 怪物等级 | D149: 怪物经验
A150: 1 | B150: 10 | C150: 1 | D150: 10 | E150: =B150/D150 -> 1 | F150: =E150*$K$2 -> 20 | G150: =F150/3600 -> 0.0055555556 | H150: =H149+G150 -> 0.0055555556 | I150: =H150/24 -> 0.00023148148
A151: 2 | B151: 30 | C151: 2 | D151: 12 | E151: =B151/D151 -> 2.5 | F151: =E151*$K$2 -> 50 | G151: =F151/3600 -> 0.013888889 | H151: =H150+G151 -> 0.019444444 | I151: =H151/24 -> 0.00081018519
A152: 3 | B152: 210 | C152: 3 | D152: 14 | E152: =B152/D152 -> 15 | F152: =E152*$K$2 -> 300 | G152: =F152/3600 -> 0.083333333 | H152: =H151+G152 -> 0.10277778 | I152: =H152/24 -> 0.0042824074
A153: 4 | B153: 670 | C153: 4 | D153: 16 | E153: =B153/D153 -> 41.875 | F153: =E153*$K$2 -> 837.5 | G153: =F153/3600 -> 0.23263889 | H153: =H152+G153 -> 0.33541667 | I153: =H153/24 -> 0.013975694
A154: 5 | B154: 1530 | C154: 5 | D154: 18 | E154: =B154/D154 -> 85 | F154: =E154*$K$2 -> 1700 | G154: =F154/3600 -> 0.47222222 | H154: =H153+G154 -> 0.80763889 | I154: =H154/24 -> 0.03365162
A155: 6 | B155: 2910 | C155: 6 | D155: 20 | E155: =B155/D155 -> 145.5 | F155: =E155*$K$2 -> 2910 | G155: =F155/3600 -> 0.80833333 | H155: =H154+G155 -> 1.6159722 | I155: =H155/24 -> 0.067332176
A156: 7 | B156: 4930 | C156: 7 | D156: 22 | E156: =B156/D156 -> 224.09091 | F156: =E156*$K$2 -> 4481.8182 | G156: =F156/3600 -> 1.2449495 | H156: =H155+G156 -> 2.8609217 | I156: =H156/24 -> 0.11920507
A157: 8 | B157: 7710 | C157: 8 | D157: 24 | E157: =B157/D157 -> 321.25 | F157: =E157*$K$2 -> 6425 | G157: =F157/3600 -> 1.7847222 | H157: =H156+G157 -> 4.6456439 | I157: =H157/24 -> 0.1935685
A158: 9 | B158: 11370 | C158: 9 | D158: 28 | E158: =B158/D158 -> 406.07143 | F158: =E158*$K$2 -> 8121.4286 | G158: =F158/3600 -> 2.2559524 | H158: =H157+G158 -> 6.9015963 | I158: =H158/24 -> 0.28756651
A159: 10 | B159: 16030 | C159: 10 | D159: 32 | E159: =B159/D169 -> 222.63889 | F159: =E159*$K$2 -> 4452.7778 | G159: =F159/3600 -> 1.2368827 | H159: =H158+G159 -> 8.138479 | I159: =H159/24 -> 0.33910329
A160: 11 | B160: 21810 | C160: 11 | D160: 36 | E160: =B160/D170 -> 279.61538 | F160: =E160*$K$2 -> 5592.3077 | G160: =F160/3600 -> 1.5534188 | H160: =H159+G160 -> 9.6918978 | I160: =H160/24 -> 0.40382908
A161: 12 | B161: 28830 | C161: 12 | D161: 40 | E161: =B161/D171 -> 343.21429 | F161: =E161*$K$2 -> 6864.2857 | G161: =F161/3600 -> 1.906746 | H161: =H160+G161 -> 11.598644 | I161: =H161/24 -> 0.48327683
A162: 13 | B162: 37210 | C162: 13 | D162: 44 | E162: =B162/D172 -> 413.44444 | F162: =E162*$K$2 -> 8268.8889 | G162: =F162/3600 -> 2.2969136 | H162: =H161+G162 -> 13.895557 | I162: =H162/24 -> 0.57898156
A163: 14 | B163: 47070 | C163: 14 | D163: 48 | E163: =B163/D173 -> 490.3125 | F163: =E163*$K$2 -> 9806.25 | G163: =F163/3600 -> 2.7239583 | H163: =H162+G163 -> 16.619516 | I163: =H163/24 -> 0.69247982
A164: 15 | B164: 58530 | C164: 15 | D164: 52 | E164: =B164/D174 -> 573.82353 | F164: =E164*$K$2 -> 11476.471 | G164: =F164/3600 -> 3.1879085 | H164: =H163+G164 -> 19.807424 | I164: =H164/24 -> 0.82530935
A165: 16 | B165: 71710 | C165: 16 | D165: 56 | E165: =B165/D175 -> 663.98148 | F165: =E165*$K$2 -> 13279.63 | G165: =F165/3600 -> 3.688786 | H165: =H164+G165 -> 23.49621 | I165: =H165/24 -> 0.97900876
A166: 17 | B166: 86730 | C166: 17 | D166: 60 | E166: =B166/D176 -> 760.78947 | F166: =E166*$K$2 -> 15215.789 | G166: =F166/3600 -> 4.2266082 | H166: =H165+G166 -> 27.722818 | I166: =H166/24 -> 1.1551174
A167: 18 | B167: 103710 | C167: 18 | D167: 64 | E167: =B167/D177 -> 864.25 | F167: =E167*$K$2 -> 17285 | G167: =F167/3600 -> 4.8013889 | H167: =H166+G167 -> 32.524207 | I167: =H167/24 -> 1.3551753
A168: 19 | B168: 122770 | C168: 19 | D168: 68 | E168: =B168/D178 -> 974.36508 | F168: =E168*$K$2 -> 19487.302 | G168: =F168/3600 -> 5.4131393 | H168: =H167+G168 -> 37.937347 | I168: =H168/24 -> 1.5807228
A169: 20 | B169: 144030 | C169: 20 | D169: 72 | E169: =B169/D179 -> 1091.1364 | F169: =E169*$K$2 -> 21822.727 | G169: =F169/3600 -> 6.0618687 | H169: =H168+G169 -> 43.999215 | I169: =H169/24 -> 1.8333006
A170: 21 | B170: 167610 | C170: 21 | D170: 78 | E170: =B170/D180 -> 1214.5652 | F170: =E170*$K$2 -> 24291.304 | G170: =F170/3600 -> 6.7475845 | H170: =H169+G170 -> 50.7468 | I170: =H170/24 -> 2.11445
... A208: 59 | B208: 3968370 | C208: 59 | D208: 372 | E208: =B208/D218 -> 8098.7143 | F208: =E208*$K$2 -> 161974.29 | G208: =F208/3600 -> 44.992857 | H208: =H207+G208 -> 999.42574 | I208: =H208/24 -> 41.642739
A209: 60 | B209: 4176030 | C209: 60 | D209: 382 | E209: =B209/D$219 -> 8318.7849 | F209: =E209*$K$2 -> 166375.7 | G209: =F209/3600 -> 46.215471 | H209: =H208+G209 -> 1045.6412 | I209: =H209/24 -> 43.568384
A210: 61 | B210: 4390810 | C210: 61 | D210: 394 | E210: =B210/D$219 -> 8746.6335 | F210: =E210*$K$2 -> 174932.67 | G210: =F210/3600 -> 48.592408 | H210: =H209+G210 -> 1094.2336 | I210: =H210/24 -> 45.593067
A211: 62 | B211: 4612830 | C211: 62 | D211: 406 | E211: =B211/D$219 -> 9188.9044 | F211: =E211*$K$2 -> 183778.09 | G211: =F211/3600 -> 51.049469 | H211: =H210+G211 -> 1145.2831 | I211: =H211/24 -> 47.720128
A212: 63 | B212: 4842210 | C212: 63 | D212: 418 | E212: =B212/D$219 -> 9645.8367 | F212: =E212*$K$2 -> 192916.73 | G212: =F212/3600 -> 53.587981 | H212: =H211+G212 -> 1198.8711 | I212: =H212/24 -> 49.952961
A213: 64 | B213: 5079070 | C213: 64 | D213: 430 | E213: =B213/D$219 -> 10117.669 | F213: =E213*$K$2 -> 202353.39 | G213: =F213/3600 -> 56.209274 | H213: =H212+G213 -> 1255.0803 | I213: =H213/24 -> 52.295014
A214: 65 | B214: 5323530 | C214: 65 | D214: 442 | E214: =B214/D$219 -> 10604.641 | F214: =E214*$K$2 -> 212092.83 | G214: =F214/3600 -> 58.914675 | H214: =H213+G214 -> 1313.995 | I214: =H214/24 -> 54.749792
A215: 66 | B215: 5575710 | C215: 66 | D215: 454 | E215: =B215/D$219 -> 11106.992 | F215: =E215*$K$2 -> 222139.84 | G215: =F215/3600 -> 61.705511 | H215: =H214+G215 -> 1375.7005 | I215: =H215/24 -> 57.320855
A216: 67 | B216: 5835730 | C216: 67 | D216: 466 | E216: =B216/D$219 -> 11624.96 | F216: =E216*$K$2 -> 232499.2 | G216: =F216/3600 -> 64.583112 | H216: =H215+G216 -> 1440.2836 | I216: =H216/24 -> 60.011818
A217: 68 | B217: 6103710 | C217: 68 | D217: 478 | E217: =B217/D$219 -> 12158.785 | F217: =E217*$K$2 -> 243175.7 | G217: =F217/3600 -> 67.548805 | H217: =H216+G217 -> 1507.8324 | I217: =H217/24 -> 62.826352
A218: 69 | B218: 6379770 | C218: 69 | D218: 490 | E218: =B218/D$219 -> 12708.705 | F218: =E218*$K$2 -> 254174.1 | G218: =F218/3600 -> 70.603918 | H218: =H217+G218 -> 1578.4364 | I218: =H218/24 -> 65.768182
A219: 70 | B219: 6664030 | C219: 70 | D219: 502 | E219: =B219/D$219 -> 13274.96 | F219: =E219*$K$2 -> 265499.2 | G219: =F219/3600 -> 73.749779 | H219: =H218+G219 -> 1652.1861 | I219: =H219/24 -> 68.841089

Sheet 等级属性
A2: 力 | B2: 168 | D2: 35 | E2: 35
A3: 敏 | B3: 89 | D3: 90 | E3: 35
A4: 智 | B4: 73 | D4: 35 | E4: 90 | G4: 人物属性成长
A5: 耐 | B5: 112 | D5: 62 | E5: 62 | G5: 耐力 | H5: 主属性 | I5: 其他
G6: 2 | H6: 3 | I6: 1

Sheet 强化规则
A1: 强化等级系数 | D1: 品质系数 | G1: 装备等级系数 | J1: 金币消耗系数 | K1: 2000 | P1: 部位系数
A2: 1 | B2: 1 | D2: 白 | E2: 1 | G2: LV1 | H2: 1 | P2: 武器 | Q2: 2
A3: 2 | B3: 1.5 | D3: 绿 | E3: 2 | G3: LV5 | H3: 1.5 | P3: 副手 | Q3: 1.25
A4: 3 | B4: 2.25 | D4: 蓝 | E4: 3 | G4: LV10 | H4: 2.25 | P4: 头 | Q4: 1
A5: 4 | B5: 2.75 | D5: 紫 | E5: 4 | G5: LV15 | H5: 2.75 | P5: 胸 | Q5: 1
A6: 5 | B6: 3.5 | D6: 橙 | E6: 5 | G6: LV20 | H6: 3.25 | P6: 腿 | Q6: 1
A7: 6 | B7: 6.25 | G7: LV25 | H7: 3.75 | P7: 腰带 | Q7: 1.25
A8: 7 | B8: 7.25 | G8: LV30 | H8: 4.25 | P8: 项链 | Q8: 1
A9: 8 | B9: 8.25 | G9: LV35 | H9: 4.75 | P9: 戒指 | Q9: 1.25
A10: 9 | B10: 9.25 | G10: LV40 | H10: 5.25 | P10: 鞋 | Q10: 1
A11: 10 | B11: 10.25 | G11: LV45 | H11: 5.75 | P11: 手 | Q11: 1
A12: 11 | B12: 18 | G12: LV50 | H12: 6.25
A13: 12 | B13: 20 | G13: LV55 | H13: 6.75
A14: 13 | B14: 22 | G14: LV60 | H14: 7.25
A15: 14 | B15: 24 | G15: LV65 | H15: 7.75
A16: 15 | B16: 26 | G16: LV70 | H16: 8.25
A17: 16 | B17: 50 | G17: 极品加成 | H17: 1.5
A18: 17 | B18: 54
A19: 18 | B19: 58
A20: 19 | B20: 62
A21: 20 | B21: 66
A23: 基础消耗
A24: 等级 | B24: 白 | C24: 绿 | D24: 蓝 | E24: 紫 | F24: 橙
A25: LV1 | B25: =ROUNDDOWN(VLOOKUP(B$24,$D$2:$E$6,2,FALSE)*VLOOKUP($A25,$G$2:$H$16,2,FALSE),0) -> 1 | C25: =ROUNDDOWN(VLOOKUP(C$24,$D$2:$E$6,2,FALSE)*VLOOKUP($A25,$G$2:$H$16,2,FALSE),0) -> 2 | D25: =ROUNDDOWN(VLOOKUP(D$24,$D$2:$E$6,2,FALSE)*VLOOKUP($A25,$G$2:$H$16,2,FALSE),0) -> 3 | E25: =ROUNDDOWN(VLOOKUP(E$24,$D$2:$E$6,2,FALSE)*VLOOKUP($A25,$G$2:$H$16,2,FALSE),0) -> 4 | F25: =ROUNDDOWN(VLOOKUP(F$24,$D$2:$E$6,2,FALSE)*VLOOKUP($A25,$G$2:$H$16,2,FALSE),0) -> 5 | J25: 8 | K25: =B2*$J$25 -> 8 | L25: 27
A26: LV5 | B26: =ROUNDDOWN(VLOOKUP(B$24,$D$2:$E$6,2,FALSE)*VLOOKUP($A26,$G$2:$H$16,2,FALSE),0) -> 1 | C26: =ROUNDDOWN(VLOOKUP(C$24,$D$2:$E$6,2,FALSE)*VLOOKUP($A26,$G$2:$H$16,2,FALSE),0) -> 3 | D26: =ROUNDDOWN(VLOOKUP(D$24,$D$2:$E$6,2,FALSE)*VLOOKUP($A26,$G$2:$H$16,2,FALSE),0) -> 4 | E26: =ROUNDDOWN(VLOOKUP(E$24,$D$2:$E$6,2,FALSE)*VLOOKUP($A26,$G$2:$H$16,2,FALSE),0) -> 6 | F26: =ROUNDDOWN(VLOOKUP(F$24,$D$2:$E$6,2,FALSE)*VLOOKUP($A26,$G$2:$H$16,2,FALSE),0) -> 7 | K26: =B3*$J$25 -> 12 | L26: 41
A27: LV10 | B27: =ROUNDDOWN(VLOOKUP(B$24,$D$2:$E$6,2,FALSE)*VLOOKUP($A27,$G$2:$H$16,2,FALSE),0) -> 2 | C27: =ROUNDDOWN(VLOOKUP(C$24,$D$2:$E$6,2,FALSE)*VLOOKUP($A27,$G$2:$H$16,2,FALSE),0) -> 4 | D27: =ROUNDDOWN(VLOOKUP(D$24,$D$2:$E$6,2,FALSE)*VLOOKUP($A27,$G$2:$H$16,2,FALSE),0) -> 6 | E27: =ROUNDDOWN(VLOOKUP(E$24,$D$2:$E$6,2,FALSE)*VLOOKUP($A27,$G$2:$H$16,2,FALSE),0) -> 9 | F27: =ROUNDDOWN(VLOOKUP(F$24,$D$2:$E$6,2,FALSE)*VLOOKUP($A27,$G$2:$H$16,2,FALSE),0) -> 11 | K27: =B4*$J$25 -> 18 | L27: 56
A28: LV15 | B28: =ROUNDDOWN(VLOOKUP(B$24,$D$2:$E$6,2,FALSE)*VLOOKUP($A28,$G$2:$H$16,2,FALSE),0) -> 2 | C28: =ROUNDDOWN(VLOOKUP(C$24,$D$2:$E$6,2,FALSE)*VLOOKUP($A28,$G$2:$H$16,2,FALSE),0) -> 5 | D28: =ROUNDDOWN(VLOOKUP(D$24,$D$2:$E$6,2,FALSE)*VLOOKUP($A28,$G$2:$H$16,2,FALSE),0) -> 8 | E28: =ROUNDDOWN(VLOOKUP(E$24,$D$2:$E$6,2,FALSE)*VLOOKUP($A28,$G$2:$H$16,2,FALSE),0) -> 11 | F28: =ROUNDDOWN(VLOOKUP(F$24,$D$2:$E$6,2,FALSE)*VLOOKUP($A28,$G$2:$H$16,2,FALSE),0) -> 13 | K28: =B5*$J$25 -> 22 | L28: 72
A29: LV20 | B29: =ROUNDDOWN(VLOOKUP(B$24,$D$2:$E$6,2,FALSE)*VLOOKUP($A29,$G$2:$H$16,2,FALSE),0) -> 3 | C29: =ROUNDDOWN(VLOOKUP(C$24,$D$2:$E$6,2,FALSE)*VLOOKUP($A29,$G$2:$H$16,2,FALSE),0) -> 6 | D29: =ROUNDDOWN(VLOOKUP(D$24,$D$2:$E$6,2,FALSE)*VLOOKUP($A29,$G$2:$H$16,2,FALSE),0) -> 9 | E29: =ROUNDDOWN(VLOOKUP(E$24,$D$2:$E$6,2,FALSE)*VLOOKUP($A29,$G$2:$H$16,2,FALSE),0) -> 13 | F29: =ROUNDDOWN(VLOOKUP(F$24,$D$2:$E$6,2,FALSE)*VLOOKUP($A29,$G$2:$H$16,2,FALSE),0) -> 16 | K29: =B6*$J$25 -> 28 | L29: 88
A30: LV25 | B30: =ROUNDDOWN(VLOOKUP(B$24,$D$2:$E$6,2,FALSE)*VLOOKUP($A30,$G$2:$H$16,2,FALSE),0) -> 3 | C30: =ROUNDDOWN(VLOOKUP(C$24,$D$2:$E$6,2,FALSE)*VLOOKUP($A30,$G$2:$H$16,2,FALSE),0) -> 7 | D30: =ROUNDDOWN(VLOOKUP(D$24,$D$2:$E$6,2,FALSE)*VLOOKUP($A30,$G$2:$H$16,2,FALSE),0) -> 11 | E30: =ROUNDDOWN(VLOOKUP(E$24,$D$2:$E$6,2,FALSE)*VLOOKUP($A30,$G$2:$H$16,2,FALSE),0) -> 15 | F30: =ROUNDDOWN(VLOOKUP(F$24,$D$2:$E$6,2,FALSE)*VLOOKUP($A30,$G$2:$H$16,2,FALSE),0) -> 18 | K30: =B7*$J$25 -> 50
A31: LV30 | B31: =ROUNDDOWN(VLOOKUP(B$24,$D$2:$E$6,2,FALSE)*VLOOKUP($A31,$G$2:$H$16,2,FALSE),0) -> 4 | C31: =ROUNDDOWN(VLOOKUP(C$24,$D$2:$E$6,2,FALSE)*VLOOKUP($A31,$G$2:$H$16,2,FALSE),0) -> 8 | D31: =ROUNDDOWN(VLOOKUP(D$24,$D$2:$E$6,2,FALSE)*VLOOKUP($A31,$G$2:$H$16,2,FALSE),0) -> 12 | E31: =ROUNDDOWN(VLOOKUP(E$24,$D$2:$E$6,2,FALSE)*VLOOKUP($A31,$G$2:$H$16,2,FALSE),0) -> 17 | F31: =ROUNDDOWN(VLOOKUP(F$24,$D$2:$E$6,2,FALSE)*VLOOKUP($A31,$G$2:$H$16,2,FALSE),0) -> 21 | K31: =B8*$J$25 -> 58
A32: LV35 | B32: =ROUNDDOWN(VLOOKUP(B$24,$D$2:$E$6,2,FALSE)*VLOOKUP($A32,$G$2:$H$16,2,FALSE),0) -> 4 | C32: =ROUNDDOWN(VLOOKUP(C$24,$D$2:$E$6,2,FALSE)*VLOOKUP($A32,$G$2:$H$16,2,FALSE),0) -> 9 | D32: =ROUNDDOWN(VLOOKUP(D$24,$D$2:$E$6,2,FALSE)*VLOOKUP($A32,$G$2:$H$16,2,FALSE),0) -> 14 | E32: =ROUNDDOWN(VLOOKUP(E$24,$D$2:$E$6,2,FALSE)*VLOOKUP($A32,$G$2:$H$16,2,FALSE),0) -> 19 | F32: =ROUNDDOWN(VLOOKUP(F$24,$D$2:$E$6,2,FALSE)*VLOOKUP($A32,$G$2:$H$16,2,FALSE),0) -> 23 | K32: =B9*$J$25 -> 66
A33: LV40 | B33: =ROUNDDOWN(VLOOKUP(B$24,$D$2:$E$6,2,FALSE)*VLOOKUP($A33,$G$2:$H$16,2,FALSE),0) -> 5 | C33: =ROUNDDOWN(VLOOKUP(C$24,$D$2:$E$6,2,FALSE)*VLOOKUP($A33,$G$2:$H$16,2,FALSE),0) -> 10 | D33: =ROUNDDOWN(VLOOKUP(D$24,$D$2:$E$6,2,FALSE)*VLOOKUP($A33,$G$2:$H$16,2,FALSE),0) -> 15 | E33: =ROUNDDOWN(VLOOKUP(E$24,$D$2:$E$6,2,FALSE)*VLOOKUP($A33,$G$2:$H$16,2,FALSE),0) -> 21 | F33: =ROUNDDOWN(VLOOKUP(F$24,$D$2:$E$6,2,FALSE)*VLOOKUP($A33,$G$2:$H$16,2,FALSE),0) -> 26 | K33: =B10*$J$25 -> 74
A34: LV45 | B34: =ROUNDDOWN(VLOOKUP(B$24,$D$2:$E$6,2,FALSE)*VLOOKUP($A34,$G$2:$H$16,2,FALSE),0) -> 5 | C34: =ROUNDDOWN(VLOOKUP(C$24,$D$2:$E$6,2,FALSE)*VLOOKUP($A34,$G$2:$H$16,2,FALSE),0) -> 11 | D34: =ROUNDDOWN(VLOOKUP(D$24,$D$2:$E$6,2,FALSE)*VLOOKUP($A34,$G$2:$H$16,2,FALSE),0) -> 17 | E34: =ROUNDDOWN(VLOOKUP(E$24,$D$2:$E$6,2,FALSE)*VLOOKUP($A34,$G$2:$H$16,2,FALSE),0) -> 23 | F34: =ROUNDDOWN(VLOOKUP(F$24,$D$2:$E$6,2,FALSE)*VLOOKUP($A34,$G$2:$H$16,2,FALSE),0) -> 28 | K34: =B11*$J$25 -> 82
A35: LV50 | B35: =ROUNDDOWN(VLOOKUP(B$24,$D$2:$E$6,2,FALSE)*VLOOKUP($A35,$G$2:$H$16,2,FALSE),0) -> 6 | C35: =ROUNDDOWN(VLOOKUP(C$24,$D$2:$E$6,2,FALSE)*VLOOKUP($A35,$G$2:$H$16,2,FALSE),0) -> 12 | D35: =ROUNDDOWN(VLOOKUP(D$24,$D$2:$E$6,2,FALSE)*VLOOKUP($A35,$G$2:$H$16,2,FALSE),0) -> 18 | E35: =ROUNDDOWN(VLOOKUP(E$24,$D$2:$E$6,2,FALSE)*VLOOKUP($A35,$G$2:$H$16,2,FALSE),0) -> 25 | F35: =ROUNDDOWN(VLOOKUP(F$24,$D$2:$E$6,2,FALSE)*VLOOKUP($A35,$G$2:$H$16,2,FALSE),0) -> 31 | K35: =B12*$J$25 -> 144
A36: LV55 | B36: =ROUNDDOWN(VLOOKUP(B$24,$D$2:$E$6,2,FALSE)*VLOOKUP($A36,$G$2:$H$16,2,FALSE),0) -> 6 | C36: =ROUNDDOWN(VLOOKUP(C$24,$D$2:$E$6,2,FALSE)*VLOOKUP($A36,$G$2:$H$16,2,FALSE),0) -> 13 | D36: =ROUNDDOWN(VLOOKUP(D$24,$D$2:$E$6,2,FALSE)*VLOOKUP($A36,$G$2:$H$16,2,FALSE),0) -> 20 | E36: =ROUNDDOWN(VLOOKUP(E$24,$D$2:$E$6,2,FALSE)*VLOOKUP($A36,$G$2:$H$16,2,FALSE),0) -> 27 | F36: =ROUNDDOWN(VLOOKUP(F$24,$D$2:$E$6,2,FALSE)*VLOOKUP($A36,$G$2:$H$16,2,FALSE),0) -> 33 | K36: =B13*$J$25 -> 160
A37: LV60 | B37: =ROUNDDOWN(VLOOKUP(B$24,$D$2:$E$6,2,FALSE)*VLOOKUP($A37,$G$2:$H$16,2,FALSE),0) -> 7 | C37: =ROUNDDOWN(VLOOKUP(C$24,$D$2:$E$6,2,FALSE)*VLOOKUP($A37,$G$2:$H$16,2,FALSE),0) -> 14 | D37: =ROUNDDOWN(VLOOKUP(D$24,$D$2:$E$6,2,FALSE)*VLOOKUP($A37,$G$2:$H$16,2,FALSE),0) -> 21 | E37: =ROUNDDOWN(VLOOKUP(E$24,$D$2:$E$6,2,FALSE)*VLOOKUP($A37,$G$2:$H$16,2,FALSE),0) -> 29 | F37: =ROUNDDOWN(VLOOKUP(F$24,$D$2:$E$6,2,FALSE)*VLOOKUP($A37,$G$2:$H$16,2,FALSE),0) -> 36 | K37: =B14*$J$25 -> 176
A38: LV65 | B38: =ROUNDDOWN(VLOOKUP(B$24,$D$2:$E$6,2,FALSE)*VLOOKUP($A38,$G$2:$H$16,2,FALSE),0) -> 7 | C38: =ROUNDDOWN(VLOOKUP(C$24,$D$2:$E$6,2,FALSE)*VLOOKUP($A38,$G$2:$H$16,2,FALSE),0) -> 15 | D38: =ROUNDDOWN(VLOOKUP(D$24,$D$2:$E$6,2,FALSE)*VLOOKUP($A38,$G$2:$H$16,2,FALSE),0) -> 23 | E38: =ROUNDDOWN(VLOOKUP(E$24,$D$2:$E$6,2,FALSE)*VLOOKUP($A38,$G$2:$H$16,2,FALSE),0) -> 31 | F38: =ROUNDDOWN(VLOOKUP(F$24,$D$2:$E$6,2,FALSE)*VLOOKUP($A38,$G$2:$H$16,2,FALSE),0) -> 38 | K38: =B15*$J$25 -> 192
A39: LV70 | B39: =ROUNDDOWN(VLOOKUP(B$24,$D$2:$E$6,2,FALSE)*VLOOKUP($A39,$G$2:$H$16,2,FALSE),0) -> 8 | C39: =ROUNDDOWN(VLOOKUP(C$24,$D$2:$E$6,2,FALSE)*VLOOKUP($A39,$G$2:$H$16,2,FALSE),0) -> 16 | D39: =ROUNDDOWN(VLOOKUP(D$24,$D$2:$E$6,2,FALSE)*VLOOKUP($A39,$G$2:$H$16,2,FALSE),0) -> 24 | E39: =ROUNDDOWN(VLOOKUP(E$24,$D$2:$E$6,2,FALSE)*VLOOKUP($A39,$G$2:$H$16,2,FALSE),0) -> 33 | F39: =ROUNDDOWN(VLOOKUP(F$24,$D$2:$E$6,2,FALSE)*VLOOKUP($A39,$G$2:$H$16,2,FALSE),0) -> 41

Sheet 战斗力成长
A1: 战士
A2: 等级 | B2: 装备属性 | C2: 人物属性 | D2: 总属性 | E2: 属性暴击 | F2: 总暴击 | G2: 暴击率 | H2: 武器伤害 | I2: 属性攻击力 | J2: 技能倍数 | K2: 总输出 | L2: 耐力值 | M2: 腰带加血 | N2: 生命总值 | O2: 腰带占生命比 | P2: 护甲增值 | Q2: 总护甲 | R2: 护甲减伤 | S2: 物抗 | T2: 魔抗 | U2: 物抗减伤 | V2: 魔抗减伤 | W2: 闪避 | X2: 闪避减伤 | Y2: 有效生命 | Z2: 战斗回合数 | AA2: 强化系数 | AB2: 护甲强化系数 | AC2: 韧性 | AD2: 韧性减免 | AE2: 神器星级 | AF2: 神器生命 | AG2: 神器吸血 | AH2: 神器护甲 | AI2: 神器物抗 | AJ2: 神器闪避 | AK2: 神器伤害 | AL2: 神器暴击 | AM2: 神器暴伤 | AN2: 护甲穿透 | AO2: 抗性穿透 | AP2: BOSS护甲 | AQ2: BOSS抗性 | AR2: 吸血EHP/回合 | AS2: 回血EHP/回合 | AT2: 佣兵EHP | AU2: 佣兵DPS | AV2: 佣兵辅助加成 | AW2: 佣兵光环DPS | AX2: 佣兵光环EHP | AY2: 合计DPS | AZ2: 合计EHP | BB2: 参考回合数
A3: 1 | B3: 56 | C3: 47 | D3: =C3+B3 -> 103 | E3: =装备属性设计!AB3*AA3 -> 9 | F3: =(E3+$C$27*D3+D26)*(1+AL3/100) -> 19.3 | G3: =F3/(A3*A3*3+3*A3+50+F3) -> 0.2563081 | H3: =装备属性设计!Q3*AA3 -> 8 | I3: =D3*1.5*MAX($C$26:$C$29) -> 92.7 | J3: 1 | K3: =(I3+H3)/2*(1+AK3/100)*J3 -> 50.35 | L3: =$C$29*D3 -> 20.6 | M3: =装备属性设计!D3*AA3 -> 100 | N3: =ROUND((L3*10+M3)*(100+AF3)/100,0) -> 306 | O3: =M3/N3 -> 0.32679739 | P3: =(装备属性设计!I3+装备属性设计!F3) -> 6 | Q3: =(P3+E26)*AB3*(1+AH3/100) -> 10 | R3: =Q3/(A3*A3*3+A3*3+50+Q3) -> 0.15151515 | S3: =装备属性设计!X3*AB3*(1+AI3/100) -> 0 | T3: =装备属性设计!V3*AB3 -> 0 | U3: =(S3+D3*$C$26*(1+AI3/100))/($A3*50+S3+D3*$C$26*(1+AI3/100)+50) -> 0.38195303 | V3: =(T3+B3*$C$28)/($A3*50+T3+B3*$C$28+50) -> 0.053030303 | W3: =(装备属性设计!Z3*战斗力成长!AB3+D3*C$27*0.2)*(1+AJ3/100) -> 5.06 | X3: =W3/((3*$A3*$A3+3*$A3+50)/4+W3) -> 0.26547744 | Y3: =(N3/(1-R3))/(1-U3)/(1-X3) -> 794.42099 | Z3: =Y3/K3 -> 15.777974 | AA3: 1 | AB3: =(AA3-1)/1.5+1 -> 1 | AC3: =B3*C$29 -> 11.2 | AD3: =AC3/((A3*A3*3+A3*3+50)*2+AC3) -> 0.090909091 | AE3: 0 | AF3: =AE3*5 -> 0 | AG3: =AE3*2 -> 0 | AH3: =AE3*8/2 -> 0 | AI3: =AE3*7/2 -> 0 | AJ3: =AE3*8/3 -> 0 | AK3: =AE3*4 -> 0 | AL3: =AE3*8 -> 0 | AM3: =AE3*7 -> 0 | AN3: =AE3*8/(AE3*8+100) -> 0 | AO3: =AE4*8/(AE4*8+100) -> 0 | AP3: 0 | AQ3: 0 | AR3: =AG3*K3/100/(1-X3)/(1-U3)/(1-R3) -> 0 | AS3: =Y3*AE3/1000*2 -> 0 | AT3: 1 | AU3: 0 | AV3: 1 | AW3: 1 | AX3: 1 | AY3: =(MIN(AT3/(Y3+(AR3+AS3)/2*BB3),1)*AU3+K3)*AW3 -> 50.35 | AZ3: =(Y3+AT3)*AX3*AV3 -> 795.42099 | BA3: =AY3*AZ3^(1/3) -> 466.51451 | BB3: 10
A4: 5 | B4: 140 | C4: 75 | D4: =C4+B4 -> 215 | E4: =装备属性设计!AB4*AA4 -> 24.15 | F4: =(E4+$C$27*D4+D27)*(1+AL4/100) -> 45.65 | G4: =F4/(A4*A4*3+3*A4+50+F4) -> 0.24589281 | H4: =装备属性设计!Q4*AA4 -> 31.5 | I4: =D4*1.5*MAX($C$26:$C$29) -> 193.5 | J4: 1.25 | K4: =(I4+H4)/2*(1+AK4/100)*J4 -> 140.625 | L4: =$C$29*D4 -> 43 | M4: =装备属性设计!D4*AA4 -> 252 | N4: =ROUND((L4*10+M4)*(100+AF4)/100,0) -> 682 | O4: =M4/N4 -> 0.36950147 | P4: =(装备属性设计!I4+装备属性设计!F4) -> 18 | Q4: =(P4+E27)*AB4*(1+AH4/100) -> 31 | R4: =Q4/(A4*A4*3+A4*3+50+Q4) -> 0.18128655 | S4: =装备属性设计!X4*AB4*(1+AI4/100) -> 20.666667 | T4: =装备属性设计!V4*AB4 -> 20.666667 | U4: =(S4+D4*$C$26*(1+AI4/100))/($A4*50+S4+D4*$C$26*(1+AI4/100)+50) -> 0.33283914 | V4: =(T4+B4*$C$28)/($A4*50+T4+B4*$C$28+50) -> 0.10358566 | W4: =(装备属性设计!Z4*战斗力成长!AB4+D4*C$27*0.2)*(1+AJ4/100) -> 7.4 | X4: =W4/((3*$A4*$A4+3*$A4+50)/4+W4) -> 0.1745283 | Y4: =(N4/(1-R4))/(1-U4)/(1-X4) -> 1512.5847 | Z4: =Y4/K4 -> 10.756158 | AA4: 1.05 | AB4: =(AA4-1)/1.5+1 -> 1.0333333 | AC4: =B4*C$29 -> 28 | AD4: =AC4/((A4*A4*3+A4*3+50)*2+AC4) -> 0.090909091 | AE4: 0 | AF4: =AE4*5 -> 0 | AG4: =AE4*2 -> 0 | AH4: =AE4*8/2 -> 0 | AI4: =AE4*7/2 -> 0 | AJ4: =AE4*8/3 -> 0 | AK4: =AE4*4 -> 0 | AL4: =AE4*8 -> 0 | AM4: =AE4*7 -> 0 | AN4: =AE4*8/(AE4*8+100) -> 0 | AO4: =AE4*8/(AE4*8+100) -> 0 | AP4: 0 | AQ4: 0 | AR4: =AG4*K4/100/(1-X4)/(1-U4)/(1-R4) -> 0 | AS4: =Y4*AE4/1000*2 -> 0 | AT4: 1 | AU4: 0 | AV4: 1 | AW4: 1 | AX4: 1 | AY4: =(MIN(AT4/(Y4+(AR4+AS4)/2*BB4),1)*AU4+K4)*AW4 -> 140.625 | AZ4: =(Y4+AT4)*AX4*AV4 -> 1513.5847 | BA4: =AY4*AZ4^(1/3) -> 1614.5994 | BB4: 12
A5: 10 | B5: 380 | C5: 110 | D5: =C5+B5 -> 490 | E5: =装备属性设计!AB5*AA5 -> 47.3 | F5: =(E5+$C$27*D5+D28)*(1+AL5/100) -> 104.004 | G5: =F5/(A5*A5*3+3*A5+50+F5) -> 0.21488252 | H5: =装备属性设计!Q5*AA5 -> 105.6 | I5: =D5*1.5*MAX($C$26:$C$29) -> 441 | J5: 1.3 | K5: =(I5+H5)/2*(1+AK5/100)*J5 -> 369.5016 | L5: =$C$29*D5 -> 98 | M5: =装备属性设计!D5*AA5 -> 528 | N5: =ROUND((L5*10+M5)*(100+AF5)/100,0) -> 1583 | O5: =M5/N5 -> 0.3335439 | P5: =(装备属性设计!I5+装备属性设计!F5) -> 40 | Q5: =(P5+E28)*AB5*(1+AH5/100) -> 77.653333 | R5: =Q5/(A5*A5*3+A5*3+50+Q5) -> 0.16967719 | S5: =装备属性设计!X5*AB5*(1+AI5/100) -> 70.656 | T5: =装备属性设计!V5*AB5 -> 21.333333 | U5: =(S5+D5*$C$26*(1+AI5/100))/($A5*50+S5+D5*$C$26*(1+AI5/100)+50) -> 0.40537069 | V5: =(T5+B5*$C$28)/($A5*50+T5+B5*$C$28+50) -> 0.097374179 | W5: =(装备属性设计!Z5*战斗力成长!AB5+D5*C$27*0.2)*(1+AJ5/100) -> 23.202667 | X5: =W5/((3*$A5*$A5+3*$A5+50)/4+W5) -> 0.19629563 | Y5: =(N5/(1-R5))/(1-U5)/(1-X5) -> 3989.2505 | Z5: =Y5/K5 -> 10.796301 | AA5: 1.1 | AB5: =(AA5-1)/1.5+1 -> 1.0666667 | AC5: =B5*C$29 -> 76 | AD5: =AC5/((A5*A5*3+A5*3+50)*2+AC5) -> 0.090909091 | AE5: 1 | AF5: =AE5*5 -> 5 | AG5: =AE5*2 -> 2 | AH5: =AE5*8/2 -> 4 | AI5: =AE5*7/2 -> 3.5 | AJ5: =AE5*8/3 -> 2.6666667 | AK5: =AE5*4 -> 4 | AL5: =AE5*8 -> 8 | AM5: =AE5*7 -> 7 | AN5: =AE5*8/(AE5*8+100) -> 0.074074074 | AO5: =AE5*8/(AE5*8+100) -> 0.074074074 | AP5: 0 | AQ5: 0 | AR5: =AG5*K5/100/(1-X5)/(1-U5)/(1-R5) -> 18.623303 | AS5: =Y5*AE5/1000*2 -> 7.978501 | AT5: 1 | AU5: 0 | AV5: 1 | AW5: 1 | AX5: 1 | AY5: =(MIN(AT5/(Y5+(AR5+AS5)/2*BB5),1)*AU5+K5)*AW5 -> 369.5016 | AZ5: =(Y5+AT5)*AX5*AV5 -> 3990.2505 | BA5: =AY5*AZ5^(1/3) -> 5860.7029 | BB5: 14
A6: 15 | B6: 770 | C6: 145 | D6: =C6+B6 -> 915 | E6: =装备属性设计!AB6*AA6 -> 127.2 | F6: =(E6+$C$27*D6+D29)*(1+AL6/100) -> 236.196 | G6: =F6/(A6*A6*3+3*A6+50+F6) -> 0.23474154 | H6: =装备属性设计!Q6*AA6 -> 187.2 | I6: =D6*1.5*MAX($C$26:$C$29) -> 823.5 | J6: 1.35 | K6: =(I6+H6)/2*(1+AK6/100)*J6 -> 709.5114 | L6: =$C$29*D6 -> 183 | M6: =装备属性设计!D6*AA6 -> 1392 | N6: =ROUND((L6*10+M6)*(100+AF6)/100,0) -> 3383 | O6: =M6/N6 -> 0.41146911 | P6: =(装备属性设计!I6+装备属性设计!F6) -> 78 | Q6: =(P6+E29)*AB6*(1+AH6/100) -> 213.33867 | R6: =Q6/(A6*A6*3+A6*3+50+Q6) -> 0.2169534 | S6: =装备属性设计!X6*AB6*(1+AI6/100) -> 75.072 | T6: =装备属性设计!V6*AB6 -> 72.533333 | U6: =(S6+D6*$C$26*(1+AI6/100))/($A6*50+S6+D6*$C$26*(1+AI6/100)+50) -> 0.44570969 | V6: =(T6+B6*$C$28)/($A6*50+T6+B6*$C$28+50) -> 0.15748087 | W6: =(装备属性设计!Z6*战斗力成长!AB6+D6*C$27*0.2)*(1+AJ6/100) -> 46.713333 | X6: =W6/((3*$A6*$A6+3*$A6+50)/4+W6) -> 0.19527897 | Y6: =(N6/(1-R6))/(1-U6)/(1-X6) -> 9685.7165 | Z6: =Y6/K6 -> 13.651249 | AA6: 1.2 | AB6: =(AA6-1)/1.5+1 -> 1.1333333 | AC6: =B6*C$29 -> 154 | AD6: =AC6/((A6*A6*3+A6*3+50)*2+AC6) -> 0.090909091 | AE6: 1 | AF6: =AE6*5 -> 5 | AG6: =AE6*2 -> 2 | AH6: =AE6*8/2 -> 4 | AI6: =AE6*7/2 -> 3.5 | AJ6: =AE6*8/3 -> 2.6666667 | AK6: =AE6*4 -> 4 | AL6: =AE6*8 -> 8 | AM6: =AE6*7 -> 7 | AN6: =AE6*8/(AE6*8+100) -> 0.074074074 | AO6: =AE6*8/(AE6*8+100) -> 0.074074074 | AP6: 0 | AQ6: 0 | AR6: =AG6*K6/100/(1-X6)/(1-U6)/(1-R6) -> 40.627409 | AS6: =Y6*AE6/1000*2 -> 19.371433 | AT6: =佣兵培养!AB2 -> 3644.0643 | AU6: =佣兵培养!AE2 -> 329.05 | AV6: 1.1 | AW6: 1 | AX6: 1 | AY6: =(MIN(AT6/(Y6+(AR6+AS6)/2*BB6),1)*AU6+K6)*AW6 -> 827.46476 | AZ6: =(Y6+AT6)*AX6*AV6 -> 14662.759 | BA6: =AY6*AZ6^(1/3) -> 20252.94 | BB6: 16
A7: 20 | B7: 1310 | C7: 180 | D7: =C7+B7 -> 1490 | E7: =装备属性设计!AB7*AA7 -> 253.2 | F7: =(E7+$C$27*D7+D30)*(1+AL7/100) -> 466.552 | G7: =F7/(A7*A7*3+3*A7+50+F7) -> 0.26261657 | H7: =装备属性设计!Q7*AA7 -> 405.6 | I7: =D7*1.5*MAX($C$26:$C$29) -> 1341 | J7: 1.4 | K7: =(I7+H7)/2*(1+AK7/100)*J7 -> 1320.4296 | L7: =$C$29*D7 -> 298 | M7: =装备属性设计!D7*AA7 -> 2544 | N7: =ROUND((L7*10+M7)*(100+AF7)/100,0) -> 6076 | O7: =M7/N7 -> 0.41869651 | P7: =(装备属性设计!I7+装备属性设计!F7) -> 204 | Q7: =(P7+E30)*AB7*(1+AH7/100) -> 459 | R7: =Q7/(A7*A7*3+A7*3+50+Q7) -> 0.25946863 | S7: =装备属性设计!X7*AB7*(1+AI7/100) -> 164.92267 | T7: =装备属性设计!V7*AB7 -> 154.13333 | U7: =(S7+D7*$C$26*(1+AI7/100))/($A7*50+S7+D7*$C$26*(1+AI7/100)+50) -> 0.51646387 | V7: =(T7+B7*$C$28)/($A7*50+T7+B7*$C$28+50) -> 0.21356169 | W7: =(装备属性设计!Z7*战斗力成长!AB7+D7*C$27*0.2)*(1+AJ7/100) -> 79.140444 | X7: =W7/((3*$A7*$A7+3*$A7+50)/4+W7) -> 0.1946202 | Y7: =(N7/(1-R7))/(1-U7)/(1-X7) -> 21069.035 | Z7: =Y7/K7 -> 15.956197 | AA7: 1.2 | AB7: =(AA7-1)/1.5+1 -> 1.1333333 | AC7: =B7*C$29 -> 262 | AD7: =AC7/((A7*A7*3+A7*3+50)*2+AC7) -> 0.090909091 | AE7: 2 | AF7: =AE7*5 -> 10 | AG7: =AE7*2 -> 4 | AH7: =AE7*8/2 -> 8 | AI7: =AE7*7/2 -> 7 | AJ7: =AE7*8/3 -> 5.3333333 | AK7: =AE7*4 -> 8 | AL7: =AE7*8 -> 16 | AM7: =AE7*7 -> 14 | AN7: =AE7*8/(AE7*8+100) -> 0.13793103 | AO7: =AE7*8/(AE7*8+100) -> 0.13793103 | AP7: 0 | AQ7: 0 | AR7: =AG7*K7/100/(1-X7)/(1-U7)/(1-R7) -> 183.14797 | AS7: =Y7*AE7/1000*2 -> 84.276139 | AT7: =佣兵培养!AB3 -> 10236.558 | AU7: =佣兵培养!AE3 -> 745.4934 | AV7: 1.1 | AW7: 1.03 | AX7: 1.05 | AY7: =(MIN(AT7/(Y7+(AR7+AS7)/2*BB7),1)*AU7+K7)*AW7 -> 1694.8642 | AZ7: =(Y7+AT7)*AX7*AV7 -> 36157.959 | BA7: =AY7*AZ7^(1/3) -> 56044.914 | BB7: 18
A8: 25 | B8: 2000 | C8: 215 | D8: =C8+B8 -> 2215 | E8: =装备属性设计!AB8*AA8 -> 371.8 | F8: =(E8+$C$27*D8+D31)*(1+AL8/100) -> 688.228 | G8: =F8/(A8*A8*3+3*A8+50+F8) -> 0.25601549 | H8: =装备属性设计!Q8*AA8 -> 690.3 | I8: =D8*1.5*MAX($C$26:$C$29) -> 1993.5 | J8: 1.45 | K8: =(I8+H8)/2*(1+AK8/100)*J8 -> 2101.4154 | L8: =$C$29*D8 -> 443 | M8: =装备属性设计!D8*AA8 -> 4368 | N8: =ROUND((L8*10+M8)*(100+AF8)/100,0) -> 9678 | O8: =M8/N8 -> 0.45133292 | P8: =(装备属性设计!I8+装备属性设计!F8) -> 306 | Q8: =(P8+E31)*AB8*(1+AH8/100) -> 728.352 | R8: =Q8/(A8*A8*3+A8*3+50+Q8) -> 0.26695676 | S8: =装备属性设计!X8*AB8*(1+AI8/100) -> 304.308 | T8: =装备属性设计!V8*AB8 -> 284.4 | U8: =(S8+D8*$C$26*(1+AI8/100))/($A8*50+S8+D8*$C$26*(1+AI8/100)+50) -> 0.57043794 | V8: =(T8+B8*$C$28)/($A8*50+T8+B8*$C$28+50) -> 0.2714638 | W8: =(装备属性设计!Z8*战斗力成长!AB8+D8*C$27*0.2)*(1+AJ8/100) -> 125.03067 | X8: =W8/((3*$A8*$A8+3*$A8+50)/4+W8) -> 0.20003925 | Y8: =(N8/(1-R8))/(1-U8)/(1-X8) -> 38420.359 | Z8: =Y8/K8 -> 18.283086 | AA8: 1.3 | AB8: =(AA8-1)/1.5+1 -> 1.2 | AC8: =B8*C$29 -> 400 | AD8: =AC8/((A8*A8*3+A8*3+50)*2+AC8) -> 0.090909091 | AE8: 2 | AF8: =AE8*5 -> 10 | AG8: =AE8*2 -> 4 | AH8: =AE8*8/2 -> 8 | AI8: =AE8*7/2 -> 7 | AJ8: =AE8*8/3 -> 5.3333333 | AK8: =AE8*4 -> 8 | AL8: =AE8*8 -> 16 | AM8: =AE8*7 -> 14 | AN8: =AE8*8/(AE8*8+100) -> 0.13793103 | AO8: =AE8*8/(AE8*8+100) -> 0.13793103 | AP8: 0 | AQ8: 0 | AR8: =AG8*K8/100/(1-X8)/(1-U8)/(1-R8) -> 333.69347 | AS8: =Y8*AE8/1000*2 -> 153.68144 | AT8: =佣兵培养!AB4 -> 22668.779 | AU8: =佣兵培养!AE4 -> 1252.0391 | AV8: 1.1 | AW8: 1.03 | AX8: 1.05 | AY8: =(MIN(AT8/(Y8+(AR8+AS8)/2*BB8),1)*AU8+K8)*AW8 -> 2839.6921 | AZ8: =(Y8+AT8)*AX8*AV8 -> 70557.955 | BA8: =AY8*AZ8^(1/3) -> 117341.94 | BB8: 20
A9: 30 | B9: 2840 | C9: 250 | D9: =C9+B9 -> 3090 | E9: =装备属性设计!AB9*AA9 -> 477.1 | F9: =(E9+$C$27*D9+D32)*(1+AL9/100) -> 974.764 | G9: =F9/(A9*A9*3+3*A9+50+F9) -> 0.25552406 | H9: =装备属性设计!Q9*AA9 -> 1072.5 | I9: =D9*1.5*MAX($C$26:$C$29) -> 2781 | J9: 1.5 | K9: =(I9+H9)/2*(1+AK9/100)*J9 -> 3236.94 | L9: =$C$29*D9 -> 618 | M9: =装备属性设计!D9*AA9 -> 4368 | N9: =ROUND((L9*10+M9)*(100+AF9)/100,0) -> 12130 | O9: =M9/N9 -> 0.36009893 | P9: =(装备属性设计!I9+装备属性设计!F9) -> 432 | Q9: =(P9+E32)*AB9*(1+AH9/100) -> 1075.2 | R9: =Q9/(A9*A9*3+A9*3+50+Q9) -> 0.27462199 | S9: =装备属性设计!X9*AB9*(1+AI9/100) -> 493.272 | T9: =装备属性设计!V9*AB9 -> 446.4 | U9: =(S9+D9*$C$26*(1+AI9/100))/($A9*50+S9+D9*$C$26*(1+AI9/100)+50) -> 0.62120675 | V9: =(T9+B9*$C$28)/($A9*50+T9+B9*$C$28+50) -> 0.32029469 | W9: =(装备属性设计!Z9*战斗力成长!AB9+D9*C$27*0.2)*(1+AJ9/100) -> 160.056 | X9: =W9/((3*$A9*$A9+3*$A9+50)/4+W9) -> 0.18396057 | Y9: =(N9/(1-R9))/(1-U9)/(1-X9) -> 54098.228 | Z9: =Y9/K9 -> 16.712768 | AA9: 1.3 | AB9: =(AA9-1)/1.5+1 -> 1.2 | AC9: =B9*C$29 -> 568 | AD9: =AC9/((A9*A9*3+A9*3+50)*2+AC9) -> 0.090909091 | AE9: 3 | AF9: =AE9*5 -> 15 | AG9: =AE9*2 -> 6 | AH9: =AE9*8/2 -> 12 | AI9: =AE9*7/2 -> 10.5 | AJ9: =AE9*8/3 -> 8 | AK9: =AE9*4 -> 12 | AL9: =AE9*8 -> 24 | AM9: =AE9*7 -> 21 | AN9: =AE9*8/(AE9*8+100) -> 0.19354839 | AO9: =AE9*8/(AE9*8+100) -> 0.19354839 | AP9: =VLOOKUP($A9,[1]怪物抗性与玩家穿透!$A$2:$E$74,4,0) -> 20 | AQ9: =VLOOKUP($A9,[1]怪物抗性与玩家穿透!$A$2:$E$74,5,0) -> 0 | AR9: =AG9*K9/100/(1-U9)/(1-R9)*(1-(AP9*(1-AN9)/(AP9*(1-AN9)+VLOOKUP(A9,[1]怪物抗性与玩家穿透!$A$2:$I$74,8,0))))*(1-(AQ9*(1-AO9)/(VLOOKUP(A9,[1]怪物抗性与玩家穿透!$A$2:$I$74,9,0)+AQ9*(1-AO9)))) -> 702.81014 | AS9: =Y9*AE9/1000*2 -> 324.58937 | AT9: =佣兵培养!AB5 -> 43754.725 | AU9: =佣兵培养!AE5 -> 1893.8499 | AV9: 1.1 | AW9: 1.06 | AX9: 1.05 | AY9: =(MIN(AT9/(Y9+(AR9+AS9)/2*BB9),1)*AU9+K9)*AW9 -> 4774.2341 | AZ9: =(Y9+AT9)*AX9*AV9 -> 113020.16 | BA9: =AY9*AZ9^(1/3) -> 230828.28 | BB9: 22
A10: 35 | B10: 3830 | C10: 285 | D10: =C10+B10 -> 4115 | E10: =装备属性设计!AB10*AA10 -> 823.2 | F10: =(E10+$C$27*D10+D33)*(1+AL10/100) -> 1531.028 | G10: =F10/(A10*A10*3+3*A10+50+F10) -> 0.28558478 | H10: =装备属性设计!Q10*AA10 -> 1860.6 | I10: =D10*1.5*MAX($C$26:$C$29) -> 3703.5 | J10: 1.55 | K10: =(I10+H10)/2*(1+AK10/100)*J10 -> 4829.6388 | L10: =$C$29*D10 -> 823 | M10: =装备属性设计!D10*AA10 -> 6860 | N10: =ROUND((L10*10+M10)*(100+AF10)/100,0) -> 17354 | O10: =M10/N10 -> 0.39529791 | P10: =(装备属性设计!I10+装备属性设计!F10) -> 586 | Q10: =(P10+E33)*AB10*(1+AH10/100) -> 1790.3573 | R10: =Q10/(A10*A10*3+A10*3+50+Q10) -> 0.31854867 | S10: =装备属性设计!X10*AB10*(1+AI10/100) -> 834.20133 | T10: =装备属性设计!V10*AB10 -> 686.53333 | U10: =(S10+D10*$C$26*(1+AI10/100))/($A10*50+S10+D10*$C$26*(1+AI10/100)+50) -> 0.66433231 | V10: =(T10+B10*$C$28)/($A10*50+T10+B10*$C$28+50) -> 0.3727203 | W10: =(装备属性设计!Z10*战斗力成长!AB10+D10*C$27*0.2)*(1+AJ10/100) -> 201.06 | X10: =W10/((3*$A10*$A10+3*$A10+50)/4+W10) -> 0.17354302 | Y10: =(N10/(1-R10))/(1-U10)/(1-X10) -> 91798.366 | Z10: =Y10/K10 -> 19.007294 | AA10: 1.4 | AB10: =(AA10-1)/1.5+1 -> 1.2666667 | AC10: =B10*C$29 -> 766 | AD10: =AC10/((A10*A10*3+A10*3+50)*2+AC10) -> 0.090909091 | AE10: 3 | AF10: =AE10*5 -> 15 | AG10: =AE10*2 -> 6 | AH10: =AE10*8/2 -> 12 | AI10: =AE10*7/2 -> 10.5 | AJ10: =AE10*8/3 -> 8 | AK10: =AE10*4 -> 12 | AL10: =AE10*8 -> 24 | AM10: =AE10*7 -> 21 | AN10: =AE10*8/(AE10*8+100) -> 0.19354839 | AO10: =AE10*8/(AE10*8+100) -> 0.19354839 | AP10: =VLOOKUP($A10,[1]怪物抗性与玩家穿透!$A$2:$E$74,4,0) -> 170 | AQ10: =VLOOKUP($A10,[1]怪物抗性与玩家穿透!$A$2:$E$74,5,0) -> 40 | AR10: =AG10*K10/100/(1-U10)/(1-R10)*(1-(AP10*(1-AN10)/(AP10*(1-AN10)+VLOOKUP(A10,[1]怪物抗性与玩家穿透!$A$2:$I$74,8,0))))*(1-(AQ10*(1-AO10)/(VLOOKUP(A10,[1]怪物抗性与玩家穿透!$A$2:$I$74,9,0)+AQ10*(1-AO10)))) -> 1201.1988 | AS10: =Y10*AE10/1000*2 -> 550.79019 | AT10: =佣兵培养!AB6 -> 77274.35 | AU10: =佣兵培养!AE6 -> 2779.434 | AV10: 1.1 | AW10: 1.06 | AX10: 1.1 | AY10: =(MIN(AT10/(Y10+(AR10+AS10)/2*BB10),1)*AU10+K10)*AW10 -> 7137.3323 | AZ10: =(Y10+AT10)*AX10*AV10 -> 204577.99 | BA10: =AY10*AZ10^(1/3) -> 420554.43 | BB10: 24
A11: 40 | B11: 4970 | C11: 320 | D11: =C11+B11 -> 5290 | E11: =装备属性设计!AB11*AA11 -> 1232 | F11: =(E11+$C$27*D11+D34)*(1+AL11/100) -> 2324.52 | G11: =F11/(A11*A11*3+3*A11+50+F11) -> 0.31866662 | H11: =装备属性设计!Q11*AA11 -> 2814 | I11: =D11*1.5*MAX($C$26:$C$29) -> 4761 | J11: 1.6 | K11: =(I11+H11)/2*(1+AK11/100)*J11 -> 7029.6 | L11: =$C$29*D11 -> 1058 | M11: =装备属性设计!D11*AA11 -> 9408 | N11: =ROUND((L11*10+M11)*(100+AF11)/100,0) -> 23986 | O11: =M11/N11 -> 0.3922288 | P11: =(装备属性设计!I11+装备属性设计!F11) -> 994 | Q11: =(P11+E34)*AB11*(1+AH11/100) -> 2753.5307 | R11: =Q11/(A11*A11*3+A11*3+50+Q11) -> 0.35651191 | S11: =装备属性设计!X11*AB11*(1+AI11/100) -> 1084.444 | T11: =装备属性设计!V11*AB11 -> 686.53333 | U11: =(S11+D11*$C$26*(1+AI11/100))/($A11*50+S11+D11*$C$26*(1+AI11/100)+50) -> 0.6964224 | V11: =(T11+B11*$C$28)/($A11*50+T11+B11*$C$28+50) -> 0.3660186 | W11: =(装备属性设计!Z11*战斗力成长!AB11+D11*C$27*0.2)*(1+AJ11/100) -> 268.47733 | X11: =W11/((3*$A11*$A11+3*$A11+50)/4+W11) -> 0.17768455 | Y11: =(N11/(1-R11))/(1-U11)/(1-X11) -> 149316.96 | Z11: =Y11/K11 -> 21.241175 | AA11: 1.4 | AB11: =(AA11-1)/1.5+1 -> 1.2666667 | AC11: =B11*C$29 -> 994 | AD11: =AC11/((A11*A11*3+A11*3+50)*2+AC11) -> 0.090909091 | AE11: 4 | AF11: =AE11*5 -> 20 | AG11: =AE11*2 -> 8 | AH11: =AE11*8/2 -> 16 | AI11: =AE11*7/2 -> 14 | AJ11: =AE11*8/3 -> 10.666667 | AK11: =AE11*4 -> 16 | AL11: =AE11*8 -> 32 | AM11: =AE11*7 -> 28 | AN11: =AE11*8/(AE11*8+100) -> 0.24242424 | AO11: =AE11*8/(AE11*8+100) -> 0.24242424 | AP11: =VLOOKUP($A11,[1]怪物抗性与玩家穿透!$A$2:$E$74,4,0) -> 320 | AQ11: =VLOOKUP($A11,[1]怪物抗性与玩家穿透!$A$2:$E$74,5,0) -> 90 | AR11: =AG11*K11/100/(1-U11)/(1-R11)*(1-(AP11*(1-AN11)/(AP11*(1-AN11)+VLOOKUP(A11,[1]怪物抗性与玩家穿透!$A$2:$I$74,8,0))))*(1-(AQ11*(1-AO11)/(VLOOKUP(A11,[1]怪物抗性与玩家穿透!$A$2:$I$74,9,0)+AQ11*(1-AO11)))) -> 2655.6718 | AS11: =Y11*AE11/1000*2 -> 1194.5357 | AT11: =佣兵培养!AB7 -> 128760.47 | AU11: =佣兵培养!AE7 -> 3885.2451 | AV11: 1.1 | AW11: 1.06 | AX11: 1.11 | AY11: =(MIN(AT11/(Y11+(AR11+AS11)/2*BB11),1)*AU11+K11)*AW11 -> 10111.168 | AZ11: =(Y11+AT11)*AX11*AV11 -> 339532.54 | BA11: =AY11*AZ11^(1/3) -> 705388.67 | BB11: 26
A12: 45 | B12: 6260 | C12: 355 | D12: =C12+B12 -> 6615 | E12: =装备属性设计!AB12*AA12 -> 1757 | F12: =(E12+$C$27*D12+D35)*(1+AL12/100) -> 3192.42 | G12: =F12/(A12*A12*3+3*A12+50+F12) -> 0.33773573 | H12: =装备属性设计!Q12*AA12 -> 3588.2 | I12: =D12*1.5*MAX($C$26:$C$29) -> 5953.5 | J12: 1.65 | K12: =(I12+H12)/2*(1+AK12/100)*J12 -> 9131.4069 | L12: =$C$29*D12 -> 1323 | M12: =装备属性设计!D12*AA12 -> 12376 | N12: =ROUND((L12*10+M12)*(100+AF12)/100,0) -> 30727 | O12: =M12/N12 -> 0.40277281 | P12: =(装备属性设计!I12+装备属性设计!F12) -> 1256 | Q12: =(P12+E35)*AB12*(1+AH12/100) -> 3686.5573 | R12: =Q12/(A12*A12*3+A12*3+50+Q12) -> 0.37063651 | S12: =装备属性设计!X12*AB12*(1+AI12/100) -> 1084.444 | T12: =装备属性设计!V12*AB12 -> 951.26667 | U12: =(S12+D12*$C$26*(1+AI12/100))/($A12*50+S12+D12*$C$26*(1+AI12/100)+50) -> 0.70919588 | V12: =(T12+B12*$C$28)/($A12*50+T12+B12*$C$28+50) -> 0.4067986 | W12: =(装备属性设计!Z12*战斗力成长!AB12+D12*C$27*0.2)*(1+AJ12/100) -> 338.45556 | X12: =W12/((3*$A12*$A12+3*$A12+50)/4+W12) -> 0.17781112 | Y12: =(N12/(1-R12))/(1-U12)/(1-X12) -> 204195.64 | Z12: =Y12/K12 -> 22.361904 | AA12: 1.4 | AB12: =(AA12-1)/1.5+1 -> 1.2666667 | AC12: =B12*C$29 -> 1252 | AD12: =AC12/((A12*A12*3+A12*3+50)*2+AC12) -> 0.090909091 | AE12: 4 | AF12: =AE12*5 -> 20 | AG12: =AE12*2 -> 8 | AH12: =AE12*8/2 -> 16 | AI12: =AE12*7/2 -> 14 | AJ12: =AE12*8/3 -> 10.666667 | AK12: =AE12*4 -> 16 | AL12: =AE12*8 -> 32 | AM12: =AE12*7 -> 28 | AN12: =AE12*8/(AE12*8+100) -> 0.24242424 | AO12: =AE12*8/(AE12*8+100) -> 0.24242424 | AP12: =VLOOKUP($A12,[1]怪物抗性与玩家穿透!$A$2:$E$74,4,0) -> 470 | AQ12: =VLOOKUP($A12,[1]怪物抗性与玩家穿透!$A$2:$E$74,5,0) -> 140 | AR12: =AG12*K12/100/(1-U12)/(1-R12)*(1-(AP12*(1-AN12)/(AP12*(1-AN12)+VLOOKUP(A12,[1]怪物抗性与玩家穿透!$A$2:$I$74,8,0))))*(1-(AQ12*(1-AO12)/(VLOOKUP(A12,[1]怪物抗性与玩家穿透!$A$2:$I$74,9,0)+AQ12*(1-AO12)))) -> 3608.8717 | AS12: =Y12*AE12/1000*2 -> 1633.5651 | AT12: =佣兵培养!AB8 -> 197466.89 | AU12: =佣兵培养!AE8 -> 5259.5285 | AV12: 1.1 | AW12: 1.06 | AX12: 1.12 | AY12: =(MIN(AT12/(Y12+(AR12+AS12)/2*BB12),1)*AU12+K12)*AW12 -> 13645.207 | AZ12: =(Y12+AT12)*AX12*AV12 -> 494848.24 | BA12: =AY12*AZ12^(1/3) -> 1079288.3 | BB12: 28
A13: 50 | B13: 7700 | C13: 390 | D13: =C13+B13 -> 8090 | E13: =装备属性设计!AB13*AA13 -> 2589 | F13: =(E13+$C$27*D13+D36)*(1+AL13/100) -> 4757.2 | G13: =F13/(A13*A13*3+3*A13+50+F13) -> 0.38188357 | H13: =装备属性设计!Q13*AA13 -> 4936.5 | I13: =D13*1.5*MAX($C$26:$C$29) -> 7281 | J13: 1.7 | K13: =(I13+H13)/2*(1+AK13/100)*J13 -> 12461.85 | L13: =$C$29*D13 -> 1618 | M13: =装备属性设计!D13*AA13 -> 17340 | N13: =ROUND((L13*10+M13)*(100+AF13)/100,0) -> 41900 | O13: =M13/N13 -> 0.41384248 | P13: =(装备属性设计!I13+装备属性设计!F13) -> 1560 | Q13: =(P13+E36)*AB13*(1+AH13/100) -> 4737.6 | R13: =Q13/(A13*A13*3+A13*3+50+Q13) -> 0.3809095 | S13: =装备属性设计!X13*AB13*(1+AI13/100) -> 1566.6667 | T13: =装备属性设计!V13*AB13 -> 1333.3333 | U13: =(S13+D13*$C$26*(1+AI13/100))/($A13*50+S13+D13*$C$26*(1+AI13/100)+50) -> 0.74032895 | V13: =(T13+B13*$C$28)/($A13*50+T13+B13*$C$28+50) -> 0.45200573 | W13: =(装备属性设计!Z13*战斗力成长!AB13+D13*C$27*0.2)*(1+AJ13/100) -> 443.28444 | X13: =W13/((3*$A13*$A13+3*$A13+50)/4+W13) -> 0.18717534 | Y13: =(N13/(1-R13))/(1-U13)/(1-X13) -> 320656.08 | Z13: =Y13/K13 -> 25.731017 | AA13: 1.5 | AB13: =(AA13-1)/1.5+1 -> 1.3333333 | AC13: =B13*C$29 -> 1540 | AD13: =AC13/((A13*A13*3+A13*3+50)*2+AC13) -> 0.090909091 | AE13: 5 | AF13: =AE13*5 -> 25 | AG13: =AE13*2 -> 10 | AH13: =AE13*8/2 -> 20 | AI13: =AE13*7/2 -> 17.5 | AJ13: =AE13*8/3 -> 13.333333 | AK13: =AE13*4 -> 20 | AL13: =AE13*8 -> 40 | AM13: =AE13*7 -> 35 | AN13: =AE13*8/(AE13*8+100) -> 0.28571429 | AO13: =AE13*8/(AE13*8+100) -> 0.28571429 | AP13: =VLOOKUP($A13,[1]怪物抗性与玩家穿透!$A$2:$E$74,4,0) -> 2500 | AQ13: =VLOOKUP($A13,[1]怪物抗性与玩家穿透!$A$2:$E$74,5,0) -> 750 | AR13: =AG13*K13/100/(1-U13)/(1-R13)*(1-(AP13*(1-AN13)/(AP13*(1-AN13)+VLOOKUP(A13,[1]怪物抗性与玩家穿透!$A$2:$I$74,8,0))))*(1-(AQ13*(1-AO13)/(VLOOKUP(A13,[1]怪物抗性与玩家穿透!$A$2:$I$74,9,0)+AQ13*(1-AO13)))) -> 5194.3314 | AS13: =Y13*AE13/1000*2 -> 3206.5608 | AT13: =佣兵培养!AB9 -> 297398.48 | AU13: =佣兵培养!AE9 -> 7187.7376 | AV13: 1.12 | AW13: 1.06 | AX13: 1.13 | AY13: =(MIN(AT13/(Y13+(AR13+AS13)/2*BB13),1)*AU13+K13)*AW13 -> 18282.394 | AZ13: =(Y13+AT13)*AX13*AV13 -> 782209.85 | BA13: =AY13*AZ13^(1/3) -> 1684512.2 | BB13: 30
A14: 55 | B14: 9290 | C14: 425 | D14: =C14+B14 -> 9715 | E14: =装备属性设计!AB14*AA14 -> 2589 | F14: =(E14+$C$27*D14+D37)*(1+AL14/100) -> 5269.54 | G14: =F14/(A14*A14*3+3*A14+50+F14) -> 0.36193039 | H14: =装备属性设计!Q14*AA14 -> 6342 | I14: =D14*1.5*MAX($C$26:$C$29) -> 8743.5 | J14: 1.75 | K14: =(I14+H14)/2*(1+AK14/100)*J14 -> 16367.767 | L14: =$C$29*D14 -> 1943 | M14: =装备属性设计!D14*AA14 -> 20880 | N14: =ROUND((L14*10+M14)*(100+AF14)/100,0) -> 52403 | O14: =M14/N14 -> 0.39845047 | P14: =(装备属性设计!I14+装备属性设计!F14) -> 2306 | Q14: =(P14+E37)*AB14*(1+AH14/100) -> 7087.84 | R14: =Q14/(A14*A14*3+A14*3+50+Q14) -> 0.43277013 | S14: =装备属性设计!X14*AB14*(1+AI14/100) -> 2082.8133 | T14: =装备属性设计!V14*AB14 -> 1721.3333 | U14: =(S14+D14*$C$26*(1+AI14/100))/($A14*50+S14+D14*$C$26*(1+AI14/100)+50) -> 0.76541365 | V14: =(T14+B14*$C$28)/($A14*50+T14+B14*$C$28+50) -> 0.48626995 | W14: =(装备属性设计!Z14*战斗力成长!AB14+D14*C$27*0.2)*(1+AJ14/100) -> 559.468 | X14: =W14/((3*$A14*$A14+3*$A14+50)/4+W14) -> 0.19412707 | Y14: =(N14/(1-R14))/(1-U14)/(1-X14) -> 488683.59 | Z14: =Y14/K14 -> 29.85646 | AA14: 1.5 | AB14: =(AA14-1)/1.5+1 -> 1.3333333 | AC14: =B14*C$29 -> 1858 | AD14: =AC14/((A14*A14*3+A14*3+50)*2+AC14) -> 0.090909091 | AE14: 6 | AF14: =AE14*5 -> 30 | AG14: =AE14*2 -> 12 | AH14: =AE14*8/2 -> 24 | AI14: =AE14*7/2 -> 21 | AJ14: =AE14*8/3 -> 16 | AK14: =AE14*4 -> 24 | AL14: =AE14*8 -> 48 | AM14: =AE14*7 -> 42 | AN14: =AE14*8/(AE14*8+100) -> 0.32432432 | AO14: =AE14*8/(AE14*8+100) -> 0.32432432 | AP14: =VLOOKUP($A14,[1]怪物抗性与玩家穿透!$A$2:$E$74,4,0) -> 5000 | AQ14: =VLOOKUP($A14,[1]怪物抗性与玩家穿透!$A$2:$E$74,5,0) -> 1500 | AR14: =AG14*K14/100/(1-U14)/(1-R14)*(1-(AP14*(1-AN14)/(AP14*(1-AN14)+VLOOKUP(A14,[1]怪物抗性与玩家穿透!$A$2:$I$74,8,0))))*(1-(AQ14*(1-AO14)/(VLOOKUP(A14,[1]怪物抗性与玩家穿透!$A$2:$I$74,9,0)+AQ14*(1-AO14)))) -> 7936.153 | AS14: =Y14*AE14/1000*2 -> 5864.2031 | AT14: =佣兵培养!AB10 -> 441587.36 | AU14: =佣兵培养!AE10 -> 9525.0209 | AV14: 1.14 | AW14: 1.07 | AX14: 1.14 | AY14: =(MIN(AT14/(Y14+(AR14+AS14)/2*BB14),1)*AU14+K14)*AW14 -> 23919.187 | AZ14: =(Y14+AT14)*AX14*AV14 -> 1208980.1 | BA14: =AY14*AZ14^(1/3) -> 2548117.6 | BB14: 31
A15: 60 | B15: 11030 | C15: 460 | D15: =C15+B15 -> 11490 | E15: =装备属性设计!AB15*AA15 -> 3795 | F15: =(E15+$C$27*D15+D38)*(1+AL15/100) -> 7712.64 | G15: =F15/(A15*A15*3+3*A15+50+F15) -> 0.41150233 | H15: =装备属性设计!Q15*AA15 -> 9934.65 | I15: =D15*1.5*MAX($C$26:$C$29) -> 10341 | J15: 1.8 | K15: =(I15+H15)/2*(1+AK15/100)*J15 -> 23357.549 | L15: =$C$29*D15 -> 2298 | M15: =装备属性设计!D15*AA15 -> 22968 | N15: =ROUND((L15*10+M15)*(100+AF15)/100,0) -> 62030 | O15: =M15/N15 -> 0.37027245 | P15: =(装备属性设计!I15+装备属性设计!F15) -> 2754 | Q15: =(P15+E38)*AB15*(1+AH15/100) -> 9666.8587 | R15: =Q15/(A15*A15*3+A15*3+50+Q15) -> 0.46706888 | S15: =装备属性设计!X15*AB15*(1+AI15/100) -> 2905.166 | T15: =装备属性设计!V15*AB15 -> 2333.4667 | U15: =(S15+D15*$C$26*(1+AI15/100))/($A15*50+S15+D15*$C$26*(1+AI15/100)+50) -> 0.79020781 | V15: =(T15+B15*$C$28)/($A15*50+T15+B15*$C$28+50) -> 0.52979023 | W15: =(装备属性设计!Z15*战斗力成长!AB15+D15*C$27*0.2)*(1+AJ15/100) -> 733.63689 | X15: =W15/((3*$A15*$A15+3*$A15+50)/4+W15) -> 0.21014269 | Y15: =(N15/(1-R15))/(1-U15)/(1-X15) -> 702413.32 | Z15: =Y15/K15 -> 30.072219 | AA15: 1.65 | AB15: =(AA15-1)/1.5+1 -> 1.4333333 | AC15: =B15*C$29 -> 2206 | AD15: =AC15/((A15*A15*3+A15*3+50)*2+AC15) -> 0.090909091 | AE15: 7 | AF15: =AE15*5 -> 35 | AG15: =AE15*2 -> 14 | AH15: =AE15*8/2 -> 28 | AI15: =AE15*7/2 -> 24.5 | AJ15: =AE15*8/3 -> 18.666667 | AK15: =AE15*4 -> 28 | AL15: =AE15*8 -> 56 | AM15: =AE15*7 -> 49 | AN15: =AE15*8/(AE15*8+100) -> 0.35897436 | AO15: =AE15*8/(AE15*8+100) -> 0.35897436 | AP15: =VLOOKUP($A15,[1]怪物抗性与玩家穿透!$A$2:$E$74,4,0) -> 7500 | AQ15: =VLOOKUP($A15,[1]怪物抗性与玩家穿透!$A$2:$E$74,5,0) -> 2250 | AR15: =AG15*K15/100/(1-U15)/(1-R15)*(1-(AP15*(1-AN15)/(AP15*(1-AN15)+VLOOKUP(A15,[1]怪物抗性与玩家穿透!$A$2:$I$74,8,0))))*(1-(AQ15*(1-AO15)/(VLOOKUP(A15,[1]怪物抗性与玩家穿透!$A$2:$I$74,9,0)+AQ15*(1-AO15)))) -> 13808.569 | AS15: =Y15*AE15/1000*2 -> 9833.7865 | AT15: =佣兵培养!AB11 -> 623569.15 | AU15: =佣兵培养!AE11 -> 11995.648 | AV15: 1.16 | AW15: 1.08 | AX15: 1.15 | AY15: =(MIN(AT15/(Y15+(AR15+AS15)/2*BB15),1)*AU15+K15)*AW15 -> 32701.486 | AZ15: =(Y15+AT15)*AX15*AV15 -> 1768860.6 | BA15: =AY15*AZ15^(1/3) -> 3954868.3 | BB15: 32
A16: 65 | B16: 12920 | C16: 495 | D16: =C16+B16 -> 13415 | E16: =装备属性设计!AB16*AA16 -> 6991.2 | F16: =(E16+$C$27*D16+D39)*(1+AL16/100) -> 13665.628 | G16: =F16/(A16*A16*3+3*A16+50+F16) -> 0.51402314 | H16: =装备属性设计!Q16*AA16 -> 14146.2 | I16: =D16*1.5*MAX($C$26:$C$29) -> 12073.5 | J16: 1.9 | K16: =(I16+H16)/2*(1+AK16/100)*J16 -> 32879.504 | L16: =$C$29*D16 -> 2683 | M16: =装备属性设计!D16*AA16 -> 30420 | N16: =ROUND((L16*10+M16)*(100+AF16)/100,0) -> 80150 | O16: =M16/N16 -> 0.37953837 | P16: =(装备属性设计!I16+装备属性设计!F16) -> 3256 | Q16: =(P16+E39)*AB16*(1+AH16/100) -> 12637.856 | R16: =Q16/(A16*A16*3+A16*3+50+Q16) -> 0.49448029 | S16: =装备属性设计!X16*AB16*(1+AI16/100) -> 3954.7733 | T16: =装备属性设计!V16*AB16 -> 3089.6667 | U16: =(S16+D16*$C$26*(1+AI16/100))/($A16*50+S16+D16*$C$26*(1+AI16/100)+50) -> 0.81204606 | V16: =(T16+B16*$C$28)/($A16*50+T16+B16*$C$28+50) -> 0.57040573 | W16: =(装备属性设计!Z16*战斗力成长!AB16+D16*C$27*0.2)*(1+AJ16/100) -> 980.41378 | X16: =W16/((3*$A16*$A16+3*$A16+50)/4+W16) -> 0.2328545 | Y16: =(N16/(1-R16))/(1-U16)/(1-X16) -> 1099603.9 | Z16: =Y16/K16 -> 33.443445 | AA16: 1.8 | AB16: =(AA16-1)/1.5+1 -> 1.5333333 | AC16: =B16*C$29 -> 2584 | AD16: =AC16/((A16*A16*3+A16*3+50)*2+AC16) -> 0.090909091 | AE16: 8 | AF16: =AE16*5 -> 40 | AG16: =AE16*2 -> 16 | AH16: =AE16*8/2 -> 32 | AI16: =AE16*7/2 -> 28 | AJ16: =AE16*8/3 -> 21.333333 | AK16: =AE16*4 -> 32 | AL16: =AE16*8 -> 64 | AM16: =AE16*7 -> 56 | AN16: =AE16*8/(AE16*8+100) -> 0.3902439 | AO16: =AE16*8/(AE16*8+100) -> 0.3902439 | AP16: =VLOOKUP($A16,[1]怪物抗性与玩家穿透!$A$2:$E$74,4,0) -> 10000 | AQ16: =VLOOKUP($A16,[1]怪物抗性与玩家穿透!$A$2:$E$74,5,0) -> 3000 | AR16: =AG16*K16/100/(1-U16)/(1-R16)*(1-(AP16*(1-AN16)/(AP16*(1-AN16)+VLOOKUP(A16,[1]怪物抗性与玩家穿透!$A$2:$I$74,8,0))))*(1-(AQ16*(1-AO16)/(VLOOKUP(A16,[1]怪物抗性与玩家穿透!$A$2:$I$74,9,0)+AQ16*(1-AO16)))) -> 24164.218 | AS16: =Y16*AE16/1000*2 -> 17593.662 | AT16: =佣兵培养!AB12 -> 847048.45 | AU16: =佣兵培养!AE12 -> 15317.716 | AV16: 1.18 | AW16: 1.09 | AX16: 1.16 | AY16: =(MIN(AT16/(Y16+(AR16+AS16)/2*BB16),1)*AU16+K16)*AW16 -> 43745.689 | AZ16: =(Y16+AT16)*AX16*AV16 -> 2664577.7 | BA16: =AY16*AZ16^(1/3) -> 6064728.9 | BB16: 33
A17: 70 | B17: 14960 | C17: 530 | D17: =C17+B17 -> 15490 | E17: =装备属性设计!AB17*AA17 -> 8168.55 | F17: =(E17+$C$27*D17+D40)*(1+AL17/100) -> 16714.186 | G17: =F17/(A17*A17*3+3*A17+50+F17) -> 0.5276911 | H17: =装备属性设计!Q17*AA17 -> 19125.6 | I17: =D17*1.5*MAX($C$26:$C$29) -> 13941 | J17: 2 | K17: =(I17+H17)/2*(1+AK17/100)*J17 -> 44970.576 | L17: =$C$29*D17 -> 3098 | M17: =装备属性设计!D17*AA17 -> 37440 | N17: =ROUND((L17*10+M17)*(100+AF17)/100,0) -> 99209 | O17: =M17/N17 -> 0.37738512 | P17: =(装备属性设计!I17+装备属性设计!F17) -> 3688 | Q17: =(P17+E40)*AB17*(1+AH17/100) -> 16015.813 | R17: =Q17/(A17*A17*3+A17*3+50+Q17) -> 0.51704254 | S17: =装备属性设计!X17*AB17*(1+AI17/100) -> 4845.512 | T17: =装备属性设计!V17*AB17 -> 3684.8 | U17: =(S17+D17*$C$26*(1+AI17/100))/($A17*50+S17+D17*$C$26*(1+AI17/100)+50) -> 0.82781302 | V17: =(T17+B17*$C$28)/($A17*50+T17+B17*$C$28+50) -> 0.5933935 | W17: =(装备属性设计!Z17*战斗力成长!AB17+D17*C$27*0.2)*(1+AJ17/100) -> 1279.3493 | X17: =W17/((3*$A17*$A17+3*$A17+50)/4+W17) -> 0.2548835 | Y17: =(N17/(1-R17))/(1-U17)/(1-X17) -> 1601097.2 | Z17: =Y17/K17 -> 35.603218 | AA17: 1.95 | AB17: =(AA17-1)/1.5+1 -> 1.6333333 | AC17: =B17*C$29 -> 2992 | AD17: =AC17/((A17*A17*3+A17*3+50)*2+AC17) -> 0.090909091 | AE17: 9 | AF17: =AE17*5 -> 45 | AG17: =AE17*2 -> 18 | AH17: =AE17*8/2 -> 36 | AI17: =AE17*7/2 -> 31.5 | AJ17: =AE17*8/3 -> 24 | AK17: =AE17*4 -> 36 | AL17: =AE17*8 -> 72 | AM17: =AE17*7 -> 63 | AN17: =AE17*8/(AE17*8+100) -> 0.41860465 | AO17: =AE17*8/(AE17*8+100) -> 0.41860465 | AP17: =VLOOKUP($A17,[1]怪物抗性与玩家穿透!$A$2:$E$74,4,0) -> 12500 | AQ17: =VLOOKUP($A17,[1]怪物抗性与玩家穿透!$A$2:$E$74,5,0) -> 3750 | AR17: =AG17*K17/100/(1-U17)/(1-R17)*(1-(AP17*(1-AN17)/(AP17*(1-AN17)+VLOOKUP(A17,[1]怪物抗性与玩家穿透!$A$2:$I$74,8,0))))*(1-(AQ17*(1-AO17)/(VLOOKUP(A17,[1]怪物抗性与玩家穿透!$A$2:$I$74,9,0)+AQ17*(1-AO17)))) -> 40529.456 | AS17: =Y17*AE17/1000*2 -> 28819.75 | AT17: =佣兵培养!AB13 -> 1178621.3 | AU17: =佣兵培养!AE13 -> 19701.124 | AV17: 1.2 | AW17: 1.1 | AX17: 1.17 | AY17: =(MIN(AT17/(Y17+(AR17+AS17)/2*BB17),1)*AU17+K17)*AW17 -> 58655.357 | AZ17: =(Y17+AT17)*AX17*AV17 -> 3902724.9 | BA17: =AY17*AZ17^(1/3) -> 9234860.3 | BB17: 34
A18: 75 | B18: 17150 | C18: 565 | D18: =C18+B18 -> 17715 | E18: =装备属性设计!AB18*AA18 -> 9725.1 | F18: =(E18+$C$27*D18+D41)*(1+AL18/100) -> 20693.88 | G18: =F18/(A18*A18*3+3*A18+50+F18) -> 0.54682237 | H18: =装备属性设计!Q18*AA18 -> 24009.3 | I18: =D18*1.5*MAX($C$26:$C$29) -> 15943.5 | J18: 2.1 | K18: =(I18+H18)/2*(1+AK18/100)*J18 -> 58730.616 | L18: =$C$29*D18 -> 3543 | M18: =装备属性设计!D18*AA18 -> 45360 | N18: =ROUND((L18*10+M18)*(100+AF18)/100,0) -> 121185 | O18: =M18/N18 -> 0.37430375 | P18: =(装备属性设计!I18+装备属性设计!F18) -> 4390 | Q18: =(P18+E41)*AB18*(1+AH18/100) -> 20226.267 | R18: =Q18/(A18*A18*3+A18*3+50+Q18) -> 0.54115267 | S18: =装备属性设计!X18*AB18*(1+AI18/100) -> 6161.22 | T18: =装备属性设计!V18*AB18 -> 4563.8667 | U18: =(S18+D18*$C$26*(1+AI18/100))/($A18*$A18*5+S18+D18*$C$26*(1+AI18/100)+24200-$A18*645) -> 0.8385143 | V18: =(T18+B18*$C$28)/($A18*$A18*5+T18+B18*$C$28+24200-$A18*645) -> 0.61383796 | W18: =(装备属性设计!Z18*战斗力成长!AB18+D18*C$27*0.2)*(1+AJ18/100) -> 1579.4911 | X18: =W18/((3*$A18*$A18+3*$A18+50)/4+W18) -> 0.26921655 | Y18: =(N18/(1-R18))/(1-U18)/(1-X18) -> 2237988.7 | Z18: =Y18/K18 -> 38.105997 | AA18: 2.1 | AB18: =(AA18-1)/1.5+1 -> 1.7333333 | AC18: =B18*C$29 -> 3430 | AD18: =AC18/((A18*A18*3+A18*3+50)*2+AC18) -> 0.090909091 | AE18: 10 | AF18: =AE18*5 -> 50 | AG18: =AE18*2 -> 20 | AH18: =AE18*8/2 -> 40 | AI18: =AE18*7/2 -> 35 | AJ18: =AE18*8/3 -> 26.666667 | AK18: =AE18*4 -> 40 | AL18: =AE18*8 -> 80 | AM18: =AE18*7 -> 70 | AN18: =AE18*8/(AE18*8+100) -> 0.44444444 | AO18: =AE18*8/(AE18*8+100) -> 0.44444444 | AP18: =VLOOKUP($A18,[1]怪物抗性与玩家穿透!$A$2:$E$74,4,0) -> 15000 | AQ18: =VLOOKUP($A18,[1]怪物抗性与玩家穿透!$A$2:$E$74,5,0) -> 4500 | AR18: =AG18*K18/100/(1-U18)/(1-R18)*(1-(AP18*(1-AN18)/(AP18*(1-AN18)+VLOOKUP(A18,[1]怪物抗性与玩家穿透!$A$2:$I$74,8,0))))*(1-(AQ18*(1-AO18)/(VLOOKUP(A18,[1]怪物抗性与玩家穿透!$A$2:$I$74,9,0)+AQ18*(1-AO18)))) -> 65246.3 | AS18: =Y18*AE18/1000*2 -> 44759.774 | AT18: =佣兵培养!AB14 -> 1819703.5 | AU18: =佣兵培养!AE14 -> 28762.982 | AV18: 1.22 | AW18: 1.11 | AX18: 1.18 | AY18: =(MIN(AT18/(Y18+(AR18+AS18)/2*BB18),1)*AU18+K18)*AW18 -> 79146.349 | AZ18: =(Y18+AT18)*AX18*AV18 -> 5841453.7 | BA18: =AY18*AZ18^(1/3) -> 14254036 | BB18: 35
A19: 80 | B19: 19490 | C19: 600 | D19: =C19+B19 -> 20090 | E19: =装备属性设计!AB19*AA19 -> 11400.75 | F19: =(E19+$C$27*D19+D42)*(1+AL19/100) -> 25210.33 | G19: =F19/(A19*A19*3+3*A19+50+F19) -> 0.56398532 | H19: =装备属性设计!Q19*AA19 -> 29234.25 | I19: =D19*1.5*MAX($C$26:$C$29) -> 18081 | J19: 2.2 | K19: =(I19+H19)/2*(1+AK19/100)*J19 -> 74947.356 | L19: =$C$29*D19 -> 4018 | M19: =装备属性设计!D19*AA19 -> 54180 | N19: =ROUND((L19*10+M19)*(100+AF19)/100,0) -> 146258 | O19: =M19/N19 -> 0.37044128 | P19: =(装备属性设计!I19+装备属性设计!F19) -> 5146 | Q19: =(P19+E42)*AB19*(1+AH19/100) -> 24905.76 | R19: =Q19/(A19*A19*3+A19*3+50+Q19) -> 0.56099411 | S19: =装备属性设计!X19*AB19*(1+AI19/100) -> 7785.085 | T19: =装备属性设计!V19*AB19 -> 5621 | U19: =(S19+D19*$C$26*(1+AI19/100))/($A19*$A19*5+S19+D19*$C$26*(1+AI19/100)+24200-$A19*645) -> 0.841815 | V19: =(T19+B19*$C$28)/($A19*$A19*5+T19+B19*$C$28+24200-$A19*645) -> 0.62202136 | W19: =(装备属性设计!Z19*战斗力成长!AB19+D19*C$27*0.2)*(1+AJ19/100) -> 1866.4524 | X19: =W19/((3*$A19*$A19+3*$A19+50)/4+W19) -> 0.27696477 | Y19: =(N19/(1-R19))/(1-U19)/(1-X19) -> 2912893 | Z19: =Y19/K19 -> 38.865854 | AA19: 2.25 | AB19: =(AA19-1)/1.5+1 -> 1.8333333 | AC19: =B19*C$29 -> 3898 | AD19: =AC19/((A19*A19*3+A19*3+50)*2+AC19) -> 0.090909091 | AE19: 11 | AF19: =AE19*5 -> 55 | AG19: =AE19*2 -> 22 | AH19: =AE19*8/2 -> 44 | AI19: =AE19*7/2 -> 38.5 | AJ19: =AE19*8/3 -> 29.333333 | AK19: =AE19*4 -> 44 | AL19: =AE19*8 -> 88 | AM19: =AE19*7 -> 77 | AN19: =AE19*8/(AE19*8+100) -> 0.46808511 | AO19: =AE19*8/(AE19*8+100) -> 0.46808511 | AP19: =VLOOKUP($A19,[1]怪物抗性与玩家穿透!$A$2:$E$74,4,0) -> 17500 | AQ19: =VLOOKUP($A19,[1]怪物抗性与玩家穿透!$A$2:$E$74,5,0) -> 5250 | AR19: =AG19*K19/100/(1-U19)/(1-R19)*(1-(AP19*(1-AN19)/(AP19*(1-AN19)+VLOOKUP(A19,[1]怪物抗性与玩家穿透!$A$2:$I$74,8,0))))*(1-(AQ19*(1-AO19)/(VLOOKUP(A19,[1]怪物抗性与玩家穿透!$A$2:$I$74,9,0)+AQ19*(1-AO19)))) -> 99863.459 | AS19: =Y19*AE19/1000*2 -> 64083.646 | AT19: =佣兵培养!AB15 -> 2555862.5 | AU19: =佣兵培养!AE15 -> 40436.063 | AV19: 1.24 | AW19: 1.12 | AX19: 1.19 | AY19: =(MIN(AT19/(Y19+(AR19+AS19)/2*BB19),1)*AU19+K19)*AW19 -> 103680.48 | AZ19: =(Y19+AT19)*AX19*AV19 -> 8069695.6 | BA19: =AY19*AZ19^(1/3) -> 20796139 | BB19: 36
A20: 85 | B20: 21980 | C20: 635 | D20: =C20+B20 -> 22615 | E20: =装备属性设计!AB20*AA20 -> 13188 | F20: =(E20+$C$27*D20+D43)*(1+AL20/100) -> 30281.02 | G20: =F20/(A20*A20*3+3*A20+50+F20) -> 0.57941885 | H20: =装备属性设计!Q20*AA20 -> 35167.2 | I20: =D20*1.5*MAX($C$26:$C$29) -> 20353.5 | J20: 2.3 | K20: =(I20+H20)/2*(1+AK20/100)*J20 -> 94496.231 | L20: =$C$29*D20 -> 4523 | M20: =装备属性设计!D20*AA20 -> 64896 | N20: =ROUND((L20*10+M20)*(100+AF20)/100,0) -> 176202 | O20: =M20/N20 -> 0.36830456 | P20: =(装备属性设计!I20+装备属性设计!F20) -> 5978 | Q20: =(P20+E43)*AB20*(1+AH20/100) -> 30312.965 | R20: =Q20/(A20*A20*3+A20*3+50+Q20) -> 0.57967578 | S20: =装备属性设计!X20*AB20*(1+AI20/100) -> 10080.864 | T20: =装备属性设计!V20*AB20 -> 7099.2 | U20: =(S20+D20*$C$26*(1+AI20/100))/($A20*$A20*5+S20+D20*$C$26*(1+AI20/100)+24200-$A20*645) -> 0.84217554 | V20: =(T20+B20*$C$28)/($A20*$A20*5+T20+B20*$C$28+24200-$A20*645) -> 0.62830806 | W20: =(装备属性设计!Z20*战斗力成长!AB20+D20*C$27*0.2)*(1+AJ20/100) -> 2283.908 | X20: =W20/((3*$A20*$A20+3*$A20+50)/4+W20) -> 0.29360265 | Y20: =(N20/(1-R20))/(1-U20)/(1-X20) -> 3760131.6 | Z20: =Y20/K20 -> 39.791339 | AA20: 2.4 | AB20: =(AA20-1)/1.5+1 -> 1.9333333 | AC20: =B20*C$29 -> 4396 | AD20: =AC20/((A20*A20*3+A20*3+50)*2+AC20) -> 0.090909091 | AE20: 12 | AF20: =AE20*5 -> 60 | AG20: =AE20*2 -> 24 | AH20: =AE20*8/2 -> 48 | AI20: =AE20*7/2 -> 42 | AJ20: =AE20*8/3 -> 32 | AK20: =AE20*4 -> 48 | AL20: =AE20*8 -> 96 | AM20: =AE20*7 -> 84 | AN20: =AE20*8/(AE20*8+100) -> 0.48979592 | AO20: =AE20*8/(AE20*8+100) -> 0.48979592 | AP20: 20000 | AQ20: 6000 | AR20: =AG20*K20/100/(1-U20)/(1-R20)*(1-(AP20*(1-AN20)/(AP20*(1-AN20)+VLOOKUP(A20,[1]怪物抗性与玩家穿透!$A$2:$I$74,8,0))))*(1-(AQ20*(1-AO20)/(VLOOKUP(A20,[1]怪物抗性与玩家穿透!$A$2:$I$74,9,0)+AQ20*(1-AO20)))) -> 149822.72 | AS20: =Y20*AE20/1000*2 -> 90243.157 | AT20: =佣兵培养!AB16 -> 3375293 | AU20: =佣兵培养!AE16 -> 55421.923 | AV20: 1.26 | AW20: 1.13 | AX20: 1.2 | AY20: =(MIN(AT20/(Y20+(AR20+AS20)/2*BB20),1)*AU20+K20)*AW20 -> 132555 | AZ20: =(Y20+AT20)*AX20*AV20 -> 10788762 | BA20: =AY20*AZ20^(1/3) -> 29290041 | BB20: 37
A21: 90 | B21: 24620 | C21: 670 | D21: =C21+B21 -> 25290 | E21: =装备属性设计!AB21*AA21 -> 15695.25 | F21: =(E21+$C$27*D21+D44)*(1+AL21/100) -> 37177.47 | G21: =F21/(A21*A21*3+3*A21+50+F21) -> 0.60160181 | H21: =装备属性设计!Q21*AA21 -> 41853.15 | I21: =D21*1.5*MAX($C$26:$C$29) -> 22761 | J21: 2.4 | K21: =(I21+H21)/2*(1+AK21/100)*J21 -> 117856.21 | L21: =$C$29*D21 -> 5058 | M21: =装备属性设计!D21*AA21 -> 75990 | N21: =ROUND((L21*10+M21)*(100+AF21)/100,0) -> 208841 | O21: =M21/N21 -> 0.36386533 | P21: =(装备属性设计!I21+装备属性设计!F21) -> 6894 | Q21: =(P21+E44)*AB21*(1+AH21/100) -> 36525.499 | R21: =Q21/(A21*A21*3+A21*3+50+Q21) -> 0.59735384 | S21: =装备属性设计!X21*AB21*(1+AI21/100) -> 13100.238 | T21: =装备属性设计!V21*AB21 -> 9003.6 | U21: =(S21+D21*$C$26*(1+AI21/100))/($A21*$A21*5+S21+D21*$C$26*(1+AI21/100)+24200-$A21*645) -> 0.84101714 | V21: =(T21+B21*$C$28)/($A21*$A21*5+T21+B21*$C$28+24200-$A21*645) -> 0.63291307 | W21: =(装备属性设计!Z21*战斗力成长!AB21+D21*C$27*0.2)*(1+AJ21/100) -> 2638.9729 | X21: =W21/((3*$A21*$A21+3*$A21+50)/4+W21) -> 0.30008881 | Y21: =(N21/(1-R21))/(1-U21)/(1-X21) -> 4661213.1 | Z21: =Y21/K21 -> 39.55 | AA21: 2.55 | AB21: =(AA21-1)/1.5+1 -> 2.0333333 | AC21: =B21*C$29 -> 4924 | AD21: =AC21/((A21*A21*3+A21*3+50)*2+AC21) -> 0.090909091 | AE21: 13 | AF21: =AE21*5 -> 65 | AG21: =AE21*2 -> 26 | AH21: =AE21*8/2 -> 52 | AI21: =AE21*7/2 -> 45.5 | AJ21: =AE21*8/3 -> 34.666667 | AK21: =AE21*4 -> 52 | AL21: =AE21*8 -> 104 | AM21: =AE21*7 -> 91 | AN21: =AE21*8/(AE21*8+100) -> 0.50980392 | AO21: =AE21*8/(AE21*8+100) -> 0.50980392 | AP21: 27000 | AQ21: 8000 | AR21: =AG21*K21/100/(1-U21)/(1-R21)*(1-(AP21*(1-AN21)/(AP21*(1-AN21)+VLOOKUP(A21,[1]怪物抗性与玩家穿透!$A$2:$I$74,8,0))))*(1-(AQ21*(1-AO21)/(VLOOKUP(A21,[1]怪物抗性与玩家穿透!$A$2:$I$74,9,0)+AQ21*(1-AO21)))) -> 195600.45 | AS21: =Y21*AE21/1000*2 -> 121191.54 | AT21: =佣兵培养!AB17 -> 4250447.3 | AU21: =佣兵培养!AE17 -> 72789.696 | AV21: 1.28 | AW21: 1.14 | AX21: 1.21 | AY21: =(MIN(AT21/(Y21+(AR21+AS21)/2*BB21),1)*AU21+K21)*AW21 -> 167379.92 | AZ21: =(Y21+AT21)*AX21*AV21 -> 13802380 | BA21: =AY21*AZ21^(1/3) -> 40150227 | BB21: 38
A22: 95 | B22: 27410 | C22: 705 | D22: =C22+B22 -> 28115 | E22: =装备属性设计!AB22*AA22 -> 18503.1 | F22: =(E22+$C$27*D22+D45)*(1+AL22/100) -> 45186.952 | G22: =F22/(A22*A22*3+3*A22+50+F22) -> 0.62243594 | H22: =装备属性设计!Q22*AA22 -> 49337.1 | I22: =D22*1.5*MAX($C$26:$C$29) -> 25303.5 | J22: 2.5 | K22: =(I22+H22)/2*(1+AK22/100)*J22 -> 145549.17 | L22: =$C$29*D22 -> 5623 | M22: =装备属性设计!D22*AA22 -> 88452 | N22: =ROUND((L22*10+M22)*(100+AF22)/100,0) -> 245959 | O22: =M22/N22 -> 0.35962091 | P22: =(装备属性设计!I22+装备属性设计!F22) -> 7674 | Q22: =(P22+E45)*AB22*(1+AH22/100) -> 43783.168 | R22: =Q22/(A22*A22*3+A22*3+50+Q22) -> 0.61499115 | S22: =装备属性设计!X22*AB22*(1+AI22/100) -> 16993.152 | T22: =装备属性设计!V22*AB22 -> 11404.8 | U22: =(S22+D22*$C$26*(1+AI22/100))/($A22*$A22*5+S22+D22*$C$26*(1+AI22/100)+24200-$A22*645) -> 0.83957101 | V22: =(T22+B22*$C$28)/($A22*$A22*5+T22+B22*$C$28+24200-$A22*645) -> 0.63731877 | W22: =(装备属性设计!Z22*战斗力成长!AB22+D22*C$27*0.2)*(1+AJ22/100) -> 3075.0307 | X22: =W22/((3*$A22*$A22+3*$A22+50)/4+W22) -> 0.30974779 | Y22: =(N22/(1-R22))/(1-U22)/(1-X22) -> 5769010.5 | Z22: =Y22/K22 -> 39.636162 | AA22: 2.7 | AB22: =(AA22-1)/1.5+1 -> 2.1333333 | AC22: =B22*C$29 -> 5482 | AD22: =AC22/((A22*A22*3+A22*3+50)*2+AC22) -> 0.090909091 | AE22: 14 | AF22: =AE22*5 -> 70 | AG22: =AE22*2 -> 28 | AH22: =AE22*8/2 -> 56 | AI22: =AE22*7/2 -> 49 | AJ22: =AE22*8/3 -> 37.333333 | AK22: =AE22*4 -> 56 | AL22: =AE22*8 -> 112 | AM22: =AE22*7 -> 98 | AN22: =AE22*8/(AE22*8+100) -> 0.52830189 | AO22: =AE22*8/(AE22*8+100) -> 0.52830189 | AP22: 34000 | AQ22: 10000 | AR22: =AG22*K22/100/(1-U22)/(1-R22)*(1-(AP22*(1-AN22)/(AP22*(1-AN22)+VLOOKUP(A22,[1]怪物抗性与玩家穿透!$A$2:$I$74,8,0))))*(1-(AQ22*(1-AO22)/(VLOOKUP(A22,[1]怪物抗性与玩家穿透!$A$2:$I$74,9,0)+AQ22*(1-AO22)))) -> 262141.6 | AS22: =Y22*AE22/1000*2 -> 161532.3 | AT22: =佣兵培养!AB18 -> 5148922.3 | AU22: =佣兵培养!AE18 -> 93540.932 | AV22: 1.3 | AW22: 1.15 | AX22: 1.22 | AY22: =(MIN(AT22/(Y22+(AR22+AS22)/2*BB22),1)*AU22+K22)*AW22 -> 206857.99 | AZ22: =(Y22+AT22)*AX22*AV22 -> 17315841 | BA22: =AY22*AZ22^(1/3) -> 53516393 | BB22: 39
A23: 100 | B23: 30350 | C23: 740 | D23: =C23+B23 -> 31090 | E23: =装备属性设计!AB23*AA23 -> 21625.8 | F23: =(E23+$C$27*D23+D46)*(1+AL23/100) -> 54416.56 | G23: =F23/(A23*A23*3+3*A23+50+F23) -> 0.64195787 | H23: =装备属性设计!Q23*AA23 -> 57664.05 | I23: =D23*1.5*MAX($C$26:$C$29) -> 27981 | J23: 2.6 | K23: =(I23+H23)/2*(1+AK23/100)*J23 -> 178141.7 | L23: =$C$29*D23 -> 6218 | M23: =装备属性设计!D23*AA23 -> 102942 | N23: =ROUND((L23*10+M23)*(100+AF23)/100,0) -> 288964 | O23: =M23/N23 -> 0.35624507 | P23: =(装备属性设计!I23+装备属性设计!F23) -> 8498 | Q23: =(P23+E46)*AB23*(1+AH23/100) -> 52056.32 | R23: =Q23/(A23*A23*3+A23*3+50+Q23) -> 0.63170301 | S23: =装备属性设计!X23*AB23*(1+AI23/100) -> 22001.683 | T23: =装备属性设计!V23*AB23 -> 14427.333 | U23: =(S23+D23*$C$26*(1+AI23/100))/($A23*$A23*5+S23+D23*$C$26*(1+AI23/100)+24200-$A23*645) -> 0.8387339 | V23: =(T23+B23*$C$28)/($A23*$A23*5+T23+B23*$C$28+24200-$A23*645) -> 0.64288782 | W23: =(装备属性设计!Z23*战斗力成长!AB23+D23*C$27*0.2)*(1+AJ23/100) -> 3593.8467 | X23: =W23/((3*$A23*$A23+3*$A23+50)/4+W23) -> 0.32141447 | Y23: =(N23/(1-R23))/(1-U23)/(1-X23) -> 7169649 | Z23: =Y23/K23 -> 40.246887 | AA23: 2.85 | AB23: =(AA23-1)/1.5+1 -> 2.2333333 | AC23: =B23*C$29 -> 6070 | AD23: =AC23/((A23*A23*3+A23*3+50)*2+AC23) -> 0.090909091 | AE23: 15 | AF23: =AE23*5 -> 75 | AG23: =AE23*2 -> 30 | AH23: =AE23*8/2 -> 60 | AI23: =AE23*7/2 -> 52.5 | AJ23: =AE23*8/3 -> 40 | AK23: =AE23*4 -> 60 | AL23: =AE23*8 -> 120 | AM23: =AE23*7 -> 105 | AN23: =AE23*8/(AE23*8+100) -> 0.54545455 | AO23: =AE23*8/(AE23*8+100) -> 0.54545455 | AP23: 40000 | AQ23: 12000 | AR23: =AG23*K23/100/(1-U23)/(1-R23)*(1-(AP23*(1-AN23)/(AP23*(1-AN23)+VLOOKUP(A23,[1]怪物抗性与玩家穿透!$A$2:$I$74,8,0))))*(1-(AQ23*(1-AO23)/(VLOOKUP(A23,[1]怪物抗性与玩家穿透!$A$2:$I$74,9,0)+AQ23*(1-AO23)))) -> 359746 | AS23: =Y23*AE23/1000*2 -> 215089.47 | AT23: =佣兵培养!AB19 -> 6706275.4 | AU23: =佣兵培养!AE19 -> 118880.46 | AV23: 1.32 | AW23: 1.16 | AX23: 1.23 | AY23: =(MIN(AT23/(Y23+(AR23+AS23)/2*BB23),1)*AU23+K23)*AW23 -> 256188.28 | AZ23: =(Y23+AT23)*AX23*AV23 -> 22528951 | BA23: =AY23*AZ23^(1/3) -> 72355728 | BB23: 40
AF24: 抗之差
B25: 战士 | C25: 属性比例 | D25: 副手暴击 | E25: 副手护甲 | F25: 副手法力… | G25: 越级装备 | H25: =G2 -> 暴击率 | I25: 越级收益 | R25: 护甲减伤 | S25: 越级收益 | U25: 物抗减伤 | V25: 越级收益 | W25: 闪避减伤 | X25: 越级收益 | Y25: 等级 | Z25: 越级收益之和 | AC25: 韧性越级 | AF25: =(1-V3)/(1-U3) -> 1.532197 | AO25: 80 | AP25: 19415 | AQ25: 4600 | AS25: =1/((1-(AP20*(1-AN20)/(AP20*(1-AN20)+AP25)))*(1-(AQ20*(1-AO20)/(AQ25+AQ20*(1-AO20))))) -> 2.5408238
B26: 力量 | C26: 0.6 | D26: 0 | E26: 4 | F26: 0 | G26: 10 | H26: =G3 -> 0.2563081 | I26: =H26-G3 -> 0 | R26: 0 | S26: 0 | U26: =(S3+D3*$C$26)/(($A3-G$26)*50+S3+D3*$C$26+50) -> -0.18273211 | V26: 0 | W26: =W3/((3*($A3-G$26)*($A3-G$26)+3*($A3-G$26)+50)/4+W3) -> 0.070709894 | X26: 0 | Y26: 1 | Z26: =X26+V26+S26+I26+AD26 -> 0 | AC26: =AC3/(((A3-G$26)*(A3-G$26)*3+(A3-G$26)*3+50)*2+AC3) -> 0.020618557 | AD26: 0 | AF26: =(1-V4)/(1-U4) -> 1.3436255 | AO26: 85 | AP26: 21900 | AQ26: 5500 | AS26: =1/((1-(AP21*(1-AN21)/(AP21*(1-AN21)+AP26)))*(1-(AQ21*(1-AO21)/(AQ26+AQ21*(1-AO21))))) -> 2.7482738
B27: 敏捷 | C27: 0.1 | D27: 0 | E27: 12 | F27: 0 | H27: =F4/(($A4-G$122)*($A4-G$122)*3+2*($A4-G$122)+53+F4) -> 0.27894898 | I27: =H27-G4 -> 0.033056167 | R27: =Q4/((A4-G$26)*(A4-G$26)*3+(A4-G$26)*3+50+Q4) -> 0.21985816 | S27: =R27-R4 -> 0.038571606 | U27: =(S4+D4*$C$26)/(($A4-G$26)*50+S4+D4*$C$26+50) -> -2.9735099 | V27: =U27-U4 -> -3.3063491 | W27: =W4/((3*($A4-G$26)*($A4-G$26)+3*($A4-G$26)+50)/4+W4) -> 0.21203438 | X27: =W27-X4 -> 0.037506082 | Y27: 5 | Z27: =X27+V27+S27+I27+AD27 -> -3.1752211 | AC27: =AC4/(((A4-G$26)*(A4-G$26)*3+(A4-G$26)*3+50)*2+AC4) -> 0.11290323 | AD27: =AC27-AD4 -> 0.021994135 | AF27: =(1-V5)/(1-U5) -> 1.5179639 | AO27: 90 | AP27: 24535 | AQ27: 6650 | AS27: =1/((1-(AP22*(1-AN22)/(AP22*(1-AN22)+AP27)))*(1-(AQ22*(1-AO22)/(AQ27+AQ22*(1-AO22))))) -> 2.826648
B28: 智力 | C28: 0.1 | D28: 0 | E28: 30 | F28: 0 | H28: =F5/(($A5-G$122)*($A5-G$122)*3+2*($A5-G$122)+53+F5) -> 0.66242898 | I28: =H28-G5 -> 0.44754646 | R28: =Q5/((A5-G$26)*(A5-G$26)*3+(A5-G$26)*3+50+Q5) -> 0.60831418 | S28: =R28-R5 -> 0.43863699 | U28: =(S5+D5*$C$26)/(($A5-G$26)*50+S5+D5*$C$26+50) -> 0.87941812 | V28: =U28-U5 -> 0.47404743 | W28: =W5/((3*($A5-G$26)*($A5-G$26)+3*($A5-G$26)+50)/4+W5) -> 0.6498861 | X28: =W28-X5 -> 0.45359047 | Y28: 10 | Z28: =X28+V28+S28+I28+AD28 -> 2.1547304 | AC28: =AC5/(((A5-G$26)*(A5-G$26)*3+(A5-G$26)*3+50)*2+AC5) -> 0.43181818 | AD28: =AC28-AD5 -> 0.34090909 | AF28: =(1-V6)/(1-U6) -> 1.5199961 | AO28: 95 | AP28: 27320 | AQ28: 8050 | AS28: =1/((1-(AP23*(1-AN23)/(AP23*(1-AN23)+AP28)))*(1-(AQ23*(1-AO23)/(AQ28+AQ23*(1-AO23))))) -> 2.794037
B29: 耐力 | C29: 0.2 | D29: 0 | E29: 103 | F29: 0 | H29: =F6/(($A6-G$122)*($A6-G$122)*3+2*($A6-G$122)+53+F6) -> 0.63120931 | I29: =H29-G6 -> 0.39646777 | R29: =Q6/((A6-G$26)*(A6-G$26)*3+(A6-G$26)*3+50+Q6) -> 0.60377957 | S29: =R29-R6 -> 0.38682617 | U29: =(S6+D6*$C$26)/(($A6-G$26)*50+S6+D6*$C$26+50) -> 0.67534997 | V29: =U29-U6 -> 0.22964028 | W29: =W6/((3*($A6-G$26)*($A6-G$26)+3*($A6-G$26)+50)/4+W6) -> 0.57167333 | X29: =W29-X6 -> 0.37639436 | Y29: 15 | Z29: =X29+V29+S29+I29+AD29 -> 1.6532582 | AC29: =AC6/(((A6-G$26)*(A6-G$26)*3+(A6-G$26)*3+50)*2+AC6) -> 0.35483871 | AD29: =AC29-AD6 -> 0.26392962 | AF29: =(1-V7)/(1-U7) -> 1.6264313 | AO29: 100 | AP29: 30255 | AQ29: 9700
D30: 0 | E30: 171 | F30: 0 | H30: =F7/(($A7-G$122)*($A7-G$122)*3+2*($A7-G$122)+53+F7) -> 0.55571543 | I30: =H30-G7 -> 0.29309886 | R30: =Q7/((A7-G$26)*(A7-G$26)*3+(A7-G$26)*3+50+Q7) -> 0.54707986 | S30: =R30-R7 -> 0.28761123 | U30: =(S7+D7*$C$26)/(($A7-G$26)*50+S7+D7*$C$26+50) -> 0.65815635 | V30: =U30-U7 -> 0.14169248 | W30: =W7/((3*($A7-G$26)*($A7-G$26)+3*($A7-G$26)+50)/4+W7) -> 0.45446332 | X30: =W30-X7 -> 0.25984312 | Y30: 20 | Z30: =X30+V30+S30+I30+AD30 -> 1.1476967 | AC30: =AC7/(((A7-G$26)*(A7-G$26)*3+(A7-G$26)*3+50)*2+AC7) -> 0.25636008 | AD30: =AC30-AD7 -> 0.16545099 | AF30: =(1-V8)/(1-U8) -> 1.6959975
B31: 暴击伤害 | D31: 0 | E31: 256 | F31: 0 | H31: =F8/(($A8-G$122)*($A8-G$122)*3+2*($A8-G$122)+53+F8) -> 0.47587794 | I31: =H31-G8 -> 0.21986245 | R31: =Q8/((A8-G$26)*(A8-G$26)*3+(A8-G$26)*3+50+Q8) -> 0.48610206 | S31: =R31-R8 -> 0.21914531 | U31: =(S8+D8*$C$26)/(($A8-G$26)*50+S8+D8*$C$26+50) -> 0.67122945 | V31: =U31-U8 -> 0.10079152 | W31: =W8/((3*($A8-G$26)*($A8-G$26)+3*($A8-G$26)+50)/4+W8) -> 0.39375934 | X31: =W31-X8 -> 0.19372009 | Y31: 25 | Z31: =X31+V31+S31+I31+AD31 -> 0.84879585 | AC31: =AC8/(((A8-G$26)*(A8-G$26)*3+(A8-G$26)*3+50)*2+AC8) -> 0.20618557 | AD31: =AC31-AD8 -> 0.11527648 | AF31: =(1-V9)/(1-U9) -> 1.7943966
B32: 0.8 | D32: 0 | E32: 368 | F32: 0 | H32: =F9/(($A9-G$122)*($A9-G$122)*3+2*($A9-G$122)+53+F9) -> 0.42983485 | I32: =H32-G9 -> 0.17431079 | R32: =Q9/((A9-G$26)*(A9-G$26)*3+(A9-G$26)*3+50+Q9) -> 0.45077981 | S32: =R32-R9 -> 0.17615782 | U32: =(S9+D9*$C$26)/(($A9-G$26)*50+S9+D9*$C$26+50) -> 0.69092849 | V32: =U32-U9 -> 0.069721734 | W32: =W9/((3*($A9-G$26)*($A9-G$26)+3*($A9-G$26)+50)/4+W9) -> 0.32828229 | X32: =W32-X9 -> 0.14432172 | Y32: 30 | Z32: =X32+V32+S32+I32+AD32 -> 0.6517711 | AC32: =AC9/(((A9-G$26)*(A9-G$26)*3+(A9-G$26)*3+50)*2+AC9) -> 0.17816813 | AD32: =AC32-AD9 -> 0.08725904 | AF32: =(1-V10)/(1-U10) -> 1.8687521
B33: 技能比例 | D33: 0 | E33: 676 | F33: 0 | H33: =F10/(($A10-G$122)*($A10-G$122)*3+2*($A10-G$122)+53+F10) -> 0.43631114 | I33: =H33-G10 -> 0.15072636 | R33: =Q10/((A10-G$26)*(A10-G$26)*3+(A10-G$26)*3+50+Q10) -> 0.47234526 | S33: =R33-R10 -> 0.1537966 | U33: =(S10+D10*$C$26)/(($A10-G$26)*50+S10+D10*$C$26+50) -> 0.71758785 | V33: =U33-U10 -> 0.053255542 | W33: =W10/((3*($A10-G$26)*($A10-G$26)+3*($A10-G$26)+50)/4+W10) -> 0.28679428 | X33: =W33-X10 -> 0.11325126 | Y33: 35 | Z33: =X33+V33+S33+I33+AD33 -> 0.54084245 | AC33: =AC10/(((A10-G$26)*(A10-G$26)*3+(A10-G$26)*3+50)*2+AC10) -> 0.16072178 | AD33: =AC33-AD10 -> 0.069812688 | AF33: =(1-V11)/(1-U11) -> 2.0883669
B34: =4/6 -> 0.66666667 | D34: 0 | E34: 880 | F34: 0 | H34: =F11/(($A11-G$122)*($A11-G$122)*3+2*($A11-G$122)+53+F11) -> 0.45245955 | I34: =H34-G11 -> 0.13379294 | R34: =Q11/((A11-G$26)*(A11-G$26)*3+(A11-G$26)*3+50+Q11) -> 0.49227059 | S34: =R34-R11 -> 0.13575868 | U34: =(S11+D11*$C$26)/(($A11-G$26)*50+S11+D11*$C$26+50) -> 0.73314712 | V34: =U34-U11 -> 0.036724717 | W34: =W11/((3*($A11-G$26)*($A11-G$26)+3*($A11-G$26)+50)/4+W11) -> 0.27438278 | X34: =W34-X11 -> 0.096698229 | Y34: 40 | Z34: =X34+V34+S34+I34+AD34 -> 0.46100165 | AC34: =AC11/(((A11-G$26)*(A11-G$26)*3+(A11-G$26)*3+50)*2+AC11) -> 0.14893617 | AD34: =AC34-AD11 -> 0.058027079 | AF34: =(1-V12)/(1-U12) -> 2.0398659
D35: 0 | E35: 1253 | F35: 0 | H35: =F12/(($A12-G$122)*($A12-G$122)*3+2*($A12-G$122)+53+F12) -> 0.45668501 | I35: =H35-G12 -> 0.11894927 | R35: =Q12/((A12-G$26)*(A12-G$26)*3+(A12-G$26)*3+50+Q12) -> 0.49045822 | S35: =R35-R12 -> 0.11982171 | U35: =(S12+D12*$C$26)/(($A12-G$26)*50+S12+D12*$C$26+50) -> 0.73735833 | V35: =U35-U12 -> 0.028162443 | W35: =W12/((3*($A12-G$26)*($A12-G$26)+3*($A12-G$26)+50)/4+W12) -> 0.26116293 | X35: =W35-X12 -> 0.083351819 | Y35: 45 | Z35: =X35+V35+S35+I35+AD35 -> 0.39986089 | AC35: =AC12/(((A12-G$26)*(A12-G$26)*3+(A12-G$26)*3+50)*2+AC12) -> 0.14048474 | AD35: =AC35-AD12 -> 0.049575649 | AF35: =(1-V13)/(1-U13) -> 2.1103403
D36: 0 | E36: 1401 | F36: 0 | H36: =F13/(($A13-G$122)*($A13-G$122)*3+2*($A13-G$122)+53+F13) -> 0.49092898 | I36: =H36-G13 -> 0.10904541 | R36: =Q13/((A13-G$26)*(A13-G$26)*3+(A13-G$26)*3+50+Q13) -> 0.48803 | S36: =R36-R13 -> 0.1071205 | U36: =(S13+D13*$C$26)/(($A13-G$26)*50+S13+D13*$C$26+50) -> 0.75798835 | V36: =U36-U13 -> 0.017659401 | W36: =W13/((3*($A13-G$26)*($A13-G$26)+3*($A13-G$26)+50)/4+W13) -> 0.2629544 | X36: =W36-X13 -> 0.075779065 | Y36: 50 | Z36: =X36+V36+S36+I36+AD36 -> 0.35284162 | AC36: =AC13/(((A13-G$26)*(A13-G$26)*3+(A13-G$26)*3+50)*2+AC13) -> 0.13414634 | AD36: =AC36-AD13 -> 0.043237251 | AF36: =(1-V14)/(1-U14) -> 2.1899401
D37: 0 | E37: 1981 | F37: 0 | H37: =F14/(($A14-G$122)*($A14-G$122)*3+2*($A14-G$122)+53+F14) -> 0.45871788 | I37: =H37-G14 -> 0.09678749 | R37: =Q14/((A14-G$26)*(A14-G$26)*3+(A14-G$26)*3+50+Q14) -> 0.53101026 | S37: =R37-R14 -> 0.098240128 | U37: =(S14+D14*$C$26)/(($A14-G$26)*50+S14+D14*$C$26+50) -> 0.77477066 | V37: =U37-U14 -> 0.009357008 | W37: =W14/((3*($A14-G$26)*($A14-G$26)+3*($A14-G$26)+50)/4+W14) -> 0.26334499 | X37: =W37-X14 -> 0.069217919 | Y37: 55 | Z37: =X37+V37+S37+I37+AD37 -> 0.31191866 | AC37: =AC14/(((A14-G$26)*(A14-G$26)*3+(A14-G$26)*3+50)*2+AC14) -> 0.12922521 | AD37: =AC37-AD14 -> 0.038316114 | AF37: =(1-V15)/(1-U15) -> 2.2413121
D38: 0 | E38: 2515 | F38: 0 | H38: =F15/(($A15-G$122)*($A15-G$122)*3+2*($A15-G$122)+53+F15) -> 0.50194069 | I38: =H38-G15 -> 0.090438365 | R38: =Q15/((A15-G$26)*(A15-G$26)*3+(A15-G$26)*3+50+Q15) -> 0.55662678 | S38: =R38-R15 -> 0.089557899 | U38: =(S15+D15*$C$26)/(($A15-G$26)*50+S15+D15*$C$26+50) -> 0.79350832 | V38: =U38-U15 -> 0.0033005143 | W38: =W15/((3*($A15-G$26)*($A15-G$26)+3*($A15-G$26)+50)/4+W15) -> 0.27594475 | X38: =W38-X15 -> 0.065802061 | Y38: 60 | Z38: =X38+V38+S38+I38+AD38 -> 0.28348794 | AC38: =AC15/(((A15-G$26)*(A15-G$26)*3+(A15-G$26)*3+50)*2+AC15) -> 0.12529819 | AD38: =AC38-AD15 -> 0.034389103 | AF38: =(1-V16)/(1-U16) -> 2.2856359
D39: 0 | E39: 2988 | F39: 0 | H39: =F16/(($A16-G$122)*($A16-G$122)*3+2*($A16-G$122)+53+F16) -> 0.59665779 | I39: =H39-G16 -> 0.082634647 | R39: =Q16/((A16-G$26)*(A16-G$26)*3+(A16-G$26)*3+50+Q16) -> 0.57633797 | S39: =R39-R16 -> 0.081857681 | U39: =(S16+D16*$C$26)/(($A16-G$26)*50+S16+D16*$C$26+50) -> 0.81085903 | V39: =U39-U16 -> -0.0011870295 | W39: =W16/((3*($A16-G$26)*($A16-G$26)+3*($A16-G$26)+50)/4+W16) -> 0.29683299 | X39: =W39-X16 -> 0.063978496 | Y39: 65 | Z39: =X39+V39+S39+I39+AD39 -> 0.25846883 | AC39: =AC16/(((A16-G$26)*(A16-G$26)*3+(A16-G$26)*3+50)*2+AC16) -> 0.12209412 | AD39: =AC39-AD16 -> 0.031185031 | AF39: =(1-V17)/(1-U17) -> 2.3614242
D40: 0 | E40: 3522 | F40: 0 | H40: =F17/(($A17-G$122)*($A17-G$122)*3+2*($A17-G$122)+53+F17) -> 0.60367948 | I40: =H40-G17 -> 0.07598838 | R40: =Q17/((A17-G$26)*(A17-G$26)*3+(A17-G$26)*3+50+Q17) -> 0.59217348 | S40: =R40-R17 -> 0.075130933 | U40: =(S17+D17*$C$26)/(($A17-G$26)*50+S17+D17*$C$26+50) -> 0.82256623 | V40: =U40-U17 -> -0.0052467934 | W40: =W17/((3*($A17-G$26)*($A17-G$26)+3*($A17-G$26)+50)/4+W17) -> 0.31691778 | X40: =W40-X17 -> 0.06203428 | Y40: 70 | Z40: =X40+V40+S40+I40+AD40 -> 0.23642929 | AC40: =AC17/(((A17-G$26)*(A17-G$26)*3+(A17-G$26)*3+50)*2+AC17) -> 0.11943158 | AD40: =AC40-AD17 -> 0.028522491 | AF40: =(1-V18)/(1-U18) -> 2.3913079
D41: 0 | E41: 3945 | F41: 0 | H41: =F18/(($A18-G$122)*($A18-G$122)*3+2*($A18-G$122)+53+F18) -> 0.61677259 | I41: =H41-G18 -> 0.069950226 | R41: =Q18/((A18-G$26)*(A18-G$26)*3+(A18-G$26)*3+50+Q18) -> 0.61021251 | S41: =R41-R18 -> 0.069059838 | U41: =(S18+D18*$C$26)/(($A18-G$26)*50+S18+D18*$C$26+50) -> 0.83574097 | V41: =U41-U18 -> -0.0027733264 | W41: =W18/((3*($A18-G$26)*($A18-G$26)+3*($A18-G$26)+50)/4+W18) -> 0.32841128 | X41: =W41-X18 -> 0.059194725 | Y41: 75 | Z41: =X41+V41+S41+I41+AD41 -> 0.2217072 | AC41: =AC18/(((A18-G$26)*(A18-G$26)*3+(A18-G$26)*3+50)*2+AC18) -> 0.11718483 | AD41: =AC41-AD18 -> 0.02627574 | AF41: =(1-V19)/(1-U19) -> 2.3894721
D42: 0 | E42: 4288 | F42: 0 | H42: =F19/(($A19-G$122)*($A19-G$122)*3+2*($A19-G$122)+53+F19) -> 0.62863433 | I42: =H42-G19 -> 0.064649009 | R42: =Q19/((A19-G$26)*(A19-G$26)*3+(A19-G$26)*3+50+Q19) -> 0.62474063 | S42: =R42-R19 -> 0.063746517 | U42: =(S19+D19*$C$26)/(($A19-G$26)*50+S19+D19*$C$26+50) -> 0.8482198 | V42: =U42-U19 -> 0.006404799 | W42: =W19/((3*($A19-G$26)*($A19-G$26)+3*($A19-G$26)+50)/4+W19) -> 0.33291149 | X42: =W42-X19 -> 0.055946717 | Y42: 80 | Z42: =X42+V42+S42+I42+AD42 -> 0.21510201 | AC42: =AC19/(((A19-G$26)*(A19-G$26)*3+(A19-G$26)*3+50)*2+AC19) -> 0.11526406 | AD42: =AC42-AD19 -> 0.02435497 | AF42: =(1-V20)/(1-U20) -> 2.3550972
D43: 0 | E43: 4616 | F43: 0 | H43: =F20/(($A20-G$122)*($A20-G$122)*3+2*($A20-G$122)+53+F20) -> 0.63939288 | I43: =H43-G20 -> 0.059974028 | R43: =Q20/((A20-G$26)*(A20-G$26)*3+(A20-G$26)*3+50+Q20) -> 0.63866564 | S43: =R43-R20 -> 0.058989867 | U43: =(S20+D20*$C$26)/(($A20-G$26)*50+S20+D20*$C$26+50) -> 0.8615658 | V43: =U43-U20 -> 0.019390259 | W43: =W20/((3*($A20-G$26)*($A20-G$26)+3*($A20-G$26)+50)/4+W20) -> 0.34755231 | X43: =W43-X20 -> 0.053949656 | Y43: 85 | Z43: =X43+V43+S43+I43+AD43 -> 0.21499819 | AC43: =AC20/(((A20-G$26)*(A20-G$26)*3+(A20-G$26)*3+50)*2+AC20) -> 0.11360347 | AD43: =AC43-AD20 -> 0.022694382 | AF43: =(1-V21)/(1-U21) -> 2.3089717
D44: 0 | E44: 4924 | F44: 0 | H44: =F21/(($A21-G$122)*($A21-G$122)*3+2*($A21-G$122)+53+F21) -> 0.65695637 | I44: =H44-G21 -> 0.055354561 | R44: =Q21/((A21-G$26)*(A21-G$26)*3+(A21-G$26)*3+50+Q21) -> 0.65206058 | S44: =R44-R21 -> 0.054706738 | U44: =(S21+D21*$C$26)/(($A21-G$26)*50+S21+D21*$C$26+50) -> 0.87470702 | V44: =U44-U21 -> 0.033689885 | W44: =W21/((3*($A21-G$26)*($A21-G$26)+3*($A21-G$26)+50)/4+W21) -> 0.35132562 | X44: =W44-X21 -> 0.051236809 | Y44: 90 | Z44: =X44+V44+S44+I44+AD44 -> 0.21623269 | AC44: =AC21/(((A21-G$26)*(A21-G$26)*3+(A21-G$26)*3+50)*2+AC21) -> 0.11215379 | AD44: =AC44-AD21 -> 0.021244699 | AF44: =(1-V22)/(1-U22) -> 2.2606963
D45: 0 | E45: 5482 | F45: 0 | H45: =F22/(($A22-G$122)*($A22-G$122)*3+2*($A22-G$122)+53+F22) -> 0.67357806 | I45: =H45-G22 -> 0.051142123 | R45: =Q22/((A22-G$26)*(A22-G$26)*3+(A22-G$26)*3+50+Q22) -> 0.66577036 | S45: =R45-R22 -> 0.050779213 | U45: =(S22+D22*$C$26)/(($A22-G$26)*50+S22+D22*$C$26+50) -> 0.88732292 | V45: =U45-U22 -> 0.047751911 | W45: =W22/((3*($A22-G$26)*($A22-G$26)+3*($A22-G$26)+50)/4+W22) -> 0.3588121 | X45: =W45-X22 -> 0.049064308 | Y45: 95 | Z45: =X45+V45+S45+I45+AD45 -> 0.21870586 | AC45: =AC22/(((A22-G$26)*(A22-G$26)*3+(A22-G$26)*3+50)*2+AC22) -> 0.11087739 | AD45: =AC45-AD22 -> 0.019968301 | AF45: =(1-V23)/(1-U23) -> 2.2144281
D46: 0 | E46: 6070 | F46: 0 | H46: =F23/(($A23-G$122)*($A23-G$122)*3+2*($A23-G$122)+53+F23) -> 0.68925729 | I46: =H46-G23 -> 0.047299426
A49: 猎人
A50: 等级 | B50: 装备属性 | C50: 人物属性 | D50: 总属性 | E50: 属性暴击 | F50: 总暴击 | G50: 暴击率 | H50: 武器伤害 | I50: 属性攻击力 | J50: 技能倍数 | K50: 总输出 | L50: 耐力值 | M50: 腰带加血 | N50: 生命总值 | O50: 腰带占生命比 | P50: 护甲增值 | Q50: 总护甲 | R50: 护甲减伤 | S50: 物抗 | T50: 魔抗 | U50: 物抗减伤 | V50: 魔抗减伤 | W50: 闪避 | X50: 闪避减伤 | Y50: 有效生命 | Z50: 战斗回合数 | AA50: 强化系数 | AB50: 护甲强化系数 | AC50: =AC2 -> 韧性 | AD50: =AD2 -> 韧性减免 | AE50: =AE2 -> 神器星级 | AF50: =AF2 -> 神器生命 | AG50: =AG2 -> 神器吸血 | AH50: =AH2 -> 神器护甲 | AI50: =AI2 -> 神器物抗 | AJ50: 神器闪避 | AK50: 神器伤害 | AL50: 神器暴击 | AM50: 神器暴伤 | AN50: =AN2 -> 护甲穿透 | AO50: =AO2 -> 抗性穿透 | AP50: =AP2 -> BOSS护甲 | AQ50: =AQ2 -> BOSS抗性 | AR50: 吸血EHP/回合 | AS50: 回血EHP/回合 | AT50: =AT2 -> 佣兵EHP | AU50: =AU2 -> 佣兵DPS | AV50: =AV2 -> 佣兵辅助加成 | AW50: =AW2 -> 佣兵光环DPS | AX50: =AX2 -> 佣兵光环EHP | AY50: =AY2 -> 合计DPS | AZ50: =AZ2 -> 合计EHP
A51: 1 | B51: =B3 -> 56 | C51: 47 | D51: =C51+B51 -> 103 | E51: =E3 -> 9 | F51: =(E51+$C$75*D51+D74)*(1+AL3/100) -> 74.8 | G51: =F51/(A51*A51*3+3*A51+50+F51) -> 0.57186544 | H51: =H3 -> 8 | I51: =D51*1.5*MAX($C$26:$C$29) -> 92.7 | J51: 2 | K51: =(I51+H51)/2*(1+AK51/100)*(1+G51*(B$80+AM51/100))*J51 -> 146.76948 | L51: =$C$29*D51 -> 20.6 | M51: =M3 -> 100 | N51: =ROUND((L51*10+M51)*(100+AF51)/100,0) -> 306 | O51: =M51/N51 -> 0.32679739 | P51: =P3 -> 6 | Q51: =(P51+E74)*AA51*(1+AH51/100) -> 6 | R51: =Q51/(A51*A51*3+A51*3+50+Q51) -> 0.096774194 | S51: =S3 -> 0 | T51: =T3 -> 0 | U51: =(S51+D51*C$74)/($A51*50+S51+D51*C$74+50) -> 0.093381686 | V51: =(T51+B51*C$76)/($A51*50+T51+B51*C$76+50) -> 0.053030303 | W51: =(装备属性设计!Z3*战斗力成长!AB3+D3*C$75*0.2)*(1+AJ3/100) -> 15.36 | X51: =W51/((3*$A51*$A51+3*$A51+50)/4+W51) -> 0.52316076 | Y51: =(N51/(1-R51))/(1-U51)/(1-X51) -> 783.66169 | Z51: =Y51/K51 -> 5.339405 | AA51: =AA3 -> 1 | AB51: =(AA51-1)/1.5+1 -> 1 | AC51: =AC3 -> 11.2 | AD51: =AD3 -> 0.090909091 | AE51: =AE3 -> 0 | AF51: =AF3 -> 0 | AG51: =AG3 -> 0 | AH51: =AH3 -> 0 | AI51: =AI3 -> 0 | AJ51: =AE51*8 -> 0 | AK51: =AE51*4 -> 0 | AL51: =AE51*8 -> 0 | AM51: =AE51*7*1.3 -> 0 | AN51: =AN3 -> 0 | AO51: =AO3 -> 0 | AP51: =AP3 -> 0 | AQ51: =AQ3 -> 0 | AR51: =AG51*K51/100/(1-X51)/(1-U51)/(1-R51) -> 0 | AS51: =Y51*AE51/1000*2 -> 0 | AT51: =AT3 -> 1 | AU51: =AU3 -> 0 | AV51: =AV3 -> 1 | AW51: =AW3 -> 1 | AX51: =AX3 -> 1 | AY51: =(MIN(AT51/(Y51+(AR51+AS51)/2*BB51),1)*AU51+K51)*AW51 -> 146.76948 | AZ51: =(Y51+AT51+(AR51+AS51)*BB51)*AX51*AV51 -> 784.66169 | BA51: =AY51*AZ51^(1/3) -> 1353.7233 | BB51: 10
A52: 5 | B52: =B4 -> 140 | C52: 75 | D52: =C52+B52 -> 215 | E52: =E4 -> 24.15 | F52: =(E52+$C$75*D52+D75)*(1+AL4/100) -> 165.15 | G52: =F52/(A52*A52*3+2*A52+53+F52) -> 0.54477981 | H52: =H4 -> 31.5 | I52: =D52*1.5*MAX($C$26:$C$29) -> 193.5 | J52: 2 | K52: =(I52+H52)/2*(1+AK52/100)*(1+G52*(B$80+AM52/100))*J52 -> 323.06037 | L52: =$C$29*D52 -> 43 | M52: =M4 -> 252 | N52: =ROUND((L52*10+M52)*(100+AF52)/100,0) -> 682 | O52: =M52/N52 -> 0.36950147 | P52: =P4 -> 18 | Q52: =(P52+E75)*AA52*(1+AH52/100) -> 18.9 | R52: =Q52/(A52*A52*3+A52*3+50+Q52) -> 0.11894273 | S52: =S4 -> 20.666667 | T52: =T4 -> 20.666667 | U52: =(S52+D52*C$74)/($A52*50+S52+D52*C$74+50) -> 0.12323429 | V52: =(T52+B52*C$76)/($A52*50+T52+B52*C$76+50) -> 0.10358566 | W52: =(装备属性设计!Z4*战斗力成长!AB4+D4*C$75*0.2)*(1+AJ4/100) -> 28.9 | X52: =W52/((3*$A52*$A52+3*$A52+50)/4+W52) -> 0.45226917 | Y52: =(N52/(1-R52))/(1-U52)/(1-X52) -> 1611.8681 | Z52: =Y52/K52 -> 4.9893712 | AA52: =AA4 -> 1.05 | AB52: =(AA52-1)/1.5+1 -> 1.0333333 | AC52: =AC4 -> 28 | AD52: =AD4 -> 0.090909091 | AE52: =AE4 -> 0 | AF52: =AF4 -> 0 | AG52: =AG4 -> 0 | AH52: =AH4 -> 0 | AI52: =AI4 -> 0 | AJ52: =AE52*8 -> 0 | AK52: =AE52*4 -> 0 | AL52: =AE52*8 -> 0 | AM52: =AE52*7*1.3 -> 0 | AN52: =AN4 -> 0 | AO52: =AO4 -> 0 | AP52: =AP4 -> 0 | AQ52: =AQ4 -> 0 | AR52: =AG52*K52/100/(1-X52)/(1-U52)/(1-R52) -> 0 | AS52: =Y52*AE52/1000*2 -> 0 | AT52: =AT4 -> 1 | AU52: =AU4 -> 0 | AV52: =AV4 -> 1 | AW52: =AW4 -> 1 | AX52: =AX4 -> 1 | AY52: =(MIN(AT52/(Y52+(AR52+AS52)/2*BB52),1)*AU52+K52)*AW52 -> 323.06037 | AZ52: =(Y52+AT52+(AR52+AS52)*BB52)*AX52*AV52 -> 1612.8681 | BA52: =AY52*AZ52^(1/3) -> 3788.6396 | BB52: 12
A53: 10 | B53: =B5 -> 380 | C53: 110 | D53: =C53+B53 -> 490 | E53: =E5 -> 47.3 | F53: =(E53+$C$75*D53+D76)*(1+AL5/100) -> 401.004 | G53: =F53/(A53*A53*3+2*A53+53+F53) -> 0.51809035 | H53: =H5 -> 105.6 | I53: =D53*1.5*MAX($C$26:$C$29) -> 441 | J53: 2 | K53: =(I53+H53)/2*(1+AK53/100)*(1+G53*(B$80+AM53/100))*J53 -> 830.8775 | L53: =$C$29*D53 -> 98 | M53: =M5 -> 528 | N53: =ROUND((L53*10+M53)*(100+AF53)/100,0) -> 1583 | O53: =M53/N53 -> 0.3335439 | P53: =P5 -> 40 | Q53: =(P53+E76)*AA53*(1+AH53/100) -> 45.76 | R53: =Q53/(A53*A53*3+A53*3+50+Q53) -> 0.10747839 | S53: =S5 -> 70.656 | T53: =T5 -> 21.333333 | U53: =(S53+D53*C$74)/($A53*50+S53+D53*C$74+50) -> 0.17868279 | V53: =(T53+B53*C$76)/($A53*50+T53+B53*C$76+50) -> 0.097374179 | W53: =(装备属性设计!Z5*战斗力成长!AB5+D5*C$75*0.2)*(1+AJ5/100) -> 73.509333 | X53: =W53/((3*$A53*$A53+3*$A53+50)/4+W53) -> 0.43623301 | Y53: =(N53/(1-R53))/(1-U53)/(1-X53) -> 3830.4659 | Z53: =Y53/K53 -> 4.6101452 | AA53: =AA5 -> 1.1 | AB53: =(AA53-1)/1.5+1 -> 1.0666667 | AC53: =AC5 -> 76 | AD53: =AD5 -> 0.090909091 | AE53: =AE5 -> 1 | AF53: =AF5 -> 5 | AG53: =AG5 -> 2 | AH53: =AH5 -> 4 | AI53: =AI5 -> 3.5 | AJ53: =AE53*8 -> 8 | AK53: =AE53*4 -> 4 | AL53: =AE53*8 -> 8 | AM53: =AE53*7*1.3 -> 9.1 | AN53: =AN5 -> 0.074074074 | AO53: =AO5 -> 0.074074074 | AP53: =AP5 -> 0 | AQ53: =AQ5 -> 0 | AR53: =AG53*K53/100/(1-X53)/(1-U53)/(1-R53) -> 40.210334 | AS53: =Y53*AE53/1000*2 -> 7.6609319 | AT53: =AT5 -> 1 | AU53: =AU5 -> 0 | AV53: =AV5 -> 1 | AW53: =AW5 -> 1 | AX53: =AX5 -> 1 | AY53: =(MIN(AT53/(Y53+(AR53+AS53)/2*BB53),1)*AU53+K53)*AW53 -> 830.8775 | AZ53: =(Y53+AT53+(AR53+AS53)*BB53)*AX53*AV53 -> 4501.6637 | BA53: =AY53*AZ53^(1/3) -> 13719.176 | BB53: 14
A54: 15 | B54: =B6 -> 770 | C54: 145 | D54: =C54+B54 -> 915 | E54: =E6 -> 127.2 | F54: =(E54+$C$75*D54+D77)*(1+AL6/100) -> 841.536 | G54: =F54/(A54*A54*3+2*A54+53+F54) -> 0.52611257 | H54: =H6 -> 187.2 | I54: =D54*1.5*MAX($C$26:$C$29) -> 823.5 | J54: 2 | K54: =(I54+H54)/2*(1+AK54/100)*(1+G54*(B$80+AM54/100))*J54 -> 1543.8614 | L54: =$C$29*D54 -> 183 | M54: =M6 -> 1392 | N54: =ROUND((L54*10+M54)*(100+AF54)/100,0) -> 3383 | O54: =M54/N54 -> 0.41146911 | P54: =P6 -> 78 | Q54: =(P54+E77)*AA54*(1+AH54/100) -> 97.344 | R54: =Q54/(A54*A54*3+A54*3+50+Q54) -> 0.11223229 | S54: =S6 -> 75.072 | T54: =T6 -> 72.533333 | U54: =(S54+D54*C$74)/($A54*50+S54+D54*C$74+50) -> 0.17233274 | V54: =(T54+B54*C$76)/($A54*50+T54+B54*C$76+50) -> 0.15748087 | W54: =(装备属性设计!Z6*战斗力成长!AB6+D6*C$75*0.2)*(1+AJ6/100) -> 140.65333 | X54: =W54/((3*$A54*$A54+3*$A54+50)/4+W54) -> 0.42218798 | Y54: =(N54/(1-R54))/(1-U54)/(1-X54) -> 7968.2014 | Z54: =Y54/K54 -> 5.1612156 | AA54: =AA6 -> 1.2 | AB54: =(AA54-1)/1.5+1 -> 1.1333333 | AC54: =AC6 -> 154 | AD54: =AD6 -> 0.090909091 | AE54: =AE6 -> 1 | AF54: =AF6 -> 5 | AG54: =AG6 -> 2 | AH54: =AH6 -> 4 | AI54: =AI6 -> 3.5 | AJ54: =AE54*8 -> 8 | AK54: =AE54*4 -> 4 | AL54: =AE54*8 -> 8 | AM54: =AE54*7*1.3 -> 9.1 | AN54: =AN6 -> 0.074074074 | AO54: =AO6 -> 0.074074074 | AP54: =AP6 -> 0 | AQ54: =AQ6 -> 0 | AR54: =AG54*K54/100/(1-X54)/(1-U54)/(1-R54) -> 72.727156 | AS54: =Y54*AE54/1000*2 -> 15.936403 | AT54: =AT6 -> 3644.0643 | AU54: =AU6 -> 329.05 | AV54: =AV6 -> 1.1 | AW54: =AW6 -> 1 | AX54: =AX6 -> 1 | AY54: =(MIN(AT54/(Y54+(AR54+AS54)/2*BB54),1)*AU54+K54)*AW54 -> 1682.0438 | AZ54: =(Y54+AT54+(AR54+AS54)*BB54)*AX54*AV54 -> 14333.971 | BA54: =AY54*AZ54^(1/3) -> 40859.478 | BB54: 16
A55: 20 | B55: =B7 -> 1310 | C55: 180 | D55: =C55+B55 -> 1490 | E55: =E7 -> 253.2 | F55: =(E55+$C$75*D55+D78)*(1+AL7/100) -> 1529.112 | G55: =F55/(A55*A55*3+2*A55+53+F55) -> 0.5418325 | H55: =H7 -> 405.6 | I55: =D55*1.5*MAX($C$26:$C$29) -> 1341 | J55: 2 | K55: =(I55+H55)/2*(1+AK55/100)*(1+G55*(B$80+AM55/100))*J55 -> 2890.0045 | L55: =$C$29*D55 -> 298 | M55: =M7 -> 2544 | N55: =ROUND((L55*10+M55)*(100+AF55)/100,0) -> 6076 | O55: =M55/N55 -> 0.41869651 | P55: =P7 -> 204 | Q55: =(P55+E78)*AA55*(1+AH55/100) -> 264.384 | R55: =Q55/(A55*A55*3+A55*3+50+Q55) -> 0.16792854 | S55: =S7 -> 164.92267 | T55: =T7 -> 154.13333 | U55: =(S55+D55*C$74)/($A55*50+S55+D55*C$74+50) -> 0.23016163 | V55: =(T55+B55*C$76)/($A55*50+T55+B55*C$76+50) -> 0.21356169 | W55: =(装备属性设计!Z7*战斗力成长!AB7+D7*C$75*0.2)*(1+AJ7/100) -> 236.08711 | X55: =W55/((3*$A55*$A55+3*$A55+50)/4+W55) -> 0.41890083 | Y55: =(N55/(1-R55))/(1-U55)/(1-X55) -> 16323.276 | Z55: =Y55/K55 -> 5.6481837 | AA55: =AA7 -> 1.2 | AB55: =(AA55-1)/1.5+1 -> 1.1333333 | AC55: =AC7 -> 262 | AD55: =AD7 -> 0.090909091 | AE55: =AE7 -> 2 | AF55: =AF7 -> 10 | AG55: =AG7 -> 4 | AH55: =AH7 -> 8 | AI55: =AI7 -> 7 | AJ55: =AE55*8 -> 16 | AK55: =AE55*4 -> 8 | AL55: =AE55*8 -> 16 | AM55: =AE55*7*1.3 -> 18.2 | AN55: =AN7 -> 0.13793103 | AO55: =AO7 -> 0.13793103 | AP55: =AP7 -> 0 | AQ55: =AQ7 -> 0 | AR55: =AG55*K55/100/(1-X55)/(1-U55)/(1-R55) -> 310.56183 | AS55: =Y55*AE55/1000*2 -> 65.293105 | AT55: =AT7 -> 10236.558 | AU55: =AU7 -> 745.4934 | AV55: =AV7 -> 1.1 | AW55: =AW7 -> 1.03 | AX55: =AX7 -> 1.05 | AY55: =(MIN(AT55/(Y55+(AR55+AS55)/2*BB55),1)*AU55+K55)*AW55 -> 3375.5799 | AZ55: =(Y55+AT55+(AR55+AS55)*BB55)*AX55*AV55 -> 38490.632 | BA55: =AY55*AZ55^(1/3) -> 113972.5 | BB55: 18
A56: 25 | B56: =B8 -> 2000 | C56: 215 | D56: =C56+B56 -> 2215 | E56: =E8 -> 371.8 | F56: =(E56+$C$75*D56+D79)*(1+AL8/100) -> 2269.888 | G56: =F56/(A56*A56*3+2*A56+53+F56) -> 0.53435684 | H56: =H8 -> 690.3 | I56: =D56*1.5*MAX($C$26:$C$29) -> 1993.5 | J56: 2 | K56: =(I56+H56)/2*(1+AK56/100)*(1+G56*(B$80+AM56/100))*J56 -> 4419.4604 | L56: =$C$29*D56 -> 443 | M56: =M8 -> 4368 | N56: =ROUND((L56*10+M56)*(100+AF56)/100,0) -> 9678 | O56: =M56/N56 -> 0.45133292 | P56: =P8 -> 306 | Q56: =(P56+E79)*AA56*(1+AH56/100) -> 429.624 | R56: =Q56/(A56*A56*3+A56*3+50+Q56) -> 0.17682736 | S56: =S8 -> 304.308 | T56: =T8 -> 284.4 | U56: =(S56+D56*C$74)/($A56*50+S56+D56*C$74+50) -> 0.28798647 | V56: =(T56+B56*C$76)/($A56*50+T56+B56*C$76+50) -> 0.2714638 | W56: =(装备属性设计!Z8*战斗力成长!AB8+D8*C$75*0.2)*(1+AJ8/100) -> 358.344 | X56: =W56/((3*$A56*$A56+3*$A56+50)/4+W56) -> 0.41748297 | Y56: =(N56/(1-R56))/(1-U56)/(1-X56) -> 28346.394 | Z56: =Y56/K56 -> 6.4139943 | AA56: =AA8 -> 1.3 | AB56: =(AA56-1)/1.5+1 -> 1.2 | AC56: =AC8 -> 400 | AD56: =AD8 -> 0.090909091 | AE56: =AE8 -> 2 | AF56: =AF8 -> 10 | AG56: =AG8 -> 4 | AH56: =AH8 -> 8 | AI56: =AI8 -> 7 | AJ56: =AE56*8 -> 16 | AK56: =AE56*4 -> 8 | AL56: =AE56*8 -> 16 | AM56: =AE56*7*1.3 -> 18.2 | AN56: =AN8 -> 0.13793103 | AO56: =AO8 -> 0.13793103 | AP56: =AP8 -> 0 | AQ56: =AQ8 -> 0 | AR56: =AG56*K56/100/(1-X56)/(1-U56)/(1-R56) -> 517.77543 | AS56: =Y56*AE56/1000*2 -> 113.38558 | AT56: =AT8 -> 22668.779 | AU56: =AU8 -> 1252.0391 | AV56: =AV8 -> 1.1 | AW56: =AW8 -> 1.03 | AX56: =AX8 -> 1.05 | AY56: =(MIN(AT56/(Y56+(AR56+AS56)/2*BB56),1)*AU56+K56)*AW56 -> 5395.5338 | AZ56: =(Y56+AT56+(AR56+AS56)*BB56)*AX56*AV56 -> 73502.344 | BA56: =AY56*AZ56^(1/3) -> 226013.72 | BB56: 20
A57: 30 | B57: =B9 -> 2840 | C57: 250 | D57: =C57+B57 -> 3090 | E57: =E9 -> 477.1 | F57: =(E57+$C$75*D57+D80)*(1+AL9/100) -> 3346.884 | G57: =F57/(A57*A57*3+2*A57+53+F57) -> 0.54333556 | H57: =H9 -> 1072.5 | I57: =D57*1.5*MAX($C$26:$C$29) -> 2781 | J57: 2 | K57: =(I57+H57)/2*(1+AK57/100)*(1+G57*(B$80+AM57/100))*J57 -> 6832.0973 | L57: =$C$29*D57 -> 618 | M57: =M9 -> 4368 | N57: =ROUND((L57*10+M57)*(100+AF57)/100,0) -> 12130 | O57: =M57/N57 -> 0.36009893 | P57: =P9 -> 432 | Q57: =(P57+E80)*AA57*(1+AH57/100) -> 628.992 | R57: =Q57/(A57*A57*3+A57*3+50+Q57) -> 0.18131838 | S57: =S9 -> 493.272 | T57: =T9 -> 446.4 | U57: =(S57+D57*C$74)/($A57*50+S57+D57*C$74+50) -> 0.3410626 | V57: =(T57+B57*C$76)/($A57*50+T57+B57*C$76+50) -> 0.32029469 | W57: =(装备属性设计!Z9*战斗力成长!AB9+D9*C$75*0.2)*(1+AJ9/100) -> 493.776 | X57: =W57/((3*$A57*$A57+3*$A57+50)/4+W57) -> 0.41018927 | Y57: =(N57/(1-R57))/(1-U57)/(1-X57) -> 38123.164 | Z57: =Y57/K57 -> 5.5800089 | AA57: =AA9 -> 1.3 | AB57: =(AA57-1)/1.5+1 -> 1.2 | AC57: =AC9 -> 568 | AD57: =AD9 -> 0.090909091 | AE57: =AE9 -> 3 | AF57: =AF9 -> 15 | AG57: =AG9 -> 6 | AH57: =AH9 -> 12 | AI57: =AI9 -> 10.5 | AJ57: =AE57*8 -> 24 | AK57: =AE57*4 -> 12 | AL57: =AE57*8 -> 24 | AM57: =AE57*7*1.3 -> 27.3 | AN57: =AN9 -> 0.19354839 | AO57: =AO9 -> 0.19354839 | AP57: =AP9 -> 20 | AQ57: =AQ9 -> 0 | AR57: =AG57*K57/100/(1-U57)/(1-R57)*(1-(AP57*(1-AN57)/(AP57*(1-AN57)+VLOOKUP(A57,[1]怪物抗性与玩家穿透!$A$2:$I$74,8,0))))*(1-(AQ57*(1-AO57)/(VLOOKUP(A57,[1]怪物抗性与玩家穿透!$A$2:$I$74,9,0)+AQ57*(1-AO57)))) -> 755.55281 | AS57: =Y57*AE57/1000*2 -> 228.73898 | AT57: =AT9 -> 43754.725 | AU57: =AU9 -> 1893.8499 | AV57: =AV9 -> 1.1 | AW57: =AW9 -> 1.06 | AX57: =AX9 -> 1.05 | AY57: =(MIN(AT57/(Y57+(AR57+AS57)/2*BB57),1)*AU57+K57)*AW57 -> 9036.4277 | AZ57: =(Y57+AT57+(AR57+AS57)*BB57)*AX57*AV57 -> 119579.82 | BA57: =AY57*AZ57^(1/3) -> 445194.11 | BB57: 22
A58: 35 | B58: =B10 -> 3830 | C58: 285 | D58: =C58+B58 -> 4115 | E58: =E10 -> 823.2 | F58: =(E58+$C$75*D58+D81)*(1+AL10/100) -> 4920.568 | G58: =F58/(A58*A58*3+2*A58+53+F58) -> 0.564378 | H58: =H10 -> 1860.6 | I58: =D58*1.5*MAX($C$26:$C$29) -> 3703.5 | J58: 2 | K58: =(I58+H58)/2*(1+AK58/100)*(1+G58*(B$80+AM58/100))*J58 -> 10005.626 | L58: =$C$29*D58 -> 823 | M58: =M10 -> 6860 | N58: =ROUND((L58*10+M58)*(100+AF58)/100,0) -> 17354 | O58: =M58/N58 -> 0.39529791 | P58: =P10 -> 586 | Q58: =(P58+E81)*AA58*(1+AH58/100) -> 918.848 | R58: =Q58/(A58*A58*3+A58*3+50+Q58) -> 0.19348861 | S58: =S10 -> 834.20133 | T58: =T10 -> 686.53333 | U58: =(S58+D58*C$74)/($A58*50+S58+D58*C$74+50) -> 0.40900312 | V58: =(T58+B58*C$76)/($A58*50+T58+B58*C$76+50) -> 0.3727203 | W58: =(装备属性设计!Z10*战斗力成长!AB10+D10*C$75*0.2)*(1+AJ10/100) -> 645.48 | X58: =W58/((3*$A58*$A58+3*$A58+50)/4+W58) -> 0.40267502 | Y58: =(N58/(1-R58))/(1-U58)/(1-X58) -> 60952.738 | Z58: =Y58/K58 -> 6.0918467 | AA58: =AA10 -> 1.4 | AB58: =(AA58-1)/1.5+1 -> 1.2666667 | AC58: =AC10 -> 766 | AD58: =AD10 -> 0.090909091 | AE58: =AE10 -> 3 | AF58: =AF10 -> 15 | AG58: =AG10 -> 6 | AH58: =AH10 -> 12 | AI58: =AI10 -> 10.5 | AJ58: =AE58*8 -> 24 | AK58: =AE58*4 -> 12 | AL58: =AE58*8 -> 24 | AM58: =AE58*7*1.3 -> 27.3 | AN58: =AN10 -> 0.19354839 | AO58: =AO10 -> 0.19354839 | AP58: =AP10 -> 170 | AQ58: =AQ10 -> 40 | AR58: =AG58*K58/100/(1-U58)/(1-R58)*(1-(AP58*(1-AN58)/(AP58*(1-AN58)+VLOOKUP(A58,[1]怪物抗性与玩家穿透!$A$2:$I$74,8,0))))*(1-(AQ58*(1-AO58)/(VLOOKUP(A58,[1]怪物抗性与玩家穿透!$A$2:$I$74,9,0)+AQ58*(1-AO58)))) -> 1194.2443 | AS58: =Y58*AE58/1000*2 -> 365.71643 | AT58: =AT10 -> 77274.35 | AU58: =AU10 -> 2779.434 | AV58: =AV10 -> 1.1 | AW58: =AW10 -> 1.06 | AX58: =AX10 -> 1.1 | AY58: =(MIN(AT58/(Y58+(AR58+AS58)/2*BB58),1)*AU58+K58)*AW58 -> 13463.491 | AZ58: =(Y58+AT58+(AR58+AS58)*BB58)*AX58*AV58 -> 212556.04 | BA58: =AY58*AZ58^(1/3) -> 803493.11 | BB58: 24
A59: 40 | B59: =B11 -> 4970 | C59: 320 | D59: =C59+B59 -> 5290 | E59: =E11 -> 1232 | F59: =(E59+$C$75*D59+D82)*(1+AL11/100) -> 6977.52 | G59: =F59/(A59*A59*3+2*A59+53+F59) -> 0.58582833 | H59: =H11 -> 2814 | I59: =D59*1.5*MAX($C$26:$C$29) -> 4761 | J59: 2 | K59: =(I59+H59)/2*(1+AK59/100)*(1+G59*(B$80+AM59/100))*J59 -> 14778.892 | L59: =$C$29*D59 -> 1058 | M59: =M11 -> 9408 | N59: =ROUND((L59*10+M59)*(100+AF59)/100,0) -> 23986 | O59: =M59/N59 -> 0.3922288 | P59: =P11 -> 994 | Q59: =(P59+E82)*AA59*(1+AH59/100) -> 1614.256 | R59: =Q59/(A59*A59*3+A59*3+50+Q59) -> 0.24516908 | S59: =S11 -> 1084.444 | T59: =T11 -> 686.53333 | U59: =(S59+D59*C$74)/($A59*50+S59+D59*C$74+50) -> 0.44041727 | V59: =(T59+B59*C$76)/($A59*50+T59+B59*C$76+50) -> 0.3660186 | W59: =(装备属性设计!Z11*战斗力成长!AB11+D11*C$75*0.2)*(1+AJ11/100) -> 853.904 | X59: =W59/((3*$A59*$A59+3*$A59+50)/4+W59) -> 0.40731844 | Y59: =(N59/(1-R59))/(1-U59)/(1-X59) -> 95812.556 | Z59: =Y59/K59 -> 6.4830676 | AA59: =AA11 -> 1.4 | AB59: =(AA59-1)/1.5+1 -> 1.2666667 | AC59: =AC11 -> 994 | AD59: =AD11 -> 0.090909091 | AE59: =AE11 -> 4 | AF59: =AF11 -> 20 | AG59: =AG11 -> 8 | AH59: =AH11 -> 16 | AI59: =AI11 -> 14 | AJ59: =AE59*8 -> 32 | AK59: =AE59*4 -> 16 | AL59: =AE59*8 -> 32 | AM59: =AE59*7*1.3 -> 36.4 | AN59: =AN11 -> 0.24242424 | AO59: =AO11 -> 0.24242424 | AP59: =AP11 -> 320 | AQ59: =AQ11 -> 90 | AR59: =AG59*K59/100/(1-U59)/(1-R59)*(1-(AP59*(1-AN59)/(AP59*(1-AN59)+VLOOKUP(A59,[1]怪物抗性与玩家穿透!$A$2:$I$74,8,0))))*(1-(AQ59*(1-AO59)/(VLOOKUP(A59,[1]怪物抗性与玩家穿透!$A$2:$I$74,9,0)+AQ59*(1-AO59)))) -> 2582.1526 | AS59: =Y59*AE59/1000*2 -> 766.50045 | AT59: =AT11 -> 128760.47 | AU59: =AU11 -> 3885.2451 | AV59: =AV11 -> 1.1 | AW59: =AW11 -> 1.06 | AX59: =AX11 -> 1.11 | AY59: =(MIN(AT59/(Y59+(AR59+AS59)/2*BB59),1)*AU59+K59)*AW59 -> 19471.157 | AZ59: =(Y59+AT59+(AR59+AS59)*BB59)*AX59*AV59 -> 380510 | BA59: =AY59*AZ59^(1/3) -> 1410957 | BB59: 26
A60: 45 | B60: =B12 -> 6260 | C60: 355 | D60: =C60+B60 -> 6615 | E60: =E12 -> 1757 | F60: =(E60+$C$75*D60+D83)*(1+AL12/100) -> 9212.28 | G60: =F60/(A60*A60*3+2*A60+53+F60) -> 0.59702611 | H60: =H12 -> 3588.2 | I60: =D60*1.5*MAX($C$26:$C$29) -> 5953.5 | J60: 2 | K60: =(I60+H60)/2*(1+AK60/100)*(1+G60*(B$80+AM60/100))*J60 -> 18760.209 | L60: =$C$29*D60 -> 1323 | M60: =M12 -> 12376 | N60: =ROUND((L60*10+M60)*(100+AF60)/100,0) -> 30727 | O60: =M60/N60 -> 0.40277281 | P60: =P12 -> 1256 | Q60: =(P60+E83)*AA60*(1+AH60/100) -> 2039.744 | R60: =Q60/(A60*A60*3+A60*3+50+Q60) -> 0.24575987 | S60: =S12 -> 1084.444 | T60: =T12 -> 951.26667 | U60: =(S60+D60*C$74)/($A60*50+S60+D60*C$74+50) -> 0.43152945 | V60: =(T60+B60*C$76)/($A60*50+T60+B60*C$76+50) -> 0.4067986 | W60: =(装备属性设计!Z12*战斗力成长!AB12+D12*C$75*0.2)*(1+AJ12/100) -> 1070.5156 | X60: =W60/((3*$A60*$A60+3*$A60+50)/4+W60) -> 0.40618829 | Y60: =(N60/(1-R60))/(1-U60)/(1-X60) -> 120685.14 | Z60: =Y60/K60 -> 6.4330383 | AA60: =AA12 -> 1.4 | AB60: =(AA60-1)/1.5+1 -> 1.2666667 | AC60: =AC12 -> 1252 | AD60: =AD12 -> 0.090909091 | AE60: =AE12 -> 4 | AF60: =AF12 -> 20 | AG60: =AG12 -> 8 | AH60: =AH12 -> 16 | AI60: =AI12 -> 14 | AJ60: =AE60*8 -> 32 | AK60: =AE60*4 -> 16 | AL60: =AE60*8 -> 32 | AM60: =AE60*7*1.3 -> 36.4 | AN60: =AN12 -> 0.24242424 | AO60: =AO12 -> 0.24242424 | AP60: =AP12 -> 470 | AQ60: =AQ12 -> 140 | AR60: =AG60*K60/100/(1-U60)/(1-R60)*(1-(AP60*(1-AN60)/(AP60*(1-AN60)+VLOOKUP(A60,[1]怪物抗性与玩家穿透!$A$2:$I$74,8,0))))*(1-(AQ60*(1-AO60)/(VLOOKUP(A60,[1]怪物抗性与玩家穿透!$A$2:$I$74,9,0)+AQ60*(1-AO60)))) -> 3164.8702 | AS60: =Y60*AE60/1000*2 -> 965.48112 | AT60: =AT12 -> 197466.89 | AU60: =AU12 -> 5259.5285 | AV60: =AV12 -> 1.1 | AW60: =AW12 -> 1.06 | AX60: =AX12 -> 1.12 | AY60: =(MIN(AT60/(Y60+(AR60+AS60)/2*BB60),1)*AU60+K60)*AW60 -> 25460.921 | AZ60: =(Y60+AT60+(AR60+AS60)*BB60)*AX60*AV60 -> 534443.9 | BA60: =AY60*AZ60^(1/3) -> 2066211.7 | BB60: 28
A61: 50 | B61: =B13 -> 7700 | C61: 390 | D61: =C61+B61 -> 8090 | E61: =E13 -> 2589 | F61: =(E61+$C$75*D61+D84)*(1+AL13/100) -> 12381.6 | G61: =F61/(A61*A61*3+2*A61+53+F61) -> 0.61801084 | H61: =H13 -> 4936.5 | I61: =D61*1.5*MAX($C$26:$C$29) -> 7281 | J61: 2 | K61: =(I61+H61)/2*(1+AK61/100)*(1+G61*(B$80+AM61/100))*J61 -> 26032.124 | L61: =$C$29*D61 -> 1618 | M61: =M13 -> 17340 | N61: =ROUND((L61*10+M61)*(100+AF61)/100,0) -> 41900 | O61: =M61/N61 -> 0.41384248 | P61: =P13 -> 1560 | Q61: =(P61+E84)*AA61*(1+AH61/100) -> 2808 | R61: =Q61/(A61*A61*3+A61*3+50+Q61) -> 0.26722497 | S61: =S13 -> 1566.6667 | T61: =T13 -> 1333.3333 | U61: =(S61+D61*C$74)/($A61*50+S61+D61*C$74+50) -> 0.48230358 | V61: =(T61+B61*C$76)/($A61*50+T61+B61*C$76+50) -> 0.45200573 | W61: =(装备属性设计!Z13*战斗力成长!AB13+D13*C$75*0.2)*(1+AJ13/100) -> 1360.1511 | X61: =W61/((3*$A61*$A61+3*$A61+50)/4+W61) -> 0.41403 | Y61: =(N61/(1-R61))/(1-U61)/(1-X61) -> 188491.95 | Z61: =Y61/K61 -> 7.2407442 | AA61: =AA13 -> 1.5 | AB61: =(AA61-1)/1.5+1 -> 1.3333333 | AC61: =AC13 -> 1540 | AD61: =AD13 -> 0.090909091 | AE61: =AE13 -> 5 | AF61: =AF13 -> 25 | AG61: =AG13 -> 10 | AH61: =AH13 -> 20 | AI61: =AI13 -> 17.5 | AJ61: =AE61*8 -> 40 | AK61: =AE61*4 -> 20 | AL61: =AE61*8 -> 40 | AM61: =AE61*7*1.3 -> 45.5 | AN61: =AN13 -> 0.28571429 | AO61: =AO13 -> 0.28571429 | AP61: =AP13 -> 2500 | AQ61: =AQ13 -> 750 | AR61: =AG61*K61/100/(1-U61)/(1-R61)*(1-(AP61*(1-AN61)/(AP61*(1-AN61)+VLOOKUP(A61,[1]怪物抗性与玩家穿透!$A$2:$I$74,8,0))))*(1-(AQ61*(1-AO61)/(VLOOKUP(A61,[1]怪物抗性与玩家穿透!$A$2:$I$74,9,0)+AQ61*(1-AO61)))) -> 4598.2079 | AS61: =Y61*AE61/1000*2 -> 1884.9195 | AT61: =AT13 -> 297398.48 | AU61: =AU13 -> 7187.7376 | AV61: =AV13 -> 1.12 | AW61: =AW13 -> 1.06 | AX61: =AX13 -> 1.13 | AY61: =(MIN(AT61/(Y61+(AR61+AS61)/2*BB61),1)*AU61+K61)*AW61 -> 35213.054 | AZ61: =(Y61+AT61+(AR61+AS61)*BB61)*AX61*AV61 -> 861094.31 | BA61: =AY61*AZ61^(1/3) -> 3350070.4 | BB61: 30
A62: 55 | B62: =B14 -> 9290 | C62: 425 | D62: =C62+B62 -> 9715 | E62: =E14 -> 2589 | F62: =(E62+$C$75*D62+D85)*(1+AL14/100) -> 15390.52 | G62: =F62/(A62*A62*3+2*A62+53+F62) -> 0.62490641 | H62: =H14 -> 6342 | I62: =D62*1.5*MAX($C$26:$C$29) -> 8743.5 | J62: 2 | K62: =(I62+H62)/2*(1+AK62/100)*(1+G62*(B$80+AM62/100))*J62 -> 34440.103 | L62: =$C$29*D62 -> 1943 | M62: =M14 -> 20880 | N62: =ROUND((L62*10+M62)*(100+AF62)/100,0) -> 52403 | O62: =M62/N62 -> 0.39845047 | P62: =P14 -> 2306 | Q62: =(P62+E85)*AA62*(1+AH62/100) -> 4289.16 | R62: =Q62/(A62*A62*3+A62*3+50+Q62) -> 0.31586343 | S62: =S14 -> 2082.8133 | T62: =T14 -> 1721.3333 | U62: =(S62+D62*C$74)/($A62*50+S62+D62*C$74+50) -> 0.52172017 | V62: =(T62+B62*C$76)/($A62*50+T62+B62*C$76+50) -> 0.48626995 | W62: =(装备属性设计!Z14*战斗力成长!AB14+D14*C$75*0.2)*(1+AJ14/100) -> 1686.408 | X62: =W62/((3*$A62*$A62+3*$A62+50)/4+W62) -> 0.42066518 | Y62: =(N62/(1-R62))/(1-U62)/(1-X62) -> 276440.48 | Z62: =Y62/K62 -> 8.0267031 | AA62: =AA14 -> 1.5 | AB62: =(AA62-1)/1.5+1 -> 1.3333333 | AC62: =AC14 -> 1858 | AD62: =AD14 -> 0.090909091 | AE62: =AE14 -> 6 | AF62: =AF14 -> 30 | AG62: =AG14 -> 12 | AH62: =AH14 -> 24 | AI62: =AI14 -> 21 | AJ62: =AE62*8 -> 48 | AK62: =AE62*4 -> 24 | AL62: =AE62*8 -> 48 | AM62: =AE62*7*1.3 -> 54.6 | AN62: =AN14 -> 0.32432432 | AO62: =AO14 -> 0.32432432 | AP62: =AP14 -> 5000 | AQ62: =AQ14 -> 1500 | AR62: =AG62*K62/100/(1-U62)/(1-R62)*(1-(AP62*(1-AN62)/(AP62*(1-AN62)+VLOOKUP(A62,[1]怪物抗性与玩家穿透!$A$2:$I$74,8,0))))*(1-(AQ62*(1-AO62)/(VLOOKUP(A62,[1]怪物抗性与玩家穿透!$A$2:$I$74,9,0)+AQ62*(1-AO62)))) -> 6790.8162 | AS62: =Y62*AE62/1000*2 -> 3317.2858 | AT62: =AT14 -> 441587.36 | AU62: =AU14 -> 9525.0209 | AV62: =AV14 -> 1.14 | AW62: =AW14 -> 1.07 | AX62: =AX14 -> 1.14 | AY62: =(MIN(AT62/(Y62+(AR62+AS62)/2*BB62),1)*AU62+K62)*AW62 -> 47042.682 | AZ62: =(Y62+AT62+(AR62+AS62)*BB62)*AX62*AV62 -> 1340380.2 | BA62: =AY62*AZ62^(1/3) -> 5186822.8 | BB62: 31
A63: 60 | B63: =B15 -> 11030 | C63: 460 | D63: =C63+B63 -> 11490 | E63: =E15 -> 3795 | F63: =(E63+$C$75*D63+D86)*(1+AL15/100) -> 20598.24 | G63: =F63/(A63*A63*3+2*A63+53+F63) -> 0.65243684 | H63: =H15 -> 9934.65 | I63: =D63*1.5*MAX($C$26:$C$29) -> 10341 | J63: 2 | K63: =(I63+H63)/2*(1+AK63/100)*(1+G63*(B$80+AM63/100))*J63 -> 50284.955 | L63: =$C$29*D63 -> 2298 | M63: =M15 -> 22968 | N63: =ROUND((L63*10+M63)*(100+AF63)/100,0) -> 62030 | O63: =M63/N63 -> 0.37027245 | P63: =P15 -> 2754 | Q63: =(P63+E86)*AA63*(1+AH63/100) -> 5816.448 | R63: =Q63/(A63*A63*3+A63*3+50+Q63) -> 0.34526257 | S63: =S15 -> 2905.166 | T63: =T15 -> 2333.4667 | U63: =(S63+D63*C$74)/($A63*50+S63+D63*C$74+50) -> 0.57067445 | V63: =(T63+B63*C$76)/($A63*50+T63+B63*C$76+50) -> 0.52979023 | W63: =(装备属性设计!Z15*战斗力成长!AB15+D15*C$75*0.2)*(1+AJ15/100) -> 2097.1169 | X63: =W63/((3*$A63*$A63+3*$A63+50)/4+W63) -> 0.43198401 | Y63: =(N63/(1-R63))/(1-U63)/(1-X63) -> 388496.68 | Z63: =Y63/K63 -> 7.7259031 | AA63: =AA15 -> 1.65 | AB63: =(AA63-1)/1.5+1 -> 1.4333333 | AC63: =AC15 -> 2206 | AD63: =AD15 -> 0.090909091 | AE63: =AE15 -> 7 | AF63: =AF15 -> 35 | AG63: =AG15 -> 14 | AH63: =AH15 -> 28 | AI63: =AI15 -> 24.5 | AJ63: =AE63*8 -> 56 | AK63: =AE63*4 -> 28 | AL63: =AE63*8 -> 56 | AM63: =AE63*7*1.3 -> 63.7 | AN63: =AN15 -> 0.35897436 | AO63: =AO15 -> 0.35897436 | AP63: =AP15 -> 7500 | AQ63: =AQ15 -> 2250 | AR63: =AG63*K63/100/(1-U63)/(1-R63)*(1-(AP63*(1-AN63)/(AP63*(1-AN63)+VLOOKUP(A63,[1]怪物抗性与玩家穿透!$A$2:$I$74,8,0))))*(1-(AQ63*(1-AO63)/(VLOOKUP(A63,[1]怪物抗性与玩家穿透!$A$2:$I$74,9,0)+AQ63*(1-AO63)))) -> 11824.042 | AS63: =Y63*AE63/1000*2 -> 5438.9536 | AT63: =AT15 -> 623569.15 | AU63: =AU15 -> 11995.648 | AV63: =AV15 -> 1.16 | AW63: =AW15 -> 1.08 | AX63: =AX15 -> 1.15 | AY63: =(MIN(AT63/(Y63+(AR63+AS63)/2*BB63),1)*AU63+K63)*AW63 -> 66461.308 | AZ63: =(Y63+AT63+(AR63+AS63)*BB63)*AX63*AV63 -> 2087018.6 | BA63: =AY63*AZ63^(1/3) -> 8493323.3 | BB63: 32
A64: 65 | B64: =B16 -> 12920 | C64: 495 | D64: =C64+B64 -> 13415 | E64: =E16 -> 6991.2 | F64: =(E64+$C$75*D64+D87)*(1+AL16/100) -> 29566.248 | G64: =F64/(A64*A64*3+2*A64+53+F64) -> 0.69691861 | H64: =H16 -> 14146.2 | I64: =D64*1.5*MAX($C$26:$C$29) -> 12073.5 | J64: 2 | K64: =(I64+H64)/2*(1+AK64/100)*(1+G64*(B$80+AM64/100))*J64 -> 71465.908 | L64: =$C$29*D64 -> 2683 | M64: =M16 -> 30420 | N64: =ROUND((L64*10+M64)*(100+AF64)/100,0) -> 80150 | O64: =M64/N64 -> 0.37953837 | P64: =P16 -> 3256 | Q64: =(P64+E87)*AA64*(1+AH64/100) -> 7736.256 | R64: =Q64/(A64*A64*3+A64*3+50+Q64) -> 0.37452363 | S64: =S16 -> 3954.7733 | T64: =T16 -> 3089.6667 | U64: =(S64+D64*C$74)/($A64*50+S64+D64*C$74+50) -> 0.61611272 | V64: =(T64+B64*C$76)/($A64*50+T64+B64*C$76+50) -> 0.57040573 | W64: =(装备属性设计!Z16*战斗力成长!AB16+D16*C$75*0.2)*(1+AJ16/100) -> 2608.1004 | X64: =W64/((3*$A64*$A64+3*$A64+50)/4+W64) -> 0.44673785 | Y64: =(N64/(1-R64))/(1-U64)/(1-X64) -> 603334.19 | Z64: =Y64/K64 -> 8.4422658 | AA64: =AA16 -> 1.8 | AB64: =(AA64-1)/1.5+1 -> 1.5333333 | AC64: =AC16 -> 2584 | AD64: =AD16 -> 0.090909091 | AE64: =AE16 -> 8 | AF64: =AF16 -> 40 | AG64: =AG16 -> 16 | AH64: =AH16 -> 32 | AI64: =AI16 -> 28 | AJ64: =AE64*8 -> 64 | AK64: =AE64*4 -> 32 | AL64: =AE64*8 -> 64 | AM64: =AE64*7*1.3 -> 72.8 | AN64: =AN16 -> 0.3902439 | AO64: =AO16 -> 0.3902439 | AP64: =AP16 -> 10000 | AQ64: =AQ16 -> 3000 | AR64: =AG64*K64/100/(1-U64)/(1-R64)*(1-(AP64*(1-AN64)/(AP64*(1-AN64)+VLOOKUP(A64,[1]怪物抗性与玩家穿透!$A$2:$I$74,8,0))))*(1-(AQ64*(1-AO64)/(VLOOKUP(A64,[1]怪物抗性与玩家穿透!$A$2:$I$74,9,0)+AQ64*(1-AO64)))) -> 20783.625 | AS64: =Y64*AE64/1000*2 -> 9653.347 | AT64: =AT16 -> 847048.45 | AU64: =AU16 -> 15317.716 | AV64: =AV16 -> 1.18 | AW64: =AW16 -> 1.09 | AX64: =AX16 -> 1.16 | AY64: =(MIN(AT64/(Y64+(AR64+AS64)/2*BB64),1)*AU64+K64)*AW64 -> 90690.258 | AZ64: =(Y64+AT64+(AR64+AS64)*BB64)*AX64*AV64 -> 3360134 | BA64: =AY64*AZ64^(1/3) -> 13583536 | BB64: 33
A65: 70 | B65: =B17 -> 14960 | C65: 530 | D65: =C65+B65 -> 15490 | E65: =E17 -> 8168.55 | F65: =(E65+$C$75*D65+D88)*(1+AL17/100) -> 36093.426 | G65: =F65/(A65*A65*3+2*A65+53+F65) -> 0.70790265 | H65: =H17 -> 19125.6 | I65: =D65*1.5*MAX($C$26:$C$29) -> 13941 | J65: 2 | K65: =(I65+H65)/2*(1+AK65/100)*(1+G65*(B$80+AM65/100))*J65 -> 96511.101 | L65: =$C$29*D65 -> 3098 | M65: =M17 -> 37440 | N65: =ROUND((L65*10+M65)*(100+AF65)/100,0) -> 99209 | O65: =M65/N65 -> 0.37738512 | P65: =P17 -> 3688 | Q65: =(P65+E88)*AA65*(1+AH65/100) -> 9780.576 | R65: =Q65/(A65*A65*3+A65*3+50+Q65) -> 0.39532531 | S65: =S17 -> 4845.512 | T65: =T17 -> 3684.8 | U65: =(S65+D65*C$74)/($A65*50+S65+D65*C$74+50) -> 0.64301918 | V65: =(T65+B65*C$76)/($A65*50+T65+B65*C$76+50) -> 0.5933935 | W65: =(装备属性设计!Z17*战斗力成长!AB17+D17*C$75*0.2)*(1+AJ17/100) -> 3200.1093 | X65: =W65/((3*$A65*$A65+3*$A65+50)/4+W65) -> 0.46110359 | Y65: =(N65/(1-R65))/(1-U65)/(1-X65) -> 852862.69 | Z65: =Y65/K65 -> 8.8369388 | AA65: =AA17 -> 1.95 | AB65: =(AA65-1)/1.5+1 -> 1.6333333 | AC65: =AC17 -> 2992 | AD65: =AD17 -> 0.090909091 | AE65: =AE17 -> 9 | AF65: =AF17 -> 45 | AG65: =AG17 -> 18 | AH65: =AH17 -> 36 | AI65: =AI17 -> 31.5 | AJ65: =AE65*8 -> 72 | AK65: =AE65*4 -> 36 | AL65: =AE65*8 -> 72 | AM65: =AE65*7*1.3 -> 81.9 | AN65: =AN17 -> 0.41860465 | AO65: =AO17 -> 0.41860465 | AP65: =AP17 -> 12500 | AQ65: =AQ17 -> 3750 | AR65: =AG65*K65/100/(1-U65)/(1-R65)*(1-(AP65*(1-AN65)/(AP65*(1-AN65)+VLOOKUP(A65,[1]怪物抗性与玩家穿透!$A$2:$I$74,8,0))))*(1-(AQ65*(1-AO65)/(VLOOKUP(A65,[1]怪物抗性与玩家穿透!$A$2:$I$74,9,0)+AQ65*(1-AO65)))) -> 33509.05 | AS65: =Y65*AE65/1000*2 -> 15351.529 | AT65: =AT17 -> 1178621.3 | AU65: =AU17 -> 19701.124 | AV65: =AV17 -> 1.2 | AW65: =AW17 -> 1.1 | AX65: =AX17 -> 1.17 | AY65: =(MIN(AT65/(Y65+(AR65+AS65)/2*BB65),1)*AU65+K65)*AW65 -> 121334.35 | AZ65: =(Y65+AT65+(AR65+AS65)*BB65)*AX65*AV65 -> 5184612.2 | BA65: =AY65*AZ65^(1/3) -> 21000156 | BB65: 34
A66: 75 | B66: =B18 -> 17150 | C66: 565 | D66: =C66+B66 -> 17715 | E66: =E18 -> 9725.1 | F66: =(E66+$C$75*D66+D89)*(1+AL18/100) -> 43738.38 | G66: =F66/(A66*A66*3+2*A66+53+F66) -> 0.7191875 | H66: =H18 -> 24009.3 | I66: =D66*1.5*MAX($C$26:$C$29) -> 15943.5 | J66: 2 | K66: =(I66+H66)/2*(1+AK66/100)*(1+G66*(B$80+AM66/100))*J66 -> 124722.05 | L66: =$C$29*D66 -> 3543 | M66: =M18 -> 45360 | N66: =ROUND((L66*10+M66)*(100+AF66)/100,0) -> 121185 | O66: =M66/N66 -> 0.37430375 | P66: =P18 -> 4390 | Q66: =(P66+E89)*AA66*(1+AH66/100) -> 12906.6 | R66: =Q66/(A66*A66*3+A66*3+50+Q66) -> 0.42940985 | S66: =S18 -> 6161.22 | T66: =T18 -> 4563.8667 | U66: =(S66+D66*C$74)/($A66*$A66*5+S66+D66*C$74+24200-$A66*645) -> 0.66758453 | V66: =(T66+B66*C$76)/($A66*$A66*5+T66+B66*C$76+24200-$A66*645) -> 0.61383796 | W66: =(装备属性设计!Z18*战斗力成长!AB18+D18*C$75*0.2)*(1+AJ18/100) -> 3823.3911 | X66: =W66/((3*$A66*$A66+3*$A66+50)/4+W66) -> 0.47138977 | Y66: =(N66/(1-R66))/(1-U66)/(1-X66) -> 1208670.2 | Z66: =Y66/K66 -> 9.6909101 | AA66: =AA18 -> 2.1 | AB66: =(AA66-1)/1.5+1 -> 1.7333333 | AC66: =AC18 -> 3430 | AD66: =AD18 -> 0.090909091 | AE66: =AE18 -> 10 | AF66: =AF18 -> 50 | AG66: =AG18 -> 20 | AH66: =AH18 -> 40 | AI66: =AI18 -> 35 | AJ66: =AE66*8 -> 80 | AK66: =AE66*4 -> 40 | AL66: =AE66*8 -> 80 | AM66: =AE66*7*1.3 -> 91 | AN66: =AN18 -> 0.44444444 | AO66: =AO18 -> 0.44444444 | AP66: =AP18 -> 15000 | AQ66: =AQ18 -> 4500 | AR66: =AG66*K66/100/(1-U66)/(1-R66)*(1-(AP66*(1-AN66)/(AP66*(1-AN66)+VLOOKUP(A66,[1]怪物抗性与玩家穿透!$A$2:$I$74,8,0))))*(1-(AQ66*(1-AO66)/(VLOOKUP(A66,[1]怪物抗性与玩家穿透!$A$2:$I$74,9,0)+AQ66*(1-AO66)))) -> 54129.167 | AS66: =Y66*AE66/1000*2 -> 24173.403 | AT66: =AT18 -> 1819703.5 | AU66: =AU18 -> 28762.982 | AV66: =AV18 -> 1.22 | AW66: =AW18 -> 1.11 | AX66: =AX18 -> 1.18 | AY66: =(MIN(AT66/(Y66+(AR66+AS66)/2*BB66),1)*AU66+K66)*AW66 -> 160968.92 | AZ66: =(Y66+AT66+(AR66+AS66)*BB66)*AX66*AV66 -> 8305000 | BA66: =AY66*AZ66^(1/3) -> 32597822 | BB66: 35
A67: 80 | B67: =B19 -> 19490 | C67: 600 | D67: =C67+B67 -> 20090 | E67: =E19 -> 11400.75 | F67: =(E67+$C$75*D67+D90)*(1+AL19/100) -> 52156.37 | G67: =F67/(A67*A67*3+2*A67+53+F67) -> 0.72875268 | H67: =H19 -> 29234.25 | I67: =D67*1.5*MAX($C$26:$C$29) -> 18081 | J67: 2 | K67: =(I67+H67)/2*(1+AK67/100)*(1+G67*(B$80+AM67/100))*J67 -> 157558.66 | L67: =$C$29*D67 -> 4018 | M67: =M19 -> 54180 | N67: =ROUND((L67*10+M67)*(100+AF67)/100,0) -> 146258 | O67: =M67/N67 -> 0.37044128 | P67: =P19 -> 5146 | Q67: =(P67+E90)*AA67*(1+AH67/100) -> 16673.04 | R67: =Q67/(A67*A67*3+A67*3+50+Q67) -> 0.46105195 | S67: =S19 -> 7785.085 | T67: =T19 -> 5621 | U67: =(S67+D67*C$74)/($A67*$A67*5+S67+D67*C$74+24200-$A67*645) -> 0.68042429 | V67: =(T67+B67*C$76)/($A67*$A67*5+T67+B67*C$76+24200-$A67*645) -> 0.62202136 | W67: =(装备属性设计!Z19*战斗力成长!AB19+D19*C$75*0.2)*(1+AJ19/100) -> 4464.7591 | X67: =W67/((3*$A67*$A67+3*$A67+50)/4+W67) -> 0.47816592 | Y67: =(N67/(1-R67))/(1-U67)/(1-X67) -> 1627295.9 | Z67: =Y67/K67 -> 10.32819 | AA67: =AA19 -> 2.25 | AB67: =(AA67-1)/1.5+1 -> 1.8333333 | AC67: =AC19 -> 3898 | AD67: =AD19 -> 0.090909091 | AE67: =AE19 -> 11 | AF67: =AF19 -> 55 | AG67: =AG19 -> 22 | AH67: =AH19 -> 44 | AI67: =AI19 -> 38.5 | AJ67: =AE67*8 -> 88 | AK67: =AE67*4 -> 44 | AL67: =AE67*8 -> 88 | AM67: =AE67*7*1.3 -> 100.1 | AN67: =AN19 -> 0.46808511 | AO67: =AO19 -> 0.46808511 | AP67: =AP19 -> 17500 | AQ67: =AQ19 -> 5250 | AR67: =AG67*K67/100/(1-U67)/(1-R67)*(1-(AP67*(1-AN67)/(AP67*(1-AN67)+VLOOKUP(A67,[1]怪物抗性与玩家穿透!$A$2:$I$74,8,0))))*(1-(AQ67*(1-AO67)/(VLOOKUP(A67,[1]怪物抗性与玩家穿透!$A$2:$I$74,9,0)+AQ67*(1-AO67)))) -> 84646.215 | AS67: =Y67*AE67/1000*2 -> 35800.509 | AT67: =AT19 -> 2555862.5 | AU67: =AU19 -> 40436.063 | AV67: =AV19 -> 1.24 | AW67: =AW19 -> 1.12 | AX67: =AX19 -> 1.19 | AY67: =(MIN(AT67/(Y67+(AR67+AS67)/2*BB67),1)*AU67+K67)*AW67 -> 206963.89 | AZ67: =(Y67+AT67+(AR67+AS67)*BB67)*AX67*AV67 -> 12570991 | BA67: =AY67*AZ67^(1/3) -> 48122822 | BB67: 36
A68: 85 | B68: =B20 -> 21980 | C68: 635 | D68: =C68+B68 -> 22615 | E68: =E20 -> 13188 | F68: =(E68+$C$75*D68+D91)*(1+AL20/100) -> 61491.08 | G68: =F68/(A68*A68*3+2*A68+53+F68) -> 0.73739967 | H68: =H20 -> 35167.2 | I68: =D68*1.5*MAX($C$26:$C$29) -> 20353.5 | J68: 2 | K68: =(I68+H68)/2*(1+AK68/100)*(1+G68*(B$80+AM68/100))*J68 -> 196811.83 | L68: =$C$29*D68 -> 4523 | M68: =M20 -> 64896 | N68: =ROUND((L68*10+M68)*(100+AF68)/100,0) -> 176202 | O68: =M68/N68 -> 0.36830456 | P68: =P20 -> 5978 | Q68: =(P68+E91)*AA68*(1+AH68/100) -> 21233.856 | R68: =Q68/(A68*A68*3+A68*3+50+Q68) -> 0.49136684 | S68: =S20 -> 10080.864 | T68: =T20 -> 7099.2 | U68: =(S68+D68*C$74)/($A68*$A68*5+S68+D68*C$74+24200-$A68*645) -> 0.69174488 | V68: =(T68+B68*C$76)/($A68*$A68*5+T68+B68*C$76+24200-$A68*645) -> 0.62830806 | W68: =(装备属性设计!Z20*战斗力成长!AB20+D20*C$75*0.2)*(1+AJ20/100) -> 5269.088 | X68: =W68/((3*$A68*$A68+3*$A68+50)/4+W68) -> 0.48950622 | Y68: =(N68/(1-R68))/(1-U68)/(1-X68) -> 2201432.7 | Z68: =Y68/K68 -> 11.185469 | AA68: =AA20 -> 2.4 | AB68: =(AA68-1)/1.5+1 -> 1.9333333 | AC68: =AC20 -> 4396 | AD68: =AD20 -> 0.090909091 | AE68: =AE20 -> 12 | AF68: =AF20 -> 60 | AG68: =AG20 -> 24 | AH68: =AH20 -> 48 | AI68: =AI20 -> 42 | AJ68: =AE68*8 -> 96 | AK68: =AE68*4 -> 48 | AL68: =AE68*8 -> 96 | AM68: =AE68*7*1.3 -> 109.2 | AN68: =AN20 -> 0.48979592 | AO68: =AO20 -> 0.48979592 | AP68: =AP20 -> 20000 | AQ68: =AQ20 -> 6000 | AR68: =AG68*K68/100/(1-U68)/(1-R68)*(1-(AP68*(1-AN68)/(AP68*(1-AN68)+VLOOKUP(A68,[1]怪物抗性与玩家穿透!$A$2:$I$74,8,0))))*(1-(AQ68*(1-AO68)/(VLOOKUP(A68,[1]怪物抗性与玩家穿透!$A$2:$I$74,9,0)+AQ68*(1-AO68)))) -> 132025.6 | AS68: =Y68*AE68/1000*2 -> 52834.385 | AT68: =AT20 -> 3375293 | AU68: =AU20 -> 55421.923 | AV68: =AV20 -> 1.26 | AW68: =AW20 -> 1.13 | AX68: =AX20 -> 1.2 | AY68: =(MIN(AT68/(Y68+(AR68+AS68)/2*BB68),1)*AU68+K68)*AW68 -> 260001.15 | AZ68: =(Y68+AT68+(AR68+AS68)*BB68)*AX68*AV68 -> 18773816 | BA68: =AY68*AZ68^(1/3) -> 69102346 | BB68: 37
A69: 90 | B69: =B21 -> 24620 | C69: 670 | D69: =C69+B69 -> 25290 | E69: =E21 -> 15695.25 | F69: =(E69+$C$75*D69+D92)*(1+AL21/100) -> 73018.23 | G69: =F69/(A69*A69*3+2*A69+53+F69) -> 0.74851163 | H69: =H21 -> 41853.15 | I69: =D69*1.5*MAX($C$26:$C$29) -> 22761 | J69: 2 | K69: =(I69+H69)/2*(1+AK69/100)*(1+G69*(B$80+AM69/100))*J69 -> 243991.68 | L69: =$C$29*D69 -> 5058 | M69: =M21 -> 75990 | N69: =ROUND((L69*10+M69)*(100+AF69)/100,0) -> 208841 | O69: =M69/N69 -> 0.36386533 | P69: =P21 -> 6894 | Q69: =(P69+E92)*AA69*(1+AH69/100) -> 26721.144 | R69: =Q69/(A69*A69*3+A69*3+50+Q69) -> 0.52046257 | S69: =S21 -> 13100.238 | T69: =T21 -> 9003.6 | U69: =(S69+D69*C$74)/($A69*$A69*5+S69+D69*C$74+24200-$A69*645) -> 0.70151582 | V69: =(T69+B69*C$76)/($A69*$A69*5+T69+B69*C$76+24200-$A69*645) -> 0.63291307 | W69: =(装备属性设计!Z21*战斗力成长!AB21+D21*C$75*0.2)*(1+AJ21/100) -> 6044.6929 | X69: =W69/((3*$A69*$A69+3*$A69+50)/4+W69) -> 0.4954791 | Y69: =(N69/(1-R69))/(1-U69)/(1-X69) -> 2891963.4 | Z69: =Y69/K69 -> 11.852713 | AA69: =AA21 -> 2.55 | AB69: =(AA69-1)/1.5+1 -> 2.0333333 | AC69: =AC21 -> 4924 | AD69: =AD21 -> 0.090909091 | AE69: =AE21 -> 13 | AF69: =AF21 -> 65 | AG69: =AG21 -> 26 | AH69: =AH21 -> 52 | AI69: =AI21 -> 45.5 | AJ69: =AE69*8 -> 104 | AK69: =AE69*4 -> 52 | AL69: =AE69*8 -> 104 | AM69: =AE69*7*1.3 -> 118.3 | AN69: =AN21 -> 0.50980392 | AO69: =AO21 -> 0.50980392 | AP69: =AP21 -> 27000 | AQ69: =AQ21 -> 8000 | AR69: =AG69*K69/100/(1-U69)/(1-R69)*(1-(AP69*(1-AN69)/(AP69*(1-AN69)+VLOOKUP(A69,[1]怪物抗性与玩家穿透!$A$2:$I$74,8,0))))*(1-(AQ69*(1-AO69)/(VLOOKUP(A69,[1]怪物抗性与玩家穿透!$A$2:$I$74,9,0)+AQ69*(1-AO69)))) -> 181101.67 | AS69: =Y69*AE69/1000*2 -> 75191.047 | AT69: =AT21 -> 4250447.3 | AU69: =AU21 -> 72789.696 | AV69: =AV21 -> 1.28 | AW69: =AW21 -> 1.14 | AX69: =AX21 -> 1.21 | AY69: =(MIN(AT69/(Y69+(AR69+AS69)/2*BB69),1)*AU69+K69)*AW69 -> 323593.02 | AZ69: =(Y69+AT69+(AR69+AS69)*BB69)*AX69*AV69 -> 26146120 | BA69: =AY69*AZ69^(1/3) -> 96043556 | BB69: 38
A70: 95 | B70: =B22 -> 27410 | C70: 705 | D70: =C70+B70 -> 28115 | E70: =E22 -> 18503.1 | F70: =(E70+$C$75*D70+D93)*(1+AL22/100) -> 86610.692 | G70: =F70/(A70*A70*3+2*A70+53+F70) -> 0.76021844 | H70: =H22 -> 49337.1 | I70: =D70*1.5*MAX($C$26:$C$29) -> 25303.5 | J70: 2 | K70: =(I70+H70)/2*(1+AK70/100)*(1+G70*(B$80+AM70/100))*J70 -> 300028.43 | L70: =$C$29*D70 -> 5623 | M70: =M22 -> 88452 | N70: =ROUND((L70*10+M70)*(100+AF70)/100,0) -> 245959 | O70: =M70/N70 -> 0.35962091 | P70: =P22 -> 7674 | Q70: =(P70+E93)*AA70*(1+AH70/100) -> 32322.888 | R70: =Q70/(A70*A70*3+A70*3+50+Q70) -> 0.54112381 | S70: =S22 -> 16993.152 | T70: =T22 -> 11404.8 | U70: =(S70+D70*C$74)/($A70*$A70*5+S70+D70*C$74+24200-$A70*645) -> 0.7109998 | V70: =(T70+B70*C$76)/($A70*$A70*5+T70+B70*C$76+24200-$A70*645) -> 0.63731877 | W70: =(装备属性设计!Z22*战斗力成长!AB22+D22*C$75*0.2)*(1+AJ22/100) -> 6936.1573 | X70: =W70/((3*$A70*$A70+3*$A70+50)/4+W70) -> 0.50303356 | Y70: =(N70/(1-R70))/(1-U70)/(1-X70) -> 3732003 | Z70: =Y70/K70 -> 12.438831 | AA70: =AA22 -> 2.7 | AB70: =(AA70-1)/1.5+1 -> 2.1333333 | AC70: =AC22 -> 5482 | AD70: =AD22 -> 0.090909091 | AE70: =AE22 -> 14 | AF70: =AF22 -> 70 | AG70: =AG22 -> 28 | AH70: =AH22 -> 56 | AI70: =AI22 -> 49 | AJ70: =AE70*8 -> 112 | AK70: =AE70*4 -> 56 | AL70: =AE70*8 -> 112 | AM70: =AE70*7*1.3 -> 127.4 | AN70: =AN22 -> 0.52830189 | AO70: =AO22 -> 0.52830189 | AP70: =AP22 -> 34000 | AQ70: =AQ22 -> 10000 | AR70: =AG70*K70/100/(1-U70)/(1-R70)*(1-(AP70*(1-AN70)/(AP70*(1-AN70)+VLOOKUP(A70,[1]怪物抗性与玩家穿透!$A$2:$I$74,8,0))))*(1-(AQ70*(1-AO70)/(VLOOKUP(A70,[1]怪物抗性与玩家穿透!$A$2:$I$74,9,0)+AQ70*(1-AO70)))) -> 251679.9 | AS70: =Y70*AE70/1000*2 -> 104496.08 | AT70: =AT22 -> 5148922.3 | AU70: =AU22 -> 93540.932 | AV70: =AV22 -> 1.3 | AW70: =AW22 -> 1.15 | AX70: =AX22 -> 1.22 | AY70: =(MIN(AT70/(Y70+(AR70+AS70)/2*BB70),1)*AU70+K70)*AW70 -> 396906.6 | AZ70: =(Y70+AT70+(AR70+AS70)*BB70)*AX70*AV70 -> 36116057 | BA70: =AY70*AZ70^(1/3) -> 1.3119635e+08 | BB70: 39
A71: 100 | B71: =B23 -> 30350 | C71: 740 | D71: =C71+B71 -> 31090 | E71: =E23 -> 21625.8 | F71: =(E71+$C$75*D71+D94)*(1+AL23/100) -> 101969.56 | G71: =F71/(A71*A71*3+2*A71+53+F71) -> 0.77119638 | H71: =H23 -> 57664.05 | I71: =D71*1.5*MAX($C$26:$C$29) -> 27981 | J71: 2 | K71: =(I71+H71)/2*(1+AK71/100)*(1+G71*(B$80+AM71/100))*J71 -> 365826.35 | L71: =$C$29*D71 -> 6218 | M71: =M23 -> 102942 | N71: =ROUND((L71*10+M71)*(100+AF71)/100,0) -> 288964 | O71: =M71/N71 -> 0.35624507 | P71: =P23 -> 8498 | Q71: =(P71+E94)*AA71*(1+AH71/100) -> 38750.88 | R71: =Q71/(A71*A71*3+A71*3+50+Q71) -> 0.56078707 | S71: =S23 -> 22001.683 | T71: =T23 -> 14427.333 | U71: =(S71+D71*C$74)/($A71*$A71*5+S71+D71*C$74+24200-$A71*645) -> 0.72134991 | V71: =(T71+B71*C$76)/($A71*$A71*5+T71+B71*C$76+24200-$A71*645) -> 0.64288782 | W71: =(装备属性设计!Z23*战斗力成长!AB23+D23*C$75*0.2)*(1+AJ23/100) -> 7946.4467 | X71: =W71/((3*$A71*$A71+3*$A71+50)/4+W71) -> 0.51155362 | Y71: =(N71/(1-R71))/(1-U71)/(1-X71) -> 4833843 | Z71: =Y71/K71 -> 13.213491 | AA71: =AA23 -> 2.85 | AB71: =(AA71-1)/1.5+1 -> 2.2333333 | AC71: =AC23 -> 6070 | AD71: =AD23 -> 0.090909091 | AE71: =AE23 -> 15 | AF71: =AF23 -> 75 | AG71: =AG23 -> 30 | AH71: =AH23 -> 60 | AI71: =AI23 -> 52.5 | AJ71: =AE71*8 -> 120 | AK71: =AE71*4 -> 60 | AL71: =AE71*8 -> 120 | AM71: =AE71*7*1.3 -> 136.5 | AN71: =AN23 -> 0.54545455 | AO71: =AO23 -> 0.54545455 | AP71: =AP23 -> 40000 | AQ71: =AQ23 -> 12000 | AR71: =AG71*K71/100/(1-U71)/(1-R71)*(1-(AP71*(1-AN71)/(AP71*(1-AN71)+VLOOKUP(A71,[1]怪物抗性与玩家穿透!$A$2:$I$74,8,0))))*(1-(AQ71*(1-AO71)/(VLOOKUP(A71,[1]怪物抗性与玩家穿透!$A$2:$I$74,9,0)+AQ71*(1-AO71)))) -> 358519.1 | AS71: =Y71*AE71/1000*2 -> 145015.29 | AT71: =AT23 -> 6706275.4 | AU71: =AU23 -> 118880.46 | AV71: =AV23 -> 1.32 | AW71: =AW23 -> 1.16 | AX71: =AX23 -> 1.23 | AY71: =(MIN(AT71/(Y71+(AR71+AS71)/2*BB71),1)*AU71+K71)*AW71 -> 486407.1 | AZ71: =(Y71+AT71+(AR71+AS71)*BB71)*AX71*AV71 -> 51438074 | BA71: =AY71*AZ71^(1/3) -> 1.8089565e+08 | BB71: 40
B73: 猎人 | C73: 属性比例 | D73: 副手暴击 | E73: 副手护甲 | F73: 副手法力… | G73: 越级装备 | H73: =G50 -> 暴击率 | I73: 越级收益 | R73: 护甲减伤 | S73: 越级收益 | W73: 闪避减伤 | X73: 越级收益 | Z73: 越级收益之和 | AO73: 80 | AP73: 19415 | AQ73: 4600
B74: 力量 | C74: 0.1 | D74: 4 | E74: 0 | F74: 0 | G74: 10 | H74: =G51 -> 0.57186544 | I74: =H74-G51 -> 0 | R74: 0 | S74: 0 | U74: =$A66*$A66*5+24200-$A66*645 -> 3950 | W74: =W51/((3*($A51-G$26)*($A51-G$26)+3*($A51-G$26)+50)/4+W51) -> 0.18763743 | X74: 0 | Z74: =X74+V74+S74+I74 -> 0 | AO74: 85 | AP74: 21900 | AQ74: 5500
B75: 敏捷 | C75: 0.6 | D75: 12 | E75: 0 | F75: 0 | H75: =F52/(($A52-G$122)*($A52-G$122)*3+2*($A52-G$122)+53+F52) -> 0.58325976 | I75: =H75-G52 -> 0.038479944 | R75: =Q52/((A52-G$26)*(A52-G$26)*3+(A52-G$26)*3+50+Q52) -> 0.14662529 | S75: =R75-R52 -> 0.02768256 | U75: =$A67*$A67*5+24200-$A67*645 -> 4600 | W75: =W52/((3*($A52-G$26)*($A52-G$26)+3*($A52-G$26)+50)/4+W52) -> 0.51241135 | X75: =W75-X52 -> 0.060142177 | Z75: =X75+V75+S75+I75 -> 0.12630468 | AO75: 90 | AP75: 24535 | AQ75: 6650
B76: 智力 | C76: 0.1 | D76: 30 | E76: 0 | F76: 0 | H76: =F53/(($A53-G$122)*($A53-G$122)*3+2*($A53-G$122)+53+F53) -> 0.88326094 | I76: =H76-G53 -> 0.36517059 | R76: =Q53/((A53-G$26)*(A53-G$26)*3+(A53-G$26)*3+50+Q53) -> 0.47786132 | S76: =R76-R53 -> 0.37038293 | U76: =$A68*$A68*5+24200-$A68*645 -> 5500 | W76: =W53/((3*($A53-G$26)*($A53-G$26)+3*($A53-G$26)+50)/4+W53) -> 0.85466694 | X76: =W76-X53 -> 0.41843393 | Z76: =X76+V76+S76+I76 -> 1.1539875 | AO76: 95 | AP76: 27320 | AQ76: 8050
B77: 耐力 | C77: 0.2 | D77: 103 | E77: 0 | F77: 0 | H77: =F54/(($A54-G$122)*($A54-G$122)*3+2*($A54-G$122)+53+F54) -> 0.85911697 | I77: =H77-G54 -> 0.3330044 | R77: =Q54/((A54-G$26)*(A54-G$26)*3+(A54-G$26)*3+50+Q54) -> 0.41013887 | S77: =R77-R54 -> 0.29790658 | U77: =$A69*$A69*5+24200-$A69*645 -> 6650 | W77: =W54/((3*($A54-G$26)*($A54-G$26)+3*($A54-G$26)+50)/4+W54) -> 0.80074389 | X77: =W77-X54 -> 0.37855591 | Z77: =X77+V77+S77+I77 -> 1.0094669 | AO77: 100 | AP77: 30255 | AQ77: 9700
D78: 171 | E78: 0 | F78: 0 | H78: =F55/(($A55-G$122)*($A55-G$122)*3+2*($A55-G$122)+53+F55) -> 0.80390219 | I78: =H78-G55 -> 0.26206969 | R78: =Q55/((A55-G$26)*(A55-G$26)*3+(A55-G$26)*3+50+Q55) -> 0.41028952 | S78: =R78-R55 -> 0.24236098 | U78: =$A70*$A70*5+24200-$A70*645 -> 8050 | W78: =W55/((3*($A55-G$26)*($A55-G$26)+3*($A55-G$26)+50)/4+W55) -> 0.71306645 | X78: =W78-X55 -> 0.29416562 | Z78: =X78+V78+S78+I78 -> 0.79859629
B79: 暴击伤害 | D79: 256 | E79: 0 | F79: 0 | H79: =F56/(($A56-G$122)*($A56-G$122)*3+2*($A56-G$122)+53+F56) -> 0.74966049 | I79: =H79-G56 -> 0.21530365 | R79: =Q56/((A56-G$26)*(A56-G$26)*3+(A56-G$26)*3+50+Q56) -> 0.35813221 | S79: =R79-R56 -> 0.18130485 | U79: =$A71*$A71*5+24200-$A71*645 -> 9700 | W79: =W56/((3*($A56-G$26)*($A56-G$26)+3*($A56-G$26)+50)/4+W56) -> 0.65053627 | X79: =W79-X56 -> 0.2330533 | Z79: =X79+V79+S79+I79 -> 0.62966181
B80: 0.8 | D80: 368 | E80: 0 | F80: 0 | H80: =F57/(($A57-G$122)*($A57-G$122)*3+2*($A57-G$122)+53+F57) -> 0.72132924 | I80: =H80-G57 -> 0.17799368 | R80: =Q57/((A57-G$26)*(A57-G$26)*3+(A57-G$26)*3+50+Q57) -> 0.32439123 | S80: =R80-R57 -> 0.14307285 | W80: =W57/((3*($A57-G$26)*($A57-G$26)+3*($A57-G$26)+50)/4+W57) -> 0.60123028 | X80: =W80-X57 -> 0.19104101 | Z80: =X80+V80+S80+I80 -> 0.51210755
B81: 技能比例 | D81: 676 | E81: 0 | F81: 0 | H81: =F58/(($A58-G$122)*($A58-G$122)*3+2*($A58-G$122)+53+F58) -> 0.71327383 | I81: =H81-G58 -> 0.14889582 | R81: =Q58/((A58-G$26)*(A58-G$26)*3+(A58-G$26)*3+50+Q58) -> 0.31479817 | S81: =R81-R58 -> 0.12130956 | W81: =W58/((3*($A58-G$26)*($A58-G$26)+3*($A58-G$26)+50)/4+W58) -> 0.56350176 | X81: =W81-X58 -> 0.16082675 | Z81: =X81+V81+S81+I81 -> 0.43103213
B82: 0 | D82: 880 | E82: 0 | F82: 0 | H82: =F59/(($A59-G$122)*($A59-G$122)*3+2*($A59-G$122)+53+F59) -> 0.71268125 | I82: =H82-G59 -> 0.12685292 | R82: =Q59/((A59-G$26)*(A59-G$26)*3+(A59-G$26)*3+50+Q59) -> 0.36240755 | S82: =R82-R59 -> 0.11723847 | W82: =W59/((3*($A59-G$26)*($A59-G$26)+3*($A59-G$26)+50)/4+W59) -> 0.54600794 | X82: =W82-X59 -> 0.1386895 | Z82: =X82+V82+S82+I82 -> 0.38278089
D83: 1253 | E83: 0 | F83: 0 | H83: =F60/(($A60-G$122)*($A60-G$122)*3+2*($A60-G$122)+53+F60) -> 0.708077 | I83: =H83-G60 -> 0.11105089 | R83: =Q60/((A60-G$26)*(A60-G$26)*3+(A60-G$26)*3+50+Q60) -> 0.34750136 | S83: =R83-R60 -> 0.10174149 | W83: =W60/((3*($A60-G$26)*($A60-G$26)+3*($A60-G$26)+50)/4+W60) -> 0.52786358 | X83: =W83-X60 -> 0.12167529 | Z83: =X83+V83+S83+I83 -> 0.33446767
D84: 1401 | E84: 0 | F84: 0 | H84: =F61/(($A61-G$122)*($A61-G$122)*3+2*($A61-G$122)+53+F61) -> 0.71509593 | I84: =H84-G61 -> 0.097085089 | R84: =Q61/((A61-G$26)*(A61-G$26)*3+(A61-G$26)*3+50+Q61) -> 0.36101826 | S84: =R84-R61 -> 0.093793285 | W84: =W61/((3*($A61-G$26)*($A61-G$26)+3*($A61-G$26)+50)/4+W61) -> 0.52260217 | X84: =W84-X61 -> 0.10857217 | Z84: =X84+V84+S84+I84 -> 0.29945054
D85: 1981 | E85: 0 | F85: 0 | H85: =F62/(($A62-G$122)*($A62-G$122)*3+2*($A62-G$122)+53+F62) -> 0.71224313 | I85: =H85-G62 -> 0.087336724 | R85: =Q62/((A62-G$26)*(A62-G$26)*3+(A62-G$26)*3+50+Q62) -> 0.40658782 | S85: =R85-R62 -> 0.090724397 | W85: =W62/((3*($A62-G$26)*($A62-G$26)+3*($A62-G$26)+50)/4+W62) -> 0.51867007 | X85: =W85-X62 -> 0.098004887 | Z85: =X85+V85+S85+I85 -> 0.27606601
D86: 2515 | E86: 0 | F86: 0 | H86: =F63/(($A63-G$122)*($A63-G$122)*3+2*($A63-G$122)+53+F63) -> 0.72910924 | I86: =H86-G63 -> 0.076672397 | R86: =Q63/((A63-G$26)*(A63-G$26)*3+(A63-G$26)*3+50+Q63) -> 0.43032371 | S86: =R86-R63 -> 0.085061132 | W86: =W63/((3*($A63-G$26)*($A63-G$26)+3*($A63-G$26)+50)/4+W63) -> 0.52139631 | X86: =W86-X63 -> 0.089412292 | Z86: =X86+V86+S86+I86 -> 0.25114582
D87: 2988 | E87: 0 | F87: 0 | H87: =F64/(($A64-G$122)*($A64-G$122)*3+2*($A64-G$122)+53+F64) -> 0.76193328 | I87: =H87-G64 -> 0.06501467 | R87: =Q64/((A64-G$26)*(A64-G$26)*3+(A64-G$26)*3+50+Q64) -> 0.45437212 | S87: =R87-R64 -> 0.079848487 | W87: =W64/((3*($A64-G$26)*($A64-G$26)+3*($A64-G$26)+50)/4+W64) -> 0.52896203 | X87: =W87-X64 -> 0.082224184 | Z87: =X87+V87+S87+I87 -> 0.22708734
D88: 3522 | E88: 0 | F88: 0 | H88: =F65/(($A65-G$122)*($A65-G$122)*3+2*($A65-G$122)+53+F65) -> 0.76686141 | I88: =H88-G65 -> 0.058958766 | R88: =Q65/((A65-G$26)*(A65-G$26)*3+(A65-G$26)*3+50+Q65) -> 0.46998103 | S88: =R88-R65 -> 0.074655718 | W88: =W65/((3*($A65-G$26)*($A65-G$26)+3*($A65-G$26)+50)/4+W65) -> 0.53714656 | X88: =W88-X65 -> 0.076042965 | Z88: =X88+V88+S88+I88 -> 0.20965745
D89: 3945 | E89: 0 | F89: 0
D90: 4288 | E90: 0 | F90: 0
D91: 4616 | E91: 0 | F91: 0
D92: 4924 | E92: 0 | F92: 0
D93: 5482 | E93: 0 | F93: 0
D94: 6070 | E94: 0 | F94: 0
A97: 法师
A98: 等级 | B98: 装备属性 | C98: 人物属性 | D98: 总属性 | E98: 属性暴击 | F98: 总暴击 | G98: 暴击率 | H98: 武器伤害 | I98: 属性攻击力 | J98: 技能倍数 | K98: 总输出 | L98: 耐力值 | M98: 腰带加血 | N98: 生命总值 | O98: 腰带占生命比 | P98: 护甲增值 | Q98: 总护甲 | R98: 护甲减伤 | S98: 物抗 | T98: 魔抗 | U98: 物抗减伤 | V98: 魔抗减伤 | W98: 闪避 | X98: 闪避减伤 | Y98: 有效生命 | Z98: 战斗回合数 | AA98: 强化系数 | AB98: 护甲强化系数 | AC98: =AC50 -> 韧性 | AD98: =AD50 -> 韧性减免 | AE98: =AE50 -> 神器星级 | AF98: =AF50 -> 神器生命 | AG98: =AG50 -> 神器吸血 | AH98: =AH50 -> 神器护甲 | AI98: =AI50 -> 神器物抗 | AJ98: 神器闪避 | AK98: 神器伤害 | AL98: 神器暴击 | AM98: 神器暴伤 | AN98: =AN50 -> 护甲穿透 | AO98: =AO50 -> 抗性穿透 | AP98: =AP50 -> BOSS护甲 | AQ98: =AQ50 -> BOSS抗性 | AR98: 吸血EHP/回合 | AS98: 回血EHP/回合 | AT98: =AT50 -> 佣兵EHP | AU98: =AU50 -> 佣兵DPS | AV98: =AV50 -> 佣兵辅助加成 | AW98: =AW50 -> 佣兵光环DPS | AX98: =AX50 -> 佣兵光环EHP | AY98: =AY50 -> 合计DPS | AZ98: =AZ50 -> 合计EHP
A99: 1 | B99: =B3 -> 56 | C99: 47 | D99: =C99+B99 -> 103 | E99: =E3 -> 9 | F99: =(E99+$C$123*D99+D122)*(1+AL3/100) -> 19.3 | G99: 0 | H99: =H3 -> 8 | I99: =D99*1.5*MAX($C$26:$C$29) -> 92.7 | J99: 1 | K99: =(I99+H99)/2*(1+AK99/100)*((1+G99*(B$128+AM99/100))*(1-B130)+J99*B$130) -> 50.35 | L99: =$C$29*D99 -> 20.6 | M99: =M3 -> 100 | N99: =ROUND((L99*10+M99)*(100+AF99)/100,0) -> 306 | O99: =M99/N99 -> 0.32679739 | P99: =P3 -> 6 | Q99: =(P99+E122)*AA99*(1+AH99/100) -> 6 | R99: =Q99/(A99*A99*3+A99*3+50+Q99) -> 0.096774194 | S99: =S51 -> 0 | T99: =T3 -> 0 | U99: =(S99+D99*$C$122)/($A99*50+S99+D99*$C$122+50) -> 0.093381686 | V99: =(T99+B99*$C$124)/($A99*50+T99+B99*$C$124+50) -> 0.25149701 | W99: =(装备属性设计!Z3*战斗力成长!AB3+D3*C$123*0.2)*(1+AJ3/100) -> 5.06 | X99: =W99/((3*$A99*$A99+3*$A99+50)/4+W99) -> 0.26547744 | Y99: =(N99/(1-R99))/(1-U99)/(1-X99) -> 508.7395 | Z99: =Y99/K99 -> 10.104062 | AA99: =AA3 -> 1 | AB99: =(AA99-1)/1.5+1 -> 1 | AC99: =AC51 -> 11.2 | AD99: =AD51 -> 0.090909091 | AE99: 0 | AF99: =AF51 -> 0 | AG99: =AG51 -> 0 | AH99: =AH51 -> 0 | AI99: =AI51 -> 0 | AJ99: =AE99*8 -> 0 | AK99: =AE99*4 -> 0 | AL99: =AE99*8 -> 0 | AM99: =AE99*7 -> 0 | AN99: =AN51 -> 0 | AO99: =AO51 -> 0 | AP99: =AP51 -> 0 | AQ99: =AQ51 -> 0 | AR99: =AG99*K99/100/(1-X99)/(1-U99)/(1-R99) -> 0 | AS99: =Y99*AE99/1000*2 -> 0 | AT99: =AT51 -> 1 | AU99: =AU51 -> 0 | AV99: =AV51 -> 1 | AW99: =AW51 -> 1 | AX99: =AX51 -> 1 | AY99: =(MIN(AT99/(Y99+(AR99+AS99)/2*BB99),1)*AU99+K99)*AW99 -> 50.35 | AZ99: =(Y99+AT99+(AR99+AS99)*BB99)*AX99*AV99 -> 509.7395 | BA99: =AY99*AZ99^(1/3) -> 402.20633 | BB99: 10
A100: 5 | B100: =B4 -> 140 | C100: 75 | D100: =C100+B100 -> 215 | E100: =E4 -> 24.15 | F100: =(E100+$C$123*D100+D123)*(1+AL4/100) -> 45.65 | G100: =F100/(A100*A100*3+2*A100+53+F100) -> 0.24857065 | H100: =H4 -> 31.5 | I100: =D100*1.5*MAX($C$26:$C$29) -> 193.5 | J100: 1.25 | K100: =(I100+H100)/2*(1+AK100/100)*((1+G100*(B$128+AM100/100))*(1-B131)+J100*B$130) -> 205.18386 | L100: =$C$29*D100 -> 43 | M100: =M4 -> 252 | N100: =ROUND((L100*10+M100)*(100+AF100)/100,0) -> 682 | O100: =M100/N100 -> 0.36950147 | P100: =P4 -> 18 | Q100: =(P100+E123)*AA100*(1+AH100/100) -> 18.9 | R100: =Q100/(A100*A100*3+A100*3+50+Q100) -> 0.11894273 | S100: =S52 -> 20.666667 | T100: =T4 -> 20.666667 | U100: =(S100+D100*$C$122)/($A100*50+S100+D100*$C$122+50) -> 0.12323429 | V100: =(T100+B100*$C$124)/($A100*50+T100+B100*$C$124+50) -> 0.25864909 | W100: =(装备属性设计!Z4*战斗力成长!AB4+D4*C$123*0.2)*(1+AJ4/100) -> 7.4 | X100: =W100/((3*$A100*$A100+3*$A100+50)/4+W100) -> 0.1745283 | Y100: =(N100/(1-R100))/(1-U100)/(1-X100) -> 1069.5337 | Z100: =Y100/K100 -> 5.2125628 | AA100: =AA4 -> 1.05 | AB100: =(AA100-1)/1.5+1 -> 1.0333333 | AC100: =AC52 -> 28 | AD100: =AD52 -> 0.090909091 | AE100: =AE52 -> 0 | AF100: =AF52 -> 0 | AG100: =AG52 -> 0 | AH100: =AH52 -> 0 | AI100: =AI52 -> 0 | AJ100: =AE100*8 -> 0 | AK100: =AE100*4 -> 0 | AL100: =AE100*8 -> 0 | AM100: =AE100*7 -> 0 | AN100: =AN52 -> 0 | AO100: =AO52 -> 0 | AP100: =AP52 -> 0 | AQ100: =AQ52 -> 0 | AR100: =AG100*K100/100/(1-X100)/(1-U100)/(1-R100) -> 0 | AS100: =Y100*AE100/1000*2 -> 0 | AT100: =AT52 -> 1 | AU100: =AU52 -> 0 | AV100: =AV52 -> 1 | AW100: =AW52 -> 1 | AX100: =AX52 -> 1 | AY100: =(MIN(AT100/(Y100+(AR100+AS100)/2*BB100),1)*AU100+K100)*AW100 -> 205.18386 | AZ100: =(Y100+AT100+(AR100+AS100)*BB100)*AX100*AV100 -> 1070.5337 | BA100: =AY100*AZ100^(1/3) -> 2098.9881 | BB100: 12
A101: 10 | B101: =B5 -> 380 | C101: 110 | D101: =C101+B101 -> 490 | E101: =E5 -> 47.3 | F101: =(E101+$C$123*D101+D124)*(1+AL5/100) -> 104.004 | G101: =F101/(A101*A101*3+2*A101+53+F101) -> 0.21803591 | H101: =H5 -> 105.6 | I101: =D101*1.5*MAX($C$26:$C$29) -> 441 | J101: 1.3 | K101: =(I101+H101)/2*(1+AK101/100)*((1+G101*(B$128+AM101/100))*(1-B132)+J101*B$130) -> 522.89912 | L101: =$C$29*D101 -> 98 | M101: =M5 -> 528 | N101: =ROUND((L101*10+M101)*(100+AF101)/100,0) -> 1583 | O101: =M101/N101 -> 0.3335439 | P101: =P5 -> 40 | Q101: =(P101+E124)*AA101*(1+AH101/100) -> 45.76 | R101: =Q101/(A101*A101*3+A101*3+50+Q101) -> 0.10747839 | S101: =S53 -> 70.656 | T101: =T5 -> 21.333333 | U101: =(S101+D101*$C$122)/($A101*50+S101+D101*$C$122+50) -> 0.17868279 | V101: =(T101+B101*$C$124)/($A101*50+T101+B101*$C$124+50) -> 0.31192661 | W101: =(装备属性设计!Z5*战斗力成长!AB5+D5*C$123*0.2)*(1+AJ5/100) -> 23.202667 | X101: =W101/((3*$A101*$A101+3*$A101+50)/4+W101) -> 0.19629563 | Y101: =(N101/(1-R101))/(1-U101)/(1-X101) -> 2686.9211 | Z101: =Y101/K101 -> 5.1385077 | AA101: =AA5 -> 1.1 | AB101: =(AA101-1)/1.5+1 -> 1.0666667 | AC101: =AC53 -> 76 | AD101: =AD53 -> 0.090909091 | AE101: =AE53 -> 1 | AF101: =AF53 -> 5 | AG101: =AG53 -> 2 | AH101: =AH53 -> 4 | AI101: =AI53 -> 3.5 | AJ101: =AE101*8 -> 8 | AK101: =AE101*4 -> 4 | AL101: =AE101*8 -> 8 | AM101: =AE101*7 -> 7 | AN101: =AN53 -> 0.074074074 | AO101: =AO53 -> 0.074074074 | AP101: =AP53 -> 0 | AQ101: =AQ53 -> 0 | AR101: =AG101*K101/100/(1-X101)/(1-U101)/(1-R101) -> 17.750963 | AS101: =Y101*AE101/1000*2 -> 5.3738423 | AT101: =AT53 -> 1 | AU101: =AU53 -> 0 | AV101: =AV53 -> 1 | AW101: =AW53 -> 1 | AX101: =AX53 -> 1 | AY101: =(MIN(AT101/(Y101+(AR101+AS101)/2*BB101),1)*AU101+K101)*AW101 -> 522.89912 | AZ101: =(Y101+AT101+(AR101+AS101)*BB101)*AX101*AV101 -> 3011.6684 | BA101: =AY101*AZ101^(1/3) -> 7551.2752 | BB101: 14
A102: 15 | B102: =B6 -> 770 | C102: 145 | D102: =C102+B102 -> 915 | E102: =E6 -> 127.2 | F102: =(E102+$C$123*D102+D125)*(1+AL6/100) -> 236.196 | G102: =F102/(A102*A102*3+2*A102+53+F102) -> 0.23757488 | H102: =H6 -> 187.2 | I102: =D102*1.5*MAX($C$26:$C$29) -> 823.5 | J102: 1.3 | K102: =(I102+H102)/2*(1+AK102/100)*((1+G102*(B$128+AM102/100))*(1-B133)+J102*B$130) -> 975.8095 | L102: =$C$29*D102 -> 183 | M102: =M6 -> 1392 | N102: =ROUND((L102*10+M102)*(100+AF102)/100,0) -> 3383 | O102: =M102/N102 -> 0.41146911 | P102: =P6 -> 78 | Q102: =(P102+E125)*AA102*(1+AH102/100) -> 97.344 | R102: =Q102/(A102*A102*3+A102*3+50+Q102) -> 0.11223229 | S102: =S54 -> 75.072 | T102: =T6 -> 72.533333 | U102: =(S102+D102*$C$122)/($A102*50+S102+D102*$C$122+50) -> 0.17233274 | V102: =(T102+B102*$C$124)/($A102*50+T102+B102*$C$124+50) -> 0.40053951 | W102: =(装备属性设计!Z6*战斗力成长!AB6+D6*C$123*0.2)*(1+AJ6/100) -> 46.713333 | X102: =W102/((3*$A102*$A102+3*$A102+50)/4+W102) -> 0.19527897 | Y102: =(N102/(1-R102))/(1-U102)/(1-X102) -> 5721.3896 | Z102: =Y102/K102 -> 5.8632239 | AA102: =AA6 -> 1.2 | AB102: =(AA102-1)/1.5+1 -> 1.1333333 | AC102: =AC54 -> 154 | AD102: =AD54 -> 0.090909091 | AE102: =AE54 -> 1 | AF102: =AF54 -> 5 | AG102: =AG54 -> 2 | AH102: =AH54 -> 4 | AI102: =AI54 -> 3.5 | AJ102: =AE102*8 -> 8 | AK102: =AE102*4 -> 4 | AL102: =AE102*8 -> 8 | AM102: =AE102*7 -> 7 | AN102: =AN54 -> 0.074074074 | AO102: =AO54 -> 0.074074074 | AP102: =AP54 -> 0 | AQ102: =AQ54 -> 0 | AR102: =AG102*K102/100/(1-X102)/(1-U102)/(1-R102) -> 33.006127 | AS102: =Y102*AE102/1000*2 -> 11.442779 | AT102: =AT54 -> 3644.0643 | AU102: =AU54 -> 329.05 | AV102: =AV54 -> 1.1 | AW102: =AW54 -> 1 | AX102: =AX54 -> 1 | AY102: =(MIN(AT102/(Y102+(AR102+AS102)/2*BB102),1)*AU102+K102)*AW102 -> 1173.1245 | AZ102: =(Y102+AT102+(AR102+AS102)*BB102)*AX102*AV102 -> 11084.3 | BA102: =AY102*AZ102^(1/3) -> 26156.534 | BB102: 16
A103: 20 | B103: =B7 -> 1310 | C103: 180 | D103: =C103+B103 -> 1490 | E103: =E7 -> 253.2 | F103: =(E103+$C$123*D103+D126)*(1+AL7/100) -> 466.552 | G103: =F103/(A103*A103*3+2*A103+53+F103) -> 0.26515386 | H103: =H7 -> 405.6 | I103: =D103*1.5*MAX($C$26:$C$29) -> 1341 | J103: 1.3 | K103: =(I103+H103)/2*(1+AK103/100)*((1+G103*(B$128+AM103/100))*(1-B134)+J103*B$130) -> 1791.2992 | L103: =$C$29*D103 -> 298 | M103: =M7 -> 2544 | N103: =ROUND((L103*10+M103)*(100+AF103)/100,0) -> 6076 | O103: =M103/N103 -> 0.41869651 | P103: =P7 -> 204 | Q103: =(P103+E126)*AA103*(1+AH103/100) -> 264.384 | R103: =Q103/(A103*A103*3+A103*3+50+Q103) -> 0.16792854 | S103: =S55 -> 164.92267 | T103: =T7 -> 154.13333 | U103: =(S103+D103*$C$122)/($A103*50+S103+D103*$C$122+50) -> 0.23016163 | V103: =(T103+B103*$C$124)/($A103*50+T103+B103*$C$124+50) -> 0.47239716 | W103: =(装备属性设计!Z7*战斗力成长!AB7+D7*C$123*0.2)*(1+AJ7/100) -> 79.140444 | X103: =W103/((3*$A103*$A103+3*$A103+50)/4+W103) -> 0.1946202 | Y103: =(N103/(1-R103))/(1-U103)/(1-X103) -> 11777.601 | Z103: =Y103/K103 -> 6.5748936 | AA103: =AA7 -> 1.2 | AB103: =(AA103-1)/1.5+1 -> 1.1333333 | AC103: =AC55 -> 262 | AD103: =AD55 -> 0.090909091 | AE103: =AE55 -> 2 | AF103: =AF55 -> 10 | AG103: =AG55 -> 4 | AH103: =AH55 -> 8 | AI103: =AI55 -> 7 | AJ103: =AE103*8 -> 16 | AK103: =AE103*4 -> 8 | AL103: =AE103*8 -> 16 | AM103: =AE103*7 -> 14 | AN103: =AN55 -> 0.13793103 | AO103: =AO55 -> 0.13793103 | AP103: =AP55 -> 0 | AQ103: =AQ55 -> 0 | AR103: =AG103*K103/100/(1-X103)/(1-U103)/(1-R103) -> 138.88879 | AS103: =Y103*AE103/1000*2 -> 47.110406 | AT103: =AT55 -> 10236.558 | AU103: =AU55 -> 745.4934 | AV103: =AV55 -> 1.1 | AW103: =AW55 -> 1.03 | AX103: =AX55 -> 1.05 | AY103: =(MIN(AT103/(Y103+(AR103+AS103)/2*BB103),1)*AU103+K103)*AW103 -> 2429.3722 | AZ103: =(Y103+AT103+(AR103+AS103)*BB103)*AX103*AV103 -> 29293.277 | BA103: =AY103*AZ103^(1/3) -> 74888.772 | BB103: 18
A104: 25 | B104: =B8 -> 2000 | C104: 215 | D104: =C104+B104 -> 2215 | E104: =E8 -> 371.8 | F104: =(E104+$C$123*D104+D127)*(1+AL8/100) -> 688.228 | G104: =F104/(A104*A104*3+2*A104+53+F104) -> 0.25812796 | H104: =H8 -> 690.3 | I104: =D104*1.5*MAX($C$26:$C$29) -> 1993.5 | J104: 1.3 | K104: =(I104+H104)/2*(1+AK104/100)*((1+G104*(B$128+AM104/100))*(1-B135)+J104*B$130) -> 2742.9127 | L104: =$C$29*D104 -> 443 | M104: =M8 -> 4368 | N104: =ROUND((L104*10+M104)*(100+AF104)/100,0) -> 9678 | O104: =M104/N104 -> 0.45133292 | P104: =P8 -> 306 | Q104: =(P104+E127)*AA104*(1+AH104/100) -> 429.624 | R104: =Q104/(A104*A104*3+A104*3+50+Q104) -> 0.17682736 | S104: =S56 -> 304.308 | T104: =T8 -> 284.4 | U104: =(S104+D104*$C$122)/($A104*50+S104+D104*$C$122+50) -> 0.28798647 | V104: =(T104+B104*$C$124)/($A104*50+T104+B104*$C$124+50) -> 0.53311306 | W104: =(装备属性设计!Z8*战斗力成长!AB8+D8*C$123*0.2)*(1+AJ8/100) -> 125.03067 | X104: =W104/((3*$A104*$A104+3*$A104+50)/4+W104) -> 0.20003925 | Y104: =(N104/(1-R104))/(1-U104)/(1-X104) -> 20641.334 | Z104: =Y104/K104 -> 7.525334 | AA104: =AA8 -> 1.3 | AB104: =(AA104-1)/1.5+1 -> 1.2 | AC104: =AC56 -> 400 | AD104: =AD56 -> 0.090909091 | AE104: =AE56 -> 2 | AF104: =AF56 -> 10 | AG104: =AG56 -> 4 | AH104: =AH56 -> 8 | AI104: =AI56 -> 7 | AJ104: =AE104*8 -> 16 | AK104: =AE104*4 -> 8 | AL104: =AE104*8 -> 16 | AM104: =AE104*7 -> 14 | AN104: =AN56 -> 0.13793103 | AO104: =AO56 -> 0.13793103 | AP104: =AP56 -> 0 | AQ104: =AQ56 -> 0 | AR104: =AG104*K104/100/(1-X104)/(1-U104)/(1-R104) -> 234.00446 | AS104: =Y104*AE104/1000*2 -> 82.565337 | AT104: =AT56 -> 22668.779 | AU104: =AU56 -> 1252.0391 | AV104: =AV56 -> 1.1 | AW104: =AW56 -> 1.03 | AX104: =AX56 -> 1.05 | AY104: =(MIN(AT104/(Y104+(AR104+AS104)/2*BB104),1)*AU104+K104)*AW104 -> 4053.1425 | AZ104: =(Y104+AT104+(AR104+AS104)*BB104)*AX104*AV104 -> 57335.943 | BA104: =AY104*AZ104^(1/3) -> 156291.08 | BB104: 20
A105: 30 | B105: =B9 -> 2840 | C105: 250 | D105: =C105+B105 -> 3090 | E105: =E9 -> 477.1 | F105: =(E105+$C$123*D105+D128)*(1+AL9/100) -> 974.764 | G105: =F105/(A105*A105*3+2*A105+53+F105) -> 0.25734549 | H105: =H9 -> 1072.5 | I105: =D105*1.5*MAX($C$26:$C$29) -> 2781 | J105: 1.3 | K105: =(I105+H105)/2*(1+AK105/100)*((1+G105*(B$128+AM105/100))*(1-B136)+J105*B$130) -> 4121.5287 | L105: =$C$29*D105 -> 618 | M105: =M9 -> 4368 | N105: =ROUND((L105*10+M105)*(100+AF105)/100,0) -> 12130 | O105: =M105/N105 -> 0.36009893 | P105: =P9 -> 432 | Q105: =(P105+E128)*AA105*(1+AH105/100) -> 628.992 | R105: =Q105/(A105*A105*3+A105*3+50+Q105) -> 0.18131838 | S105: =S57 -> 493.272 | T105: =T9 -> 446.4 | U105: =(S105+D105*$C$122)/($A105*50+S105+D105*$C$122+50) -> 0.3410626 | V105: =(T105+B105*$C$124)/($A105*50+T105+B105*$C$124+50) -> 0.58112636 | W105: =(装备属性设计!Z9*战斗力成长!AB9+D9*C$123*0.2)*(1+AJ9/100) -> 160.056 | X105: =W105/((3*$A105*$A105+3*$A105+50)/4+W105) -> 0.18396057 | Y105: =(N105/(1-R105))/(1-U105)/(1-X105) -> 27554.368 | Z105: =Y105/K105 -> 6.6854729 | AA105: =AA9 -> 1.3 | AB105: =(AA105-1)/1.5+1 -> 1.2 | AC105: =AC57 -> 568 | AD105: =AD57 -> 0.090909091 | AE105: =AE57 -> 3 | AF105: =AF57 -> 15 | AG105: =AG57 -> 6 | AH105: =AH57 -> 12 | AI105: =AI57 -> 10.5 | AJ105: =AE105*8 -> 24 | AK105: =AE105*4 -> 12 | AL105: =AE105*8 -> 24 | AM105: =AE105*7 -> 21 | AN105: =AN57 -> 0.19354839 | AO105: =AO57 -> 0.19354839 | AP105: =AP57 -> 20 | AQ105: =AQ57 -> 0 | AR105: =AG105*K105/100/(1-U105)/(1-R105)*(1-(AP105*(1-AN105)/(AP105*(1-AN105)+VLOOKUP(A105,[1]怪物抗性与玩家穿透!$A$2:$I$74,8,0))))*(1-(AQ105*(1-AO105)/(VLOOKUP(A105,[1]怪物抗性与玩家穿透!$A$2:$I$74,9,0)+AQ105*(1-AO105)))) -> 455.79453 | AS105: =Y105*AE105/1000*2 -> 165.32621 | AT105: =AT57 -> 43754.725 | AU105: =AU57 -> 1893.8499 | AV105: =AV57 -> 1.1 | AW105: =AW57 -> 1.06 | AX105: =AX57 -> 1.05 | AY105: =(MIN(AT105/(Y105+(AR105+AS105)/2*BB105),1)*AU105+K105)*AW105 -> 6376.3013 | AZ105: =(Y105+AT105+(AR105+AS105)*BB105)*AX105*AV105 -> 98144.681 | BA105: =AY105*AZ105^(1/3) -> 294119.91 | BB105: 22
...

Sheet 装备属性设计
B2: 戒指 | C2: 戒指属性 | D2: 腰带 | E2: 腰带属性 | F2: 胸甲 | G2: 极品 | H2: 胸甲属性 | I2: 护腿 | J2: 极品 | K2: 护腿属性 | L2: 副手 | M2: 极品 | N2: 法术书 | O2: 极品 | P2: 副手属性 | Q2: 武器 | R2: 极品 | U2: 武器属性 | V2: 项链 | W2: 项链属性 | X2: 头盔 | Y2: 头盔属性 | Z2: 鞋子 | AA2: 鞋子属性 | AB2: 手套 | AC2: 手套属性
A3: 1 | B3: 20 | C3: 7 | D3: 100 | E3: 8 | F3: 3 | H3: 8 | I3: 3 | K3: 8 | L3: 4 | N3: 30 | P3: 11 | Q3: 8 | S3: ="103_"&ROUND(Q3/3,0)&"_"&ROUND(Q3/3,0)&","&"104_"&ROUND(Q3/3*2,0)&"_"&ROUND(Q3/3*2,0) -> 103_3_3,104_5_5 | T3: ="103_"&ROUND(R3/3,0)&"_"&ROUND(R3/3,0)&","&"104_"&ROUND(R3/3*2,0)&"_"&ROUND(R3/3*2,0) -> 103_0_0,104_0_0 | U3: 11 | V3: 0 | W3: 8 | X3: 0 | Y3: 8 | Z3: 3 | AA3: 8 | AB3: 9 | AC3: 8 | AE3: 85 | AG3: =AC3+AA3+Y3+W3+U3+P3+K3+H3+E3+C3 -> 85 | AH3: =A3*A3*3+3*A3+50 -> 56
A4: 5 | B4: 80 | C4: 30 | D4: 240 | E4: 30 | F4: 9 | H4: 30 | I4: 9 | K4: 30 | L4: 12 | M4: =L5*0.4+L4*0.6 -> 19.2 | N4: 110 | O4: =N5*0.4+N4*0.6 -> 162 | P4: 40 | Q4: 30 | R4: =Q5*0.4+Q4*0.6 -> 56.4 | S4: ="103_"&ROUND(Q4/3,0)&"_"&ROUND(Q4/3,0)&","&"104_"&ROUND(Q4/3*2,0)&"_"&ROUND(Q4/3*2,0) -> 103_10_10,104_20_20 | T4: ="103_"&ROUND(R4/3,0)&"_"&ROUND(R4/3,0)&","&"104_"&ROUND(R4/3*2,0)&"_"&ROUND(R4/3*2,0) -> 103_19_19,104_38_38 | U4: 40 | V4: 20 | W4: 30 | X4: 20 | Y4: 30 | Z4: 3 | AA4: 30 | AB4: 23 | AC4: 30 | AE4: 120 | AG4: =AC4+AA4+Y4+W4+U4+P4+K4+H4+E4+C4 -> 320 | AH4: =A4*A4*3+3*A4+50 -> 140
A5: 10 | B5: 150 | C5: 60 | D5: 480 | E5: 64 | F5: 20 | G5: =F6*0.4+F5*0.6 -> 27.6 | H5: 64 | I5: 20 | J5: =I6*0.4+I5*0.6 -> 27.6 | K5: 64 | L5: 30 | M5: =L6*0.4+L5*0.6 -> 59.2 | N5: 240 | O5: =N6*0.4+N5*0.6 -> 312 | P5: 80 | Q5: 96 | R5: =Q6*0.4+Q5*0.6 -> 120 | S5: ="103_"&ROUND(Q5/3,0)&"_"&ROUND(Q5/3,0)&","&"104_"&ROUND(Q5/3*2,0)&"_"&ROUND(Q5/3*2,0) -> 103_32_32,104_64_64 | T5: ="103_"&ROUND(R5/3,0)&"_"&ROUND(R5/3,0)&","&"104_"&ROUND(R5/3*2,0)&"_"&ROUND(R5/3*2,0) -> 103_40_40,104_80_80 | U5: 80 | V5: 20 | W5: 60 | X5: 64 | Y5: 64 | Z5: 12 | AA5: 60 | AB5: 43 | AC5: 60 | AE5: 656 | AG5: =AC5+AA5+Y5+W5+U5+P5+K5+H5+E5+C5 -> 656 | AH5: =A5*A5*3+3*A5+50 -> 380 | AI5: =AH5/Q5 -> 3.9583333
A6: 15 | B6: 185 | C6: 108 | D6: 1160 | E6: 108 | F6: 39 | G6: =F7*0.4+F6*0.6 -> 64.2 | H6: 108 | I6: 39 | J6: =I7*0.4+I6*0.6 -> 64.2 | K6: 108 | L6: 103 | M6: =L7*0.4+L6*0.6 -> 130.2 | N6: 420 | O6: =N7*0.4+N6*0.6 -> 472 | P6: 136 | Q6: 156 | R6: =Q7*0.4+Q6*0.6 -> 228.8 | S6: ="103_"&ROUND(Q6/3,0)&"_"&ROUND(Q6/3,0)&","&"104_"&ROUND(Q6/3*2,0)&"_"&ROUND(Q6/3*2,0) -> 103_52_52,104_104_104 | T6: ="103_"&ROUND(R6/3,0)&"_"&ROUND(R6/3,0)&","&"104_"&ROUND(R6/3*2,0)&"_"&ROUND(R6/3*2,0) -> 103_76_76,104_153_153 | U6: 136 | V6: 64 | W6: 108 | X6: 64 | Y6: 108 | Z6: 24 | AA6: 108 | AB6: 106 | AC6: 108 | AE6: 576.58 | AF6: 15 | AG6: =AC6+AA6+Y6+W6+U6+P6+K6+H6+E6+C6 -> 1136 | AH6: =A6*A6*3+3*A6+50 -> 770 | AI6: =AH6/Q6 -> 4.9358974
A7: 20 | B7: 240 | C7: 140 | D7: 2120 | E7: 140 | F7: 102 | G7: =F8*0.4+F7*0.6 -> 122.4 | H7: 140 | I7: 102 | J7: =I8*0.4+I7*0.6 -> 122.4 | K7: 140 | L7: 171 | M7: =L8*0.4+L7*0.6 -> 205 | N7: 550 | O7: =N8*0.4+N7*0.6 -> 606 | P7: 180 | Q7: 338 | R7: =Q8*0.4+Q7*0.6 -> 415.2 | S7: ="103_"&ROUND(Q7/3,0)&"_"&ROUND(Q7/3,0)&","&"104_"&ROUND(Q7/3*2,0)&"_"&ROUND(Q7/3*2,0) -> 103_113_113,104_225_225 | T7: ="103_"&ROUND(R7/3,0)&"_"&ROUND(R7/3,0)&","&"104_"&ROUND(R7/3*2,0)&"_"&ROUND(R7/3*2,0) -> 103_138_138,104_277_277 | U7: 180 | V7: 136 | W7: 140 | X7: 136 | Y7: 140 | Z7: 40 | AA7: 140 | AB7: 211 | AC7: 140 | AE7: 847.5726 | AF7: 20 | AG7: =AC7+AA7+Y7+W7+U7+P7+K7+H7+E7+C7 -> 1480 | AH7: =A7*A7*3+3*A7+50 -> 1310 | AI7: =AH7/Q7 -> 3.8757396
A8: 25 | B8: 330 | C8: 160 | D8: 3360 | E8: 168 | F8: 153 | G8: =F9*0.4+F8*0.6 -> 178.2 | H8: 168 | I8: 153 | J8: =I9*0.4+I8*0.6 -> 178.2 | K8: 168 | L8: 256 | M8: =L9*0.4+L8*0.6 -> 300.8 | N8: 690 | O8: =N9*0.4+N8*0.6 -> 766 | P8: 216 | Q8: 531 | R8: =Q9*0.4+Q8*0.6 -> 648.6 | S8: ="103_"&ROUND(Q8/3,0)&"_"&ROUND(Q8/3,0)&","&"104_"&ROUND(Q8/3*2,0)&"_"&ROUND(Q8/3*2,0) -> 103_177_177,104_354_354 | T8: ="103_"&ROUND(R8/3,0)&"_"&ROUND(R8/3,0)&","&"104_"&ROUND(R8/3*2,0)&"_"&ROUND(R8/3*2,0) -> 103_216_216,104_432_432 | U8: 216 | V8: 237 | W8: 160 | X8: 237 | Y8: 168 | Z8: 62 | AA8: 164 | AB8: 286 | AC8: 164 | AE8: 1245.9317 | AF8: 25 | AG8: =AC8+AA8+Y8+W8+U8+P8+K8+H8+E8+C8 -> 1752 | AH8: =A8*A8*3+3*A8+50 -> 2000 | AI8: =AH8/Q8 -> 3.7664783
A9: 30 | B9: 460 | C9: 220 | D9: 3360 | E9: 232 | F9: 216 | G9: =F10*0.4+F9*0.6 -> 246.8 | H9: 232 | I9: 216 | J9: =I10*0.4+I9*0.6 -> 246.8 | K9: 232 | L9: 368 | M9: =L10*0.4+L9*0.6 -> 491.2 | N9: 880 | O9: =N10*0.4+N9*0.6 -> 944 | P9: 300 | Q9: 825 | R9: =Q10*0.4+Q9*0.6 -> 1026.6 | S9: ="103_"&ROUND(Q9/3,0)&"_"&ROUND(Q9/3,0)&","&"104_"&ROUND(Q9/3*2,0)&"_"&ROUND(Q9/3*2,0) -> 103_275_275,104_550_550 | T9: ="103_"&ROUND(R9/3,0)&"_"&ROUND(R9/3,0)&","&"104_"&ROUND(R9/3*2,0)&"_"&ROUND(R9/3*2,0) -> 103_342_342,104_684_684 | U9: 300 | V9: 372 | W9: 220 | X9: 372 | Y9: 232 | Z9: 72 | AA9: 224 | AB9: 367 | AC9: 224 | AE9: 1831.5196 | AF9: 30 | AG9: =AC9+AA9+Y9+W9+U9+P9+K9+H9+E9+C9 -> 2416 | AH9: =A9*A9*3+3*A9+50 -> 2840 | AI9: =AH9/Q9 -> 3.4424242
A10: 35 | B10: 590 | C10: 292 | D10: 4900 | E10: 292 | F10: 293 | G10: =F11*0.4+F10*0.6 -> 374.6 | H10: 292 | I10: 293 | J10: =I11*0.4+I10*0.6 -> 374.6 | K10: 292 | L10: 676 | M10: =L11*0.4+L10*0.6 -> 757.6 | N10: 1040 | O10: =N11*0.4+N10*0.6 -> 1120 | P10: 416 | Q10: 1329 | R10: =Q11*0.4+Q10*0.6 -> 1601.4 | S10: ="103_"&ROUND(Q10/3,0)&"_"&ROUND(Q10/3,0)&","&"104_"&ROUND(Q10/3*2,0)&"_"&ROUND(Q10/3*2,0) -> 103_443_443,104_886_886 | T10: ="103_"&ROUND(R10/3,0)&"_"&ROUND(R10/3,0)&","&"104_"&ROUND(R10/3*2,0)&"_"&ROUND(R10/3*2,0) -> 103_534_534,104_1068_1068 | U10: 416 | V10: 542 | W10: 292 | X10: 596 | Y10: 292 | Z10: 82 | AA10: 292 | AB10: 588 | AC10: 292 | AE10: 3121 | AF10: 35 | AG10: =AC10+AA10+Y10+W10+U10+P10+K10+H10+E10+C10 -> 3168 | AH10: =A10*A10*3+3*A10+50 -> 3830 | AI10: =AH10/Q10 -> 2.8818661
A11: 40 | B11: 740 | C11: 368 | D11: 6720 | E11: 368 | F11: 497 | G11: =F12*0.4+F11*0.6 -> 549.4 | H11: 368 | I11: 497 | J11: =I12*0.4+I11*0.6 -> 549.4 | K11: 368 | L11: 880 | M11: =L12*0.4+L11*0.6 -> 1029.2 | N11: 1240 | O11: =N12*0.4+N11*0.6 -> 1272 | P11: 460 | Q11: 2010 | R11: =Q12*0.4+Q11*0.6 -> 2231.2 | S11: ="103_"&ROUND(Q11/3,0)&"_"&ROUND(Q11/3,0)&","&"104_"&ROUND(Q11/3*2,0)&"_"&ROUND(Q11/3*2,0) -> 103_670_670,104_1340_1340 | T11: ="103_"&ROUND(R11/3,0)&"_"&ROUND(R11/3,0)&","&"104_"&ROUND(R11/3*2,0)&"_"&ROUND(R11/3*2,0) -> 103_744_744,104_1487_1487 | U11: 460 | V11: 542 | W11: 368 | X11: 751 | Y11: 368 | Z11: 108 | AA11: 368 | AB11: 880 | AC11: 368 | AE11: 3948 | AF11: 40 | AG11: =AC11+AA11+Y11+W11+U11+P11+K11+H11+E11+C11 -> 3864 | AH11: =A11*A11*3+3*A11+50 -> 4970 | AI11: =AH11/Q11 -> 2.4726368
A12: 45 | C12: 496 | D12: 8840 | E12: 496 | F12: 628 | G12: =F13*0.4+F12*0.6 -> 688.8 | H12: 496 | I12: 628 | J12: =I13*0.4+I12*0.6 -> 688.8 | K12: 496 | L12: 1253 | M12: =L13*0.4+L12*0.6 -> 1312.2 | N12: 1320 | O12: =N13*0.4+N12*0.6 -> 1368 | P12: 560 | Q12: 2563 | R12: =Q13*0.4+Q12*0.6 -> 2854.2 | S12: ="103_"&ROUND(Q12/3,0)&"_"&ROUND(Q12/3,0)&","&"104_"&ROUND(Q12/3*2,0)&"_"&ROUND(Q12/3*2,0) -> 103_854_854,104_1709_1709 | T12: ="103_"&ROUND(R12/3,0)&"_"&ROUND(R12/3,0)&","&"104_"&ROUND(R12/3*2,0)&"_"&ROUND(R12/3*2,0) -> 103_951_951,104_1903_1903 | U12: 560 | V12: 751 | W12: 496 | X12: 751 | Y12: 496 | Z12: 137 | AA12: 496 | AB12: 1255 | AC12: 496 | AE12: 4994.1378 | AF12: 45 | AG12: =AC12+AA12+Y12+W12+U12+P12+K12+H12+E12+C12 -> 5088 | AH12: =A12*A12*3+3*A12+50 -> 6260 | AI12: =AH12/Q12 -> 2.4424503
A13: 50 | B13: 975 | C13: 560 | D13: 11560 | E13: 560 | F13: 780 | G13: =F14*0.4+F13*0.6 -> 929.2 | H13: 560 | I13: 780 | J13: =I14*0.4+I13*0.6 -> 929.2 | K13: 560 | L13: 1401 | M13: =L14*0.4+L13*0.6 -> 1633 | N13: 1440 | O13: =N14*0.4+N13*0.6 -> 1576 | P13: 680 | Q13: 3291 | R13: =Q14*0.4+Q13*0.6 -> 3665.8 | S13: ="103_"&ROUND(Q13/3,0)&"_"&ROUND(Q13/3,0)&","&"104_"&ROUND(Q13/3*2,0)&"_"&ROUND(Q13/3*2,0) -> 103_1097_1097,104_2194_2194 | T13: ="103_"&ROUND(R13/3,0)&"_"&ROUND(R13/3,0)&","&"104_"&ROUND(R13/3*2,0)&"_"&ROUND(R13/3*2,0) -> 103_1222_1222,104_2444_2444 | U13: 680 | V13: 1000 | W13: 560 | X13: 1000 | Y13: 560 | Z13: 172 | AA13: 560 | AB13: 1726 | AC13: 560 | AE13: 6317.4803 | AF13: 50 | AG13: =AC13+AA13+Y13+W13+U13+P13+K13+H13+E13+C13 -> 5840 | AH13: =A13*A13*3+3*A13+50 -> 7700 | AI13: =AH13/Q13 -> 2.3397144
A14: 55 | B14: 1080 | C14: 680 | D14: 13920 | E14: 680 | F14: 1153 | G14: =F15*0.4+F14*0.6 -> 1242.6 | H14: 680 | I14: 1153 | J14: =I15*0.4+I14*0.6 -> 1242.6 | K14: 680 | L14: 1981 | M14: =L15*0.4+L14*0.6 -> 2194.6 | N14: 1780 | O14: =N15*0.4+N14*0.6 -> 1972 | P14: 880 | Q14: 4228 | R14: =Q15*0.4+Q14*0.6 -> 4945.2 | S14: ="103_"&ROUND(Q14/3,0)&"_"&ROUND(Q14/3,0)&","&"104_"&ROUND(Q14/3*2,0)&"_"&ROUND(Q14/3*2,0) -> 103_1409_1409,104_2819_2819 | T14: ="103_"&ROUND(R14/3,0)&"_"&ROUND(R14/3,0)&","&"104_"&ROUND(R14/3*2,0)&"_"&ROUND(R14/3*2,0) -> 103_1648_1648,104_3297_3297 | U14: 880 | V14: 1291 | W14: 680 | X14: 1291 | Y14: 680 | Z14: 216 | AA14: 680 | AB14: 1726 | AC14: 680 | AE14: 7991.481 | AF14: 55 | AG14: =AC14+AA14+Y14+W14+U14+P14+K14+H14+E14+C14 -> 7200 | AH14: =A14*A14*3+3*A14+50 -> 9290 | AI14: =AH14/Q14 -> 2.1972564
A15: 60 | B15: 1260 | C15: 880 | D15: 13920 | E15: 880 | F15: 1377 | G15: =F16*0.4+F15*0.6 -> 1477.4 | H15: 880 | I15: 1377 | J15: =I16*0.4+I15*0.6 -> 1477.4 | K15: 880 | L15: 2515 | M15: =L16*0.4+L15*0.6 -> 2704.2 | N15: 2260 | O15: =N16*0.4+N15*0.6 -> 2404 | P15: 1180 | Q15: 6021 | R15: =Q16*0.4+Q15*0.6 -> 6756.2 | S15: ="103_"&ROUND(Q15/3,0)&"_"&ROUND(Q15/3,0)&","&"104_"&ROUND(Q15/3*2,0)&"_"&ROUND(Q15/3*2,0) -> 103_2007_2007,104_4014_4014 | T15: ="103_"&ROUND(R15/3,0)&"_"&ROUND(R15/3,0)&","&"104_"&ROUND(R15/3*2,0)&"_"&ROUND(R15/3*2,0) -> 103_2252_2252,104_4504_4504 | U15: 1180 | V15: 1628 | W15: 880 | X15: 1628 | Y15: 880 | Z15: 271 | AA15: 880 | AB15: 2300 | AC15: 880 | AE15: 10109.057 | AF15: 60 | AG15: =AC15+AA15+Y15+W15+U15+P15+K15+H15+E15+C15 -> 9400 | AH15: =A15*A15*3+3*A15+50 -> 11030 | AI15: =AH15/Q15 -> 1.8319216
A16: 65 | B16: 1470 | C16: 1060 | D16: 16900 | E16: 1060 | F16: 1628 | G16: =F17*0.4+F16*0.6 -> 1714.4 | H16: 1060 | I16: 1628 | J16: =I17*0.4+I16*0.6 -> 1714.4 | K16: 1060 | L16: 2988 | M16: =L17*0.4+L16*0.6 -> 3201.6 | N16: 2620 | O16: =N17*0.4+N16*0.6 -> 2804 | P16: 1450 | Q16: 7859 | R16: =Q17*0.4+Q16*0.6 -> 8638.6 | S16: ="103_"&ROUND(Q16/3,0)&"_"&ROUND(Q16/3,0)&","&"104_"&ROUND(Q16/3*2,0)&"_"&ROUND(Q16/3*2,0) -> 103_2620_2620,104_5239_5239 | T16: ="103_"&ROUND(R16/3,0)&"_"&ROUND(R16/3,0)&","&"104_"&ROUND(R16/3*2,0)&"_"&ROUND(R16/3*2,0) -> 103_2880_2880,104_5759_5759 | U16: 1450 | V16: 2015 | W16: 1060 | X16: 2015 | Y16: 1060 | Z16: 352 | AA16: 1060 | AB16: 3884 | AC16: 1060 | AE16: 13167 | AF16: 65 | AG16: =AC16+AA16+Y16+W16+U16+P16+K16+H16+E16+C16 -> 11380 | AH16: =A16*A16*3+3*A16+50 -> 12920 | AI16: =AH16/Q16 -> 1.6439751
A17: 70 | B17: 1620 | C17: 1280 | D17: 19200 | E17: 1280 | F17: 1844 | G17: 1984 | H17: 1280 | I17: 1844 | J17: 1984.4 | K17: 1280 | L17: 3522 | M17: 3691 | N17: 3080 | O17: 3188 | P17: 1720 | Q17: 9808 | R17: 10458 | S17: ="103_"&ROUND(Q17/3,0)&"_"&ROUND(Q17/3,0)&","&"104_"&ROUND(Q17/3*2,0)&"_"&ROUND(Q17/3*2,0) -> 103_3269_3269,104_6539_6539 | T17: ="103_"&ROUND(R17/3,0)&"_"&ROUND(R17/3,0)&","&"104_"&ROUND(R17/3*2,0)&"_"&ROUND(R17/3*2,0) -> 103_3486_3486,104_6972_6972 | U17: 1720 | V17: 2256 | W17: 1280 | X17: 2256 | Y17: 1280 | Z17: 442 | AA17: 1280 | AB17: 4189 | AC17: 1280 | AF17: 70 | AG17: 13680 | AH17: 14960 | AI17: 1.5252855
A18: 75 | B18: 1760 | C18: 1440 | D18: =E18*15 -> 21600 | E18: 1440 | F18: 2195 | G18: =ROUND(F19*0.4+F18*0.6,0) -> 2346 | H18: 1440 | I18: 2195 | J18: =I19*0.4+I18*0.6 -> 2346.2 | K18: 1440 | L18: =ROUND(AH18*0.23,0) -> 3945 | M18: =ROUND(L19*0.4+L18*0.6,0) -> 4082 | N18: 3350 | O18: =ROUND(N19*0.4+N18*0.6,-1) -> 3450 | P18: 1960 | Q18: =ROUND(AH18/1.5,0) -> 11433 | R18: =Q19*0.4+Q18*0.6 -> 12057 | S18: ="103_"&ROUND(Q18/3,0)&"_"&ROUND(Q18/3,0)&","&"104_"&ROUND(Q18/3*2,0)&"_"&ROUND(Q18/3*2,0) -> 103_3811_3811,104_7622_7622 | T18: ="103_"&ROUND(R18/3,0)&"_"&ROUND(R18/3,0)&","&"104_"&ROUND(R18/3*2,0)&"_"&ROUND(R18/3*2,0) -> 103_4019_4019,104_8038_8038 | U18: 1960 | V18: 2633 | W18: 1440 | X18: 2633 | Y18: 1440 | Z18: 515 | AA18: 1440 | AB18: =ROUND(AH18*0.27,0) -> 4631 | AC18: 1440 | AF18: 75 | AG18: =AC18+AA18+Y18+W18+U18+P18+K18+H18+E18+C18 -> 15440 | AH18: =A18*A18*3+3*A18+50 -> 17150
A19: 80 | B19: 1900 | C19: 1621 | D19: 24080 | E19: 1621 | F19: 2573 | G19: =ROUND(F20*0.4+F19*0.6,0) -> 2739 | H19: 1621 | I19: 2573 | J19: =I20*0.4+I19*0.6 -> 2739.4 | K19: 1621 | L19: =ROUND(AH19*0.22,0) -> 4288 | M19: =ROUND(L20*0.4+L19*0.6,0) -> 4419 | N19: 3610 | O19: =ROUND(N20*0.4+N19*0.6,-1) -> 3680 | P19: 2292 | Q19: =ROUND(AH19/1.5,0) -> 12993 | R19: =Q20*0.4+Q19*0.6 -> 13657 | S19: ="103_"&ROUND(Q19/3,0)&"_"&ROUND(Q19/3,0)&","&"104_"&ROUND(Q19/3*2,0)&"_"&ROUND(Q19/3*2,0) -> 103_4331_4331,104_8662_8662 | T19: ="103_"&ROUND(R19/3,0)&"_"&ROUND(R19/3,0)&","&"104_"&ROUND(R19/3*2,0)&"_"&ROUND(R19/3*2,0) -> 103_4552_4552,104_9105_9105 | U19: 2292 | V19: 3066 | W19: 1621 | X19: 3066 | Y19: 1621 | Z19: 568 | AA19: 1621 | AB19: =ROUND(AH19*0.26,0) -> 5067 | AC19: =ROUND(AG19/10.7,0) -> 1621 | AE19: =AG19-AG18 -> 1910 | AG19: =ROUND(AH19*0.89,-1) -> 17350 | AH19: =A19*A19*3+3*A19+50 -> 19490
A20: 85 | B20: 2020 | C20: 1807 | D20: 27040 | E20: 1807 | F20: 2989 | G20: =ROUND(F21*0.4+F20*0.6,0) -> 3172 | H20: 1807 | I20: 2989 | J20: =I21*0.4+I20*0.6 -> 3172.2 | K20: 1807 | L20: =ROUND(AH20*0.21,0) -> 4616 | M20: =ROUND(L21*0.4+L20*0.6,0) -> 4739 | N20: 3790 | O20: =ROUND(N21*0.4+N20*0.6,-1) -> 3890 | P20: 2555 | Q20: =ROUND(AH20/1.5,0) -> 14653 | R20: =Q21*0.4+Q20*0.6 -> 15357 | S20: ="103_"&ROUND(Q20/3,0)&"_"&ROUND(Q20/3,0)&","&"104_"&ROUND(Q20/3*2,0)&"_"&ROUND(Q20/3*2,0) -> 103_4884_4884,104_9769_9769 | T20: ="103_"&ROUND(R20/3,0)&"_"&ROUND(R20/3,0)&","&"104_"&ROUND(R20/3*2,0)&"_"&ROUND(R20/3*2,0) -> 103_5119_5119,104_10238_10238 | U20: 2555 | V20: 3672 | W20: 1807 | X20: 3672 | Y20: 1807 | Z20: 661 | AA20: 1807 | AB20: =ROUND(AH20*0.25,0) -> 5495 | AC20: =ROUND(AG20/10.7,0) -> 1807 | AE20: =AG20-AG19 -> 1990 | AG20: =ROUND(AH20*0.88,-1) -> 19340 | AH20: =A20*A20*3+3*A20+50 -> 21980
A21: 90 | B21: 2150 | C21: 2002 | D21: 29800 | E21: 2002 | F21: 3447 | G21: =ROUND(F22*0.4+F21*0.6,0) -> 3603 | H21: 2002 | I21: 3447 | J21: =I22*0.4+I21*0.6 -> 3603 | K21: 2002 | L21: =ROUND(AH21*0.2,0) -> 4924 | M21: =ROUND(L22*0.4+L21*0.6,0) -> 5147 | N21: =B20*2 -> 4040 | O21: =ROUND(N22*0.4+N21*0.6,-1) -> 4140 | P21: 2829 | Q21: =ROUND(AH21/1.5,0) -> 16413 | R21: =Q22*0.4+Q21*0.6 -> 17157 | S21: ="103_"&ROUND(Q21/3,0)&"_"&ROUND(Q21/3,0)&","&"104_"&ROUND(Q21/3*2,0)&"_"&ROUND(Q21/3*2,0) -> 103_5471_5471,104_10942_10942 | T21: ="103_"&ROUND(R21/3,0)&"_"&ROUND(R21/3,0)&","&"104_"&ROUND(R21/3*2,0)&"_"&ROUND(R21/3*2,0) -> 103_5719_5719,104_11438_11438 | U21: 2829 | V21: 4428 | W21: 2002 | X21: 4428 | Y21: 2002 | Z21: 715 | AA21: 2002 | AB21: =ROUND(AH21*0.25,0) -> 6155 | AC21: =ROUND(AG21/10.7,0) -> 2002 | AE21: =AG21-AG20 -> 2080 | AG21: =ROUND(AH21*0.87,-1) -> 21420 | AH21: =A21*A21*3+3*A21+50 -> 24620
A22: 95 | B22: 2240 | C22: 2203 | D22: 32760 | E22: 2203 | F22: 3837 | G22: =ROUND(F23*0.4+F22*0.6,0) -> 4002 | H22: 2203 | I22: 3837 | J22: =I23*0.4+I22*0.6 -> 4001.8 | K22: 2203 | L22: =ROUND(AH22*0.2,0) -> 5482 | M22: =ROUND(L23*0.4+L22*0.6,0) -> 5717 | N22: 4280 | O22: =ROUND(N23*0.4+N22*0.6,-1) -> 4390 | P22: 3114 | Q22: =ROUND(AH22/1.5,0) -> 18273 | R22: =Q23*0.4+Q22*0.6 -> 19057 | S22: ="103_"&ROUND(Q22/3,0)&"_"&ROUND(Q22/3,0)&","&"104_"&ROUND(Q22/3*2,0)&"_"&ROUND(Q22/3*2,0) -> 103_6091_6091,104_12182_12182 | T22: ="103_"&ROUND(R22/3,0)&"_"&ROUND(R22/3,0)&","&"104_"&ROUND(R22/3*2,0)&"_"&ROUND(R22/3*2,0) -> 103_6352_6352,104_12705_12705 | U22: 3114 | V22: 5346 | W22: 2203 | X22: 5346 | Y22: 2203 | Z22: 786 | AA22: 2203 | AB22: =ROUND(AH22*0.25,0) -> 6853 | AC22: =ROUND(AG22/10.7,0) -> 2203 | AE22: =AG22-AG21 -> 2150 | AG22: =ROUND(AH22*0.86,-1) -> 23570 | AH22: =A22*A22*3+3*A22+50 -> 27410
A23: 100 | B23: 2360 | C23: 2411 | D23: 36120 | E23: 2411 | F23: 4249 | H23: 2411 | I23: 4249 | K23: 2411 | L23: =ROUND(AH23*0.2,0) -> 6070 | N23: 4560 | P23: 3408 | Q23: =ROUND(AH23/1.5,0) -> 20233 | S23: ="103_"&ROUND(Q23/3,0)&"_"&ROUND(Q23/3,0)&","&"104_"&ROUND(Q23/3*2,0)&"_"&ROUND(Q23/3*2,0) -> 103_6744_6744,104_13489_13489 | U23: 3408 | V23: 6460 | W23: 2411 | X23: 6460 | Y23: 2411 | Z23: 871 | AA23: 2411 | AB23: =ROUND(AH23*0.25,0) -> 7588 | AC23: =ROUND(AG23/10.7,0) -> 2411 | AE23: =AG23-AG22 -> 2230 | AG23: =ROUND(AH23*0.85,-1) -> 25800 | AH23: =A23*A23*3+3*A23+50 -> 30350
B24: 魔法值 | D24: 生命值 | F24: 护甲 | I24: 护甲 | L24: 护甲/暴击 | N24: 魔法值 | V24: 魔抗 | X24: 物抗 | Z24: 闪避 | AB24: 暴击
C25: 控制技能消耗 | E25: 腰带占生命比不变 | H25: 提供和盾牌相当的护甲 | M25: 提供稳定的减伤 | O25: 提供比较可观的输出增强 | Q25: 提供更高的伤害占比 | W25: 魔抗不要高 | Y25: 物抗也不要高 | AA25: 闪避可以适当提升 | AC25: 暴击保持百分比

Sheet 地图强度
A1: id | B1: 名字(name) | C1: 等级区间 | D1: BOSS等级 | E1: BOSS血量 | K1: 怪物等级 | L1: 怪物血量 | O1: 参考伤害 | P1: 回合数 | R1: 人物伤害 | S1: 技能倍数 | U1: 人物血量 | V1: 人物HPS | W1: BOSS伤害 | X1: 狂暴机制下参考输出 | Z1: 怪物伤害
A2: 1 | B2: 新手试炼 | C2: 1--3 | D2: 3 | E2: 204 | F2: =E2/INDEX(O$2:O$101,D2) -> 0.84544317 | K2: 1 | L2: 100 | O2: =R2*S2 -> 146.76948 | Q2: 1 | R2: =战斗力成长!AY51 -> 146.76948 | S2: 1 | U2: =战斗力成长!Y99 -> 508.7395 | V2: =(战斗力成长!AR51+战斗力成长!AS51)*战斗力成长!AX51 -> 0 | W2: =V2+U2/(15+A2/4) -> 33.359967 | X2: =W2/(IF(15+K2/4>25,25+(1+15+K2/4-25)*(15+K2/4-25)/2,15+K2/4)/(15+K2/4)) -> 33.359967 | Y2: =ROUND(W2*2*AA2/100,0) -> 10 | Z2: =ROUND(R2*AA2/100,0)*0.6 -> 13.2 | AA2: 15 | AB2: =ROUND(Z2*0.65,0) -> 9
A3: 2 | B3: 怒焰裂谷 | C3: 2--4 | D3: 4 | E3: 269 | F3: =E3/INDEX(O$2:O$101,D3) -> 0.89377783 | K3: 2 | L3: 120 | O3: =R3*S3 -> 190.41869 | P3: =L3/O3 -> 0.63019024 | Q3: 2 | R3: =R2*POWER(POWER(R6/R2,0.33),1) -> 190.41869 | S3: 1 | U3: =U2*POWER(POWER(U6/U2,0.33),1) -> 650.10895 | W3: =V3+U3/(15+A3/4) -> 41.942513 | X3: =W3/(IF(15+K3/4>25,25+(1+15+K3/4-25)*(15+K3/4-25)/2,15+K3/4)/(15+K3/4)) -> 41.942513 | Y3: =ROUND(W3*2*AA3/100,0) -> 15 | Z3: =ROUND(R3*AA3/100,0)*0.6 -> 20.4 | AA3: 18 | AB3: =ROUND(Z3*0.65,0) -> 13
A4: 3 | B4: 死亡矿井 | C4: 3--6 | D4: 6 | E4: 396 | F4: =E4/INDEX(O$2:O$101,D4) -> 1.0147542 | K4: 3 | L4: 136 | O4: =R4*S4 -> 241.29357 | P4: =L4/O4 -> 0.56362878 | Q4: 3 | R4: =R3*POWER(POWER(R7/R3,0.33),1) -> 241.29357 | S4: 1 | U4: =U3*POWER(POWER(U7/U3,0.33),1) -> 814.2146 | W4: =V4+U4/(15+A4/4) -> 51.696165 | X4: =W4/(IF(15+K4/4>25,25+(1+15+K4/4-25)*(15+K4/4-25)/2,15+K4/4)/(15+K4/4)) -> 51.696165 | Y4: =ROUND(W4*2*AA4/100,0) -> 22 | Z4: =ROUND(R4*AA4/100,0)*0.6 -> 30.6 | AA4: 21 | AB4: =ROUND(Z4*0.65,0) -> 20
A5: 4 | B5: 哀嚎洞穴 | C5: 5--8 | D5: 8 | E5: 612 | F5: =E5/INDEX(O$2:O$101,D5) -> 1.0747705 | K5: 4 | L5: 149 | M5: 1 | O5: =R5*S5 -> 300.96965 | P5: =L5/O5 -> 0.49506653 | Q5: 4 | R5: =R4*POWER(POWER(R8/R4,0.33),1) -> 300.96965 | S5: 1 | U5: =U4*POWER(POWER(U8/U4,0.33),1) -> 1006.0909 | W5: =V5+U5/(15+A5/4) -> 62.88068 | X5: =W5/(IF(15+K5/4>25,25+(1+15+K5/4-25)*(15+K5/4-25)/2,15+K5/4)/(15+K5/4)) -> 62.88068 | Y5: =ROUND(W5*2*AA5/100,0) -> 30 | Z5: =ROUND(R5*AA5/100,0)*0.6 -> 43.2 | AA5: 24 | AB5: =ROUND(Z5*0.65,0) -> 28
A6: 5 | B6: 影牙城堡 | C6: 7--10 | D6: 10 | E6: 928 | F6: =E6/INDEX(O$2:O$101,D6) -> 1.1168915 | K6: 5 | L6: 175 | M6: 1 | O6: =R6*S6 -> 323.06037 | P6: =L6/O6 -> 0.54169443 | Q6: 5 | R6: =战斗力成长!AY52 -> 323.06037 | S6: 1 | U6: =战斗力成长!Y100 -> 1069.5337 | V6: =(战斗力成长!AR52+战斗力成长!AS52)*战斗力成长!AX52 -> 0 | W6: =V6+U6/(15+A6/4) -> 65.817461 | X6: =W6/(IF(15+K6/4>25,25+(1+15+K6/4-25)*(15+K6/4-25)/2,15+K6/4)/(15+K6/4)) -> 65.817461 | Y6: =ROUND(W6*2*AA6/100,0) -> 36 | Z6: =ROUND(R6*AA6/100,0)*0.6 -> 52.2 | AA6: 27 | AB6: =ROUND(Z6*0.65,0) -> 34
A7: 6 | B7: 黑暗深渊 | C7: 9--12 | D7: 12 | E7: 1428 | F7: =E7/INDEX(O$2:O$101,D7) -> 1.2961972 | K7: 6 | L7: 189 | M7: 1 | O7: =R7*S7 -> 390.2423 | P7: =L7/O7 -> 0.48431449 | Q7: 6 | R7: =R6*POWER(POWER(R$11/R$6,0.2),1) -> 390.2423 | S7: 1 | U7: =U6*POWER(POWER(U$11/U$6,0.2),1) -> 1285.8982 | W7: =V7+U7/(15+A7/4) -> 77.933222 | X7: =W7/(IF(15+K7/4>25,25+(1+15+K7/4-25)*(15+K7/4-25)/2,15+K7/4)/(15+K7/4)) -> 77.933222 | Y7: =ROUND(W7*2*AA7/100,0) -> 47 | Z7: =ROUND(R7*AA7/100,0)*0.6 -> 70.2 | AA7: 30 | AB7: =ROUND(Z7*0.65,0) -> 46
A8: 7 | B8: 暴风城监狱 | C8: 11--14 | D8: 14 | E8: 2138 | F8: =E8/INDEX(O$2:O$101,D8) -> 1.4636272 | K8: 7 | L8: 210 | M8: 1 | O8: =R8*S8 -> 471.39504 | P8: =L8/O8 -> 0.44548623 | Q8: 7 | R8: =R7*POWER(POWER(R$11/R$6,0.2),1) -> 471.39504 | S8: 1 | U8: =U7*POWER(POWER(U$11/U$6,0.2),1) -> 1546.0327 | W8: =V8+U8/(15+A8/4) -> 92.300457 | X8: =W8/(IF(15+K8/4>25,25+(1+15+K8/4-25)*(15+K8/4-25)/2,15+K8/4)/(15+K8/4)) -> 92.300457 | Y8: =ROUND(W8*2*AA8/100,0) -> 61 | Z8: =ROUND(R8*AA8/100,0)*0.6 -> 93.6 | AA8: 33 | AB8: =ROUND(Z8*0.65,0) -> 61
A9: 8 | B9: 剃刀沼泽 | C9: 13-16 | D9: 16 | E9: 3180 | F9: 3.2 | K9: 8 | L9: 238 | M9: 1 | O9: =R9*S9 -> 569.42387 | P9: =L9/O9 -> 0.41796632 | Q9: 8 | R9: =R8*POWER(POWER(R$11/R$6,0.2),1) -> 569.42387 | S9: 1 | U9: =U8*POWER(POWER(U$11/U$6,0.2),1) -> 1858.7918 | W9: =V9+U9/(15+A9/4) -> 109.34069 | X9: =W9/(IF(15+K9/4>25,25+(1+15+K9/4-25)*(15+K9/4-25)/2,15+K9/4)/(15+K9/4)) -> 109.34069 | Y9: =ROUND(W9*2*AA9/100,0) -> 79 | Z9: =ROUND(R9*AA9/100,0)*0.6 -> 123 | AA9: 36 | AB9: =ROUND(Z9*0.65,0) -> 80
A10: 9 | B10: 诺莫瑞根 | C10: 15-18 | D10: 18 | E10: 4602 | F10: 3.8 | K10: 9 | L10: 304 | M10: 1 | O10: =R10*S10 -> 687.83827 | P10: =L10/O10 -> 0.44196436 | Q10: 9 | R10: =R9*POWER(POWER(R$11/R$6,0.2),1) -> 687.83827 | S10: 1 | U10: =U9*POWER(POWER(U$11/U$6,0.2),1) -> 2234.8215 | W10: =V10+U10/(15+A10/4) -> 129.55487 | X10: =W10/(IF(15+K10/4>25,25+(1+15+K10/4-25)*(15+K10/4-25)/2,15+K10/4)/(15+K10/4)) -> 129.55487 | Y10: =ROUND(W10*2*AA10/100,0) -> 101 | Z10: =ROUND(R10*AA10/100,0)*0.6 -> 160.8 | AA10: 39 | AB10: =ROUND(Z10*0.65,0) -> 105
A11: 10 | B11: 血色修道院 | C11: 17-20 | D11: 20 | E11: 6526 | F11: 4.4 | K11: 10 | L11: 344 | M11: 1 | O11: =R11*S11 -> 830.8775 | P11: =L11/O11 -> 0.41402012 | Q11: 10 | R11: =战斗力成长!AY53 -> 830.8775 | S11: 1 | U11: =战斗力成长!Y101 -> 2686.9211 | V11: =(战斗力成长!AR53+战斗力成长!AS53)*战斗力成长!AX53 -> 47.871266 | W11: =V11+U11/(15+A11/4) -> 201.40962 | X11: =W11/(IF(15+K11/4>25,25+(1+15+K11/4-25)*(15+K11/4-25)/2,15+K11/4)/(15+K11/4)) -> 201.40962 | Y11: =ROUND(W11*2*AA11/100,0) -> 169 | Z11: =ROUND(R11*AA11/100,0)*0.6 -> 209.4 | AA11: 42 | AB11: =ROUND(Z11*0.65,0) -> 136
A12: 11 | B12: 剃刀高地 | C12: 19-22 | D12: 22 | E12: 9108 | F12: 5 | K12: 11 | L12: 416 | M12: 1 | O12: =R12*S12 -> 956.74689 | P12: =L12/O12 -> 0.43480674 | Q12: 11 | R12: =R11*POWER(POWER(R$16/R$11,0.2),1) -> 956.74689 | S12: 1 | U12: =U11*POWER(POWER(U$16/U$11,0.2),1) -> 3125.3902 | V12: =V11*POWER(POWER(V$16/V$11,0.2),1) -> 54.15131 | W12: =V12+U12/(15+A12/4) -> 230.22963 | X12: =W12/(IF(15+K12/4>25,25+(1+15+K12/4-25)*(15+K12/4-25)/2,15+K12/4)/(15+K12/4)) -> 230.22963 | Y12: =ROUND(W12*2*AA12/100,0) -> 207 | Z12: =ROUND(R12*AA12/100,0)*0.6 -> 258.6 | AA12: 45 | AB12: =ROUND(Z12*0.65,0) -> 168
A13: 12 | B13: 奥达曼 | C13: 21-24 | D13: 24 | E13: 12475 | F13: 5.6 | K13: 12 | L13: 476 | M13: 1 | O13: =R13*S13 -> 1101.6842 | P13: =L13/O13 -> 0.43206574 | Q13: 12 | R13: =R12*POWER(POWER(R$16/R$11,0.2),1) -> 1101.6842 | S13: 1 | U13: =U12*POWER(POWER(U$16/U$11,0.2),1) -> 3635.4114 | V13: =V12*POWER(POWER(V$16/V$11,0.2),1) -> 61.255207 | W13: =V13+U13/(15+A13/4) -> 263.22251 | X13: =W13/(IF(15+K13/4>25,25+(1+15+K13/4-25)*(15+K13/4-25)/2,15+K13/4)/(15+K13/4)) -> 263.22251 | Y13: =ROUND(W13*2*AA13/100,0) -> 253 | Z13: =ROUND(R13*AA13/100,0)*0.6 -> 317.4 | AA13: 48 | AB13: =ROUND(Z13*0.65,0) -> 206
A14: 13 | B14: 祖尔法拉克 | C14: 23-26 | D14: 26 | E14: 16830 | F14: 6.2 | K14: 13 | L14: 544 | M14: 1 | O14: =R14*S14 -> 1268.578 | P14: =L14/O14 -> 0.4288266 | Q14: 13 | R14: =R13*POWER(POWER(R$16/R$11,0.2),1) -> 1268.578 | S14: 1 | U14: =U13*POWER(POWER(U$16/U$11,0.2),1) -> 4228.6611 | V14: =V13*POWER(POWER(V$16/V$11,0.2),1) -> 69.291037 | W14: =V14+U14/(15+A14/4) -> 300.9985 | X14: =W14/(IF(15+K14/4>25,25+(1+15+K14/4-25)*(15+K14/4-25)/2,15+K14/4)/(15+K14/4)) -> 300.9985 | Y14: =ROUND(W14*2*AA14/100,0) -> 307 | Z14: =ROUND(R14*AA14/100,0)*0.6 -> 388.2 | AA14: 51 | AB14: =ROUND(Z14*0.65,0) -> 252
A15: 14 | B15: 玛拉顿 | C15: 25-28 | D15: 28 | E15: 22275 | F15: 6.8 | K15: 14 | L15: 648 | M15: 1 | O15: =R15*S15 -> 1460.7545 | P15: =L15/O15 -> 0.44360636 | Q15: 14 | R15: =R14*POWER(POWER(R$16/R$11,0.2),1) -> 1460.7545 | S15: 1 | U15: =U14*POWER(POWER(U$16/U$11,0.2),1) -> 4918.7212 | V15: =V14*POWER(POWER(V$16/V$11,0.2),1) -> 78.381056 | W15: =V15+U15/(15+A15/4) -> 344.25788 | X15: =W15/(IF(15+K15/4>25,25+(1+15+K15/4-25)*(15+K15/4-25)/2,15+K15/4)/(15+K15/4)) -> 344.25788 | Y15: =ROUND(W15*2*AA15/100,0) -> 372 | Z15: =ROUND(R15*AA15/100,0)*0.6 -> 473.4 | AA15: 54 | AB15: =ROUND(Z15*0.65,0) -> 308
A16: 15 | B16: 沉没的神庙 | C16: 27-30 | D16: 30 | E16: 29121 | F16: 7.4 | K16: 15 | L16: 779 | M16: 1 | O16: =R16*S16 -> 1682.0438 | P16: =L16/O16 -> 0.46312706 | Q16: 15 | R16: =战斗力成长!AY54 -> 1682.0438 | S16: 1 | U16: =战斗力成长!Y102 -> 5721.3896 | V16: =(战斗力成长!AR54+战斗力成长!AS54)*战斗力成长!AX54 -> 88.663559 | W16: =V16+U16/(15+A16/4) -> 393.80434 | X16: =W16/(IF(15+K16/4>25,25+(1+15+K16/4-25)*(15+K16/4-25)/2,15+K16/4)/(15+K16/4)) -> 393.80434 | Y16: =ROUND(W16*2*AA16/100,0) -> 449 | Z16: =ROUND(R16*AA16/100,0)*0.6 -> 575.4 | AA16: 57 | AB16: =ROUND(Z16*0.65,0) -> 374
A17: 16 | B17: 厄运之槌 | C17: 29-32 | D17: 32 | E17: 37584 | F17: 8 | K17: 16 | L17: =ROUND(O17*M17,0) -> 1740 | M17: 0.9 | O17: =R17*S17 -> 1933.4793 | P17: =L17/O17 -> 0.89993207 | Q17: 16 | R17: =R16*POWER(POWER(R$21/R$16,0.2),1) -> 1933.4793 | S17: 1 | U17: =U16*POWER(POWER(U$21/U$16,0.2),1) -> 6610.1694 | V17: =V16*POWER(POWER(V$21/V$16,0.2),1) -> 119.5193 | W17: =V17+U17/(15+A17/4) -> 467.42295 | X17: =W17/(IF(15+K17/4>25,25+(1+15+K17/4-25)*(15+K17/4-25)/2,15+K17/4)/(15+K17/4)) -> 467.42295 | Y17: =ROUND(W17*2*AA17/100,0) -> 561 | Z17: =ROUND(R17*AA17/100,0)*0.6 -> 696 | AA17: 60 | AB17: =ROUND(Z17*0.65,0) -> 452
A18: 17 | B18: 黑石深渊 | C18: 31-34 | D18: 34 | E18: 47980 | F18: 8.6 | K18: 17 | L18: =ROUND(O18*M18,0) -> 2111 | M18: 0.95 | O18: =R18*S18 -> 2222.4998 | P18: =L18/O18 -> 0.94983134 | Q18: 17 | R18: =R17*POWER(POWER(R$21/R$16,0.2),1) -> 2222.4998 | S18: 1 | U18: =U17*POWER(POWER(U$21/U$16,0.2),1) -> 7637.0152 | V18: =V17*POWER(POWER(V$21/V$16,0.2),1) -> 161.11312 | W18: =V18+U18/(15+A18/4) -> 557.84119 | X18: =W18/(IF(15+K18/4>25,25+(1+15+K18/4-25)*(15+K18/4-25)/2,15+K18/4)/(15+K18/4)) -> 557.84119 | Y18: =ROUND(W18*2*AA18/100,0) -> 703 | Z18: =ROUND(R18*AA18/100,0)*0.6 -> 840 | AA18: 63 | AB18: =ROUND(Z18*0.65,0) -> 546
A19: 18 | B19: 斯坦索姆 | C19: 33-36 | D19: 36 | E19: 60482 | F19: 9.2 | K19: 18 | L19: =ROUND(O19*M19,0) -> 2555 | M19: 1 | O19: =R19*S19 -> 2554.7238 | P19: =L19/O19 -> 1.0001081 | Q19: 18 | R19: =R18*POWER(POWER(R$21/R$16,0.2),1) -> 2554.7238 | S19: 1 | U19: =U18*POWER(POWER(U$21/U$16,0.2),1) -> 8823.3747 | V19: =V18*POWER(POWER(V$21/V$16,0.2),1) -> 217.18198 | W19: =V19+U19/(15+A19/4) -> 669.66274 | X19: =W19/(IF(15+K19/4>25,25+(1+15+K19/4-25)*(15+K19/4-25)/2,15+K19/4)/(15+K19/4)) -> 669.66274 | Y19: =ROUND(W19*2*AA19/100,0) -> 884 | Z19: =ROUND(R19*AA19/100,0)*0.6 -> 1011.6 | AA19: 66 | AB19: =ROUND(Z19*0.65,0) -> 658
A20: 19 | B20: 黑石塔 | C20: 35-38 | D20: 38 | E20: 80080 | F20: 9.8 | K20: 19 | L20: =ROUND(O20*M20,0) -> 3083 | M20: 1.05 | O20: =R20*S20 -> 2936.6093 | P20: =L20/O20 -> 1.0498502 | Q20: 19 | R20: =R19*POWER(POWER(R$21/R$16,0.2),1) -> 2936.6093 | S20: 1 | U20: =U19*POWER(POWER(U$21/U$16,0.2),1) -> 10194.027 | V20: =V19*POWER(POWER(V$21/V$16,0.2),1) -> 292.76333 | W20: =V20+U20/(15+A20/4) -> 808.9166 | X20: =W20/(IF(15+K20/4>25,25+(1+15+K20/4-25)*(15+K20/4-25)/2,15+K20/4)/(15+K20/4)) -> 808.9166 | Y20: =ROUND(W20*2*AA20/100,0) -> 1116 | Z20: =ROUND(R20*AA20/100,0)*0.6 -> 1215.6 | AA20: 69 | AB20: =ROUND(Z20*0.65,0) -> 790
A21: 20 | B21: 通灵学院 | C21: 37-40 | D21: 40 | E21: 98329 | F21: 10.4 | K21: 20 | L21: =ROUND(O21*M21,0) -> 3713 | M21: 1.1 | O21: =R21*S21 -> 3375.5799 | P21: =L21/O21 -> 1.0999591 | Q21: 20 | R21: =战斗力成长!AY55 -> 3375.5799 | S21: 1 | U21: =战斗力成长!Y103 -> 11777.601 | V21: =(战斗力成长!AR55+战斗力成长!AS55)*战斗力成长!AX55 -> 394.64768 | W21: =V21+U21/(15+A21/4) -> 983.52775 | X21: =W21/(IF(15+K21/4>25,25+(1+15+K21/4-25)*(15+K21/4-25)/2,15+K21/4)/(15+K21/4)) -> 983.52775 | Y21: =ROUND(W21*2*AA21/100,0) -> 1416 | Z21: =ROUND(R21*AA21/100,0)*0.6 -> 1458 | AA21: 72 | AB21: =ROUND(Z21*0.65,0) -> 948
A22: 21 | B22: 地狱火城墙 | C22: 39-42 | D22: 42 | E22: 118550 | F22: 11 | K22: 21 | L22: =ROUND(O22*M22,0) -> 4264 | M22: 1.15 | O22: =R22*S22 -> 3707.5379 | P22: =L22/O22 -> 1.1500894 | Q22: 21 | R22: =R21*POWER(POWER(R$26/R$21,0.2),1) -> 3707.5379 | S22: 1 | U22: =U21*POWER(POWER(U$26/U$21,0.2),1) -> 13176.287 | V22: =V21*POWER(POWER(V$26/V$21,0.2),1) -> 437.75744 | W22: =V22+U22/(15+A22/4) -> 1088.4383 | X22: =W22/(IF(15+K22/4>25,25+(1+15+K22/4-25)*(15+K22/4-25)/2,15+K22/4)/(15+K22/4)) -> 1088.4383 | Y22: =ROUND(W22*2*AA22/100,0) -> 1633 | Z22: =ROUND(R22*AA22/100,0)*0.6 -> 1668.6 | AA22: 75 | AB22: =ROUND(Z22*0.65,0) -> 1085
A23: 22 | B23: 鲜血熔炉 | C23: 41-44 | D23: 44 | E23: 142087 | F23: 11.6 | K23: 22 | L23: =ROUND(O23*M23,0) -> 4887 | M23: 1.2 | O23: =R23*S23 -> 4072.141 | P23: =L23/O23 -> 1.2001058 | Q23: 22 | R23: =R22*POWER(POWER(R$26/R$21,0.2),1) -> 4072.141 | S23: 1 | U23: =U22*POWER(POWER(U$26/U$21,0.2),1) -> 14741.077 | V23: =V22*POWER(POWER(V$26/V$21,0.2),1) -> 485.57634 | W23: =V23+U23/(15+A23/4) -> 1204.6533 | X23: =W23/(IF(15+K23/4>25,25+(1+15+K23/4-25)*(15+K23/4-25)/2,15+K23/4)/(15+K23/4)) -> 1204.6533 | Y23: =ROUND(W23*2*AA23/100,0) -> 1879 | Z23: =ROUND(R23*AA23/100,0)*0.6 -> 1905.6 | AA23: 78 | AB23: =ROUND(Z23*0.65,0) -> 1239
A24: 23 | B24: 奴隶围栏 | C24: 43-46 | D24: 46 | E24: 168820 | F24: 12.2 | K24: 23 | L24: =ROUND(O24*M24,0) -> 5591 | M24: 1.25 | O24: =R24*S24 -> 4472.5995 | P24: =L24/O24 -> 1.250056 | Q24: 23 | R24: =R23*POWER(POWER(R$26/R$21,0.2),1) -> 4472.5995 | S24: 1 | U24: =U23*POWER(POWER(U$26/U$21,0.2),1) -> 16491.699 | V24: =V23*POWER(POWER(V$26/V$21,0.2),1) -> 538.61879 | W24: =V24+U24/(15+A24/4) -> 1333.3995 | X24: =W24/(IF(15+K24/4>25,25+(1+15+K24/4-25)*(15+K24/4-25)/2,15+K24/4)/(15+K24/4)) -> 1333.3995 | Y24: =ROUND(W24*2*AA24/100,0) -> 2160 | Z24: =ROUND(R24*AA24/100,0)*0.6 -> 2173.8 | AA24: 81 | AB24: =ROUND(Z24*0.65,0) -> 1413
A25: 24 | B25: 幽暗沼泽 | C25: 45-48 | D25: 48 | E25: 196913 | F25: 12.8 | K25: 24 | L25: =ROUND(O25*M25,0) -> 6386 | M25: 1.3 | O25: =R25*S25 -> 4912.4395 | P25: =L25/O25 -> 1.2999651 | Q25: 24 | R25: =R24*POWER(POWER(R$26/R$21,0.2),1) -> 4912.4395 | S25: 1 | U25: =U24*POWER(POWER(U$26/U$21,0.2),1) -> 18450.221 | V25: =V24*POWER(POWER(V$26/V$21,0.2),1) -> 597.45538 | W25: =V25+U25/(15+A25/4) -> 1476.0374 | X25: =W25/(IF(15+K25/4>25,25+(1+15+K25/4-25)*(15+K25/4-25)/2,15+K25/4)/(15+K25/4)) -> 1476.0374 | Y25: =ROUND(W25*2*AA25/100,0) -> 2480 | Z25: =ROUND(R25*AA25/100,0)*0.6 -> 2475.6 | AA25: 84 | AB25: =ROUND(Z25*0.65,0) -> 1609
A26: 25 | B26: 法力陵墓 | C26: 47-50 | D26: 50 | E26: 229580 | F26: 13.4 | K26: 25 | L26: =ROUND(O26*M26,0) -> 7357 | M26: 1.35 | O26: =R26*S26 -> 5449.4891 | P26: =L26/O26 -> 1.3500348 | Q26: 25 | R26: =战斗力成长!AY56 -> 5395.5338 | S26: 1.01 | U26: =战斗力成长!Y104 -> 20641.334 | V26: =(战斗力成长!AR56+战斗力成长!AS56)*战斗力成长!AX56 -> 662.71905 | W26: =V26+U26/(15+A26/4) -> 1634.076 | X26: =W26/(IF(15+K26/4>25,25+(1+15+K26/4-25)*(15+K26/4-25)/2,15+K26/4)/(15+K26/4)) -> 1634.076 | Y26: =ROUND(W26*2*AA26/100,0) -> 2843 | Z26: =ROUND(R26*AA26/100,0)*0.6 -> 2816.4 | AA26: 87 | AB26: =ROUND(Z26*0.65,0) -> 1831
A27: 26 | B27: 奥金尼地穴 | C27: 49-52 | D27: 52 | E27: 257232 | F27: 14 | K27: 26 | L27: =ROUND(O27*M27,0) -> 8542 | M27: 1.4 | O27: =R27*S27 -> 6101.3658 | P27: =L27/O27 -> 1.4000144 | Q27: 26 | R27: =R26*POWER(POWER(R$31/R$26,0.2),1) -> 5981.7311 | S27: 1.02 | U27: =U26*POWER(POWER(U$31/U$26,0.2),1) -> 21868.969 | V27: =V26*POWER(POWER(V$31/V$26,0.2),1) -> 724.31286 | W27: =V27+U27/(15+A27/4) -> 1741.4742 | X27: =W27/(IF(15+K27/4>25,25+(1+15+K27/4-25)*(15+K27/4-25)/2,15+K27/4)/(15+K27/4)) -> 1741.4742 | Y27: =ROUND(W27*2*AA27/100,0) -> 3135 | Z27: =ROUND(R27*AA27/100,0)*0.6 -> 3230.4 | AA27: 90 | AB27: =ROUND(Z27*0.65,0) -> 2100
A28: 27 | B28: 旧希尔布拉德丘陵 | C28: 51-54 | D28: 54 | E28: 287322 | F28: 14.6 | K28: 27 | L28: =ROUND(O28*M28,0) -> 9904 | M28: 1.45 | O28: =R28*S28 -> 6830.5643 | P28: =L28/O28 -> 1.4499534 | Q28: 27 | R28: =R27*POWER(POWER(R$31/R$26,0.2),1) -> 6631.6159 | S28: 1.03 | U28: =U27*POWER(POWER(U$31/U$26,0.2),1) -> 23169.616 | V28: =V27*POWER(POWER(V$31/V$26,0.2),1) -> 791.63127 | W28: =V28+U28/(15+A28/4) -> 1856.901 | X28: =W28/(IF(15+K28/4>25,25+(1+15+K28/4-25)*(15+K28/4-25)/2,15+K28/4)/(15+K28/4)) -> 1856.901 | Y28: =ROUND(W28*2*AA28/100,0) -> 3454 | Z28: =ROUND(R28*AA28/100,0)*0.6 -> 3700.2 | AA28: 93 | AB28: =ROUND(Z28*0.65,0) -> 2405
A29: 28 | B29: 塞泰克大厅 | C29: 53-56 | D29: 56 | E29: 331383 | F29: 15.2 | K29: 28 | L29: =ROUND(O29*M29,0) -> 11469 | M29: 1.5 | O29: =R29*S29 -> 7646.1916 | P29: =L29/O29 -> 1.4999624 | Q29: 28 | R29: =R28*POWER(POWER(R$31/R$26,0.2),1) -> 7352.1073 | S29: 1.04 | U29: =U28*POWER(POWER(U$31/U$26,0.2),1) -> 24547.619 | V29: =V28*POWER(POWER(V$31/V$26,0.2),1) -> 865.20631 | W29: =V29+U29/(15+A29/4) -> 1981.0072 | X29: =W29/(IF(15+K29/4>25,25+(1+15+K29/4-25)*(15+K29/4-25)/2,15+K29/4)/(15+K29/4)) -> 1981.0072 | Y29: =ROUND(W29*2*AA29/100,0) -> 3804 | Z29: =ROUND(R29*AA29/100,0)*0.6 -> 4234.8 | AA29: 96 | AB29: =ROUND(Z29*0.65,0) -> 2753
A30: 29 | B30: 蒸汽地窖 | C30: 57-61 | D30: 58 | E30: 394754 | F30: 15.8 | K30: 29 | L30: =ROUND(O30*M30,0) -> 13266 | M30: 1.55 | O30: =R30*S30 -> 8558.4202 | P30: =L30/O30 -> 1.5500524 | Q30: 29 | R30: =R29*POWER(POWER(R$31/R$26,0.2),1) -> 8150.8764 | S30: 1.05 | U30: =U29*POWER(POWER(U34/U29,0.2),1) -> 26576.683 | V30: =V29*POWER(POWER(V34/V29,0.2),1) -> 952.75571 | W30: =V30+U30/(15+A30/4) -> 2147.2134 | X30: =W30/(IF(15+K30/4>25,25+(1+15+K30/4-25)*(15+K30/4-25)/2,15+K30/4)/(15+K30/4)) -> 2147.2134 | Y30: =ROUND(W30*2*AA30/100,0) -> 4251 | Z30: =ROUND(R30*AA30/100,0)*0.6 -> 4841.4 | AA30: 99 | AB30: =ROUND(Z30*0.65,0) -> 3147
A31: 30 | B31: 暗影迷宫 | C31: 55-58 | D31: 60 | E31: 469177 | F31: 16.4 | K31: 30 | L31: =ROUND(O31*M31,0) -> 15326 | M31: 1.6 | O31: =R31*S31 -> 9578.6134 | P31: =L31/O31 -> 1.6000228 | Q31: 30 | R31: =战斗力成长!AY57 -> 9036.4277 | S31: 1.06 | U31: =战斗力成长!Y105 -> 27554.368 | V31: =(战斗力成长!AR57+战斗力成长!AS57)*战斗力成长!AX57 -> 1033.5064 | W31: =V31+U31/(15+A31/4) -> 2258.145 | X31: =W31/(IF(15+K31/4>25,25+(1+15+K31/4-25)*(15+K31/4-25)/2,15+K31/4)/(15+K31/4)) -> 2258.145 | Y31: =ROUND(W31*2*AA31/100,0) -> 4607 | Z31: =ROUND(R31*AA31/100,0)*0.6 -> 5530.2 | AA31: 102 | AB31: =ROUND(Z31*0.65,0) -> 3595
A32: 31 | B32: 破碎大厅 | C32: 59-62 | D32: 62 | E32: 553308 | F32: 17 | K32: 31 | L32: =ROUND(O32*M32,0) -> 17278 | M32: 1.65 | O32: =R32*S32 -> 10471.593 | P32: =L32/O32 -> 1.6499878 | Q32: 31 | R32: =R31*POWER(POWER(R$36/R$31,0.2),1) -> 9786.5351 | S32: 1.07 | U32: =U31*POWER(POWER(U$36/U$31,0.2),1) -> 30265.587 | V32: =V31*POWER(POWER(V$36/V$31,0.2),1) -> 1143.8045 | W32: =V32+U32/(15+A32/4) -> 2474.1599 | X32: =W32/(IF(15+K32/4>25,25+(1+15+K32/4-25)*(15+K32/4-25)/2,15+K32/4)/(15+K32/4)) -> 2474.1599 | Y32: =ROUND(W32*2,0) -> 4948 | Z32: =ROUND(R32*0.6,0) -> 5872 | AB32: =ROUND(Z32*0.65,0) -> 3817
A33: 32 | B33: 能源舰 | C33: 61-64 | D33: 64 | E33: 651292 | F33: 17.6 | K33: 32 | L33: =ROUND(O33*M33,0) -> 19460 | M33: 1.7 | O33: =R33*S33 -> 11446.821 | P33: =L33/O33 -> 1.7000353 | Q33: 32 | R33: =R32*POWER(POWER(R$36/R$31,0.2),1) -> 10598.908 | S33: 1.08 | U33: =U32*POWER(POWER(U$36/U$31,0.2),1) -> 33243.576 | V33: =V32*POWER(POWER(V$36/V$31,0.2),1) -> 1265.8739 | W33: =V33+U33/(15+A33/4) -> 2711.2467 | X33: =W33/(IF(15+K33/4>25,25+(1+15+K33/4-25)*(15+K33/4-25)/2,15+K33/4)/(15+K33/4)) -> 2711.2467 | Y33: =ROUND(W33*2,0) -> 5422 | Z33: =ROUND(R33*0.6,0) -> 6359 | AB33: =ROUND(Z33*0.65,0) -> 4133
A34: 33 | B34: 生态船 | C34: 63-66 | D34: 66 | E34: 747814 | F34: 18.2 | K34: 33 | L34: =ROUND(O34*M34,0) -> 21896 | M34: 1.75 | O34: =R34*S34 -> 12511.801 | P34: =L34/O34 -> 1.7500279 | Q34: 33 | R34: =R33*POWER(POWER(R$36/R$31,0.2),1) -> 11478.716 | S34: 1.09 | U34: =U33*POWER(POWER(U$36/U$31,0.2),1) -> 36514.585 | V34: =V33*POWER(POWER(V$36/V$31,0.2),1) -> 1400.9708 | W34: =V34+U34/(15+A34/4) -> 2971.4906 | X34: =W34/(IF(15+K34/4>25,25+(1+15+K34/4-25)*(15+K34/4-25)/2,15+K34/4)/(15+K34/4)) -> 2971.4906 | Y34: =ROUND(W34*2,0) -> 5943 | Z34: =ROUND(R34*0.6,0) -> 6887 | AB34: =ROUND(Z34*0.65,0) -> 4477
A35: 34 | B35: 黑色沼泽 | C35: 65-68 | D35: 68 | E35: 837684 | F35: 18.8 | K35: 34 | L35: =ROUND(O35*M35,0) -> 24614 | M35: 1.8 | O35: =R35*S35 -> 13674.712 | P35: =L35/O35 -> 1.7999648 | Q35: 34 | R35: =R34*POWER(POWER(R$36/R$31,0.2),1) -> 12431.556 | S35: 1.1 | U35: =U34*POWER(POWER(U$36/U$31,0.2),1) -> 40107.446 | V35: =V34*POWER(POWER(V$36/V$31,0.2),1) -> 1550.4855 | W35: =V35+U35/(15+A35/4) -> 3257.1853 | X35: =W35/(IF(15+K35/4>25,25+(1+15+K35/4-25)*(15+K35/4-25)/2,15+K35/4)/(15+K35/4)) -> 3257.1853 | Y35: =ROUND(W35*2,0) -> 6514 | Z35: =ROUND(R35*0.6,0) -> 7459 | AB35: =ROUND(Z35*0.65,0) -> 4848
A36: 35 | B36: 禁魔监狱 | C36: 67-70 | D36: 70 | E36: 936966 | F36: 19.4 | K36: 35 | L36: =ROUND(O36*M36,0) -> 27647 | M36: 1.85 | O36: =R36*S36 -> 14944.475 | P36: =L36/O36 -> 1.8499814 | Q36: 35 | R36: =战斗力成长!AY58 -> 13463.491 | S36: 1.11 | U36: =战斗力成长!Y106 -> 44053.827 | V36: =(战斗力成长!AR58+战斗力成长!AS58)*战斗力成长!AX58 -> 1715.9568 | W36: =V36+U36/(15+A36/4) -> 3570.8548 | X36: =W36/(IF(15+K36/4>25,25+(1+15+K36/4-25)*(15+K36/4-25)/2,15+K36/4)/(15+K36/4)) -> 3570.8548 | Y36: =ROUND(W36*2,0) -> 7142 | Z36: =ROUND(R36*0.6,0) -> 8078 | AB36: =ROUND(Z36*0.65,0) -> 5251
A37: 36 | B37: 魔导师平台 | C37: 69-72 | D37: 72 | E37: 1091027 | F37: 20 | K37: 36 | L37: =ROUND(O37*M37,0) -> 30844 | M37: 1.9 | O37: =R37*S37 -> 16233.887 | P37: =L37/O37 -> 1.8999763 | Q37: 36 | R37: =R36*POWER(POWER(R$41/R$36,0.2),1) -> 14494.542 | S37: 1.12 | U37: =U36*POWER(POWER(U$41/U$36,0.2),1) -> 48197.886 | V37: =V36*POWER(POWER(V$41/V$36,0.2),1) -> 2002.8282 | W37: =V37+U37/(15+A37/4) -> 4011.0735 | X37: =W37/(IF(15+K37/4>25,25+(1+15+K37/4-25)*(15+K37/4-25)/2,15+K37/4)/(15+K37/4)) -> 4011.0735 | Y37: =ROUND(W37*2,0) -> 8022 | Z37: =ROUND(R37*0.6,0) -> 8697 | AB37: =ROUND(Z37*0.65,0) -> 5653
A38: 37 | B38: 乌特加德城堡 | C38: 71-74 | D38: 74 | E38: 1375670 | F38: 22 | K38: 37 | L38: =ROUND(O38*M38,0) -> 34385 | M38: 1.95 | O38: =R38*S38 -> 17633.144 | P38: =L38/O38 -> 1.950021 | Q38: 37 | R38: =R37*POWER(POWER(R$41/R$36,0.2),1) -> 15604.552 | S38: 1.13 | U38: =U37*POWER(POWER(U$41/U$36,0.2),1) -> 52731.77 | V38: =V37*POWER(POWER(V$41/V$36,0.2),1) -> 2337.6585 | W38: =V38+U38/(15+A38/4) -> 4512.1644 | X38: =W38/(IF(15+K38/4>25,25+(1+15+K38/4-25)*(15+K38/4-25)/2,15+K38/4)/(15+K38/4)) -> 4512.1644 | Y38: =ROUND(W38*2,0) -> 9024 | Z38: =ROUND(R38*0.6,0) -> 9363 | AB38: =ROUND(Z38*0.65,0) -> 6086
A39: 38 | B39: 魔枢 | C39: 73-76 | D39: 76 | E39: 1680990 | F39: 24 | K39: 38 | L39: =ROUND(O39*M39,0) -> 38303 | M39: 2 | O39: =R39*S39 -> 19151.508 | P39: =L39/O39 -> 1.9999992 | Q39: 38 | R39: =R38*POWER(POWER(R$41/R$36,0.2),1) -> 16799.568 | S39: 1.14 | U39: =U38*POWER(POWER(U$41/U$36,0.2),1) -> 57692.146 | V39: =V38*POWER(POWER(V$41/V$36,0.2),1) -> 2728.4652 | W39: =V39+U39/(15+A39/4) -> 5083.2467 | X39: =W39/(IF(15+K39/4>25,25+(1+15+K39/4-25)*(15+K39/4-25)/2,15+K39/4)/(15+K39/4)) -> 5083.2467 | Y39: =ROUND(W39*2,0) -> 10166 | Z39: =ROUND(R39*0.6,0) -> 10080 | AB39: =ROUND(Z39*0.65,0) -> 6552
A40: 39 | B40: 艾卓-尼鲁布 | C40: 75-78 | D40: 78 | E40: 2029880 | F40: 26 | K40: 39 | L40: =ROUND(O40*M40,0) -> 41598 | M40: 2 | O40: =R40*S40 -> 20799.015 | P40: =L40/O40 -> 1.9999985 | Q40: 39 | R40: =R39*POWER(POWER(R$41/R$36,0.2),1) -> 18086.1 | S40: 1.15 | U40: =U39*POWER(POWER(U$41/U$36,0.2),1) -> 63119.136 | V40: =V39*POWER(POWER(V$41/V$36,0.2),1) -> 3184.6065 | W40: =V40+U40/(15+A40/4) -> 5734.8746 | X40: =W40/(IF(15+K40/4>25,25+(1+15+K40/4-25)*(15+K40/4-25)/2,15+K40/4)/(15+K40/4)) -> 5734.8746 | Y40: =ROUND(W40*2,0) -> 11470 | Z40: =ROUND(R40*0.6,0) -> 10852 | AB40: =ROUND(Z40*0.65,0) -> 7054
A41: 40 | B41: 安卡赫特：古代王国 | C41: 77-80 | D41: 80 | E41: 2435155 | F41: 28 | K41: 40 | L41: =ROUND(O41*M41,0) -> 45173 | M41: 2 | O41: =R41*S41 -> 22586.542 | P41: =L41/O41 -> 1.9999963 | Q41: 40 | R41: =战斗力成长!AY59 -> 19471.157 | S41: 1.16 | U41: =战斗力成长!Y107 -> 69056.633 | V41: =(战斗力成长!AR59+战斗力成长!AS59)*战斗力成长!AX59 -> 3717.0049 | W41: =V41+U41/(15+A41/4) -> 6479.2702 | X41: =W41/(IF(15+K41/4>25,25+(1+15+K41/4-25)*(15+K41/4-25)/2,15+K41/4)/(15+K41/4)) -> 6479.2702 | Y41: =ROUND(W41*2,0) -> 12959 | Z41: =ROUND(R41*0.6,0) -> 11683 | AB41: =ROUND(Z41*0.65,0) -> 7594
A42: 41 | B42: 达克萨隆要塞 | C42: 79-82 | D42: 82 | E42: =E41*(E$44/E$41)^(1/3) -> 2994813.4 | F42: 30 | K42: 41 | L42: =ROUND(O42*M42,0) -> 48073 | M42: 2 | O42: =R42*S42 -> 24036.658 | P42: =L42/O42 -> 1.9999868 | Q42: 41 | R42: =R41*POWER(POWER(R$46/R$41,0.2),1) -> 20544.152 | S42: 1.17 | U42: =U41*POWER(POWER(U$46/U$41,0.2),1) -> 72348.663 | V42: =V41*POWER(POWER(V$46/V$41,0.2),1) -> 3883.2514 | W42: =V42+U42/(15+A42/4) -> 6748.545 | X42: =W42/(IF(15+K42/4>25,25+(1+15+K42/4-25)*(15+K42/4-25)/2,15+K42/4)/(15+K42/4)) -> 6773.6948 | Y42: =ROUND(W42*2,0) -> 13497 | Z42: =ROUND(R42*0.6,0) -> 12326 | AB42: =ROUND(Z42*0.65,0) -> 8012
A43: 42 | B43: 紫罗兰监狱 | C43: 81-84 | D43: 84 | E43: =E42*(E$44/E$41)^(1/3) -> 3683095 | F43: 32 | K43: 42 | L43: =ROUND(O43*M43,0) -> 51156 | M43: 2 | O43: =R43*S43 -> 25578.007 | P43: =L43/O43 -> 1.9999994 | Q43: 42 | R43: =R42*POWER(POWER(R$46/R$41,0.2),1) -> 21676.277 | S43: 1.18 | U43: =U42*POWER(POWER(U$46/U$41,0.2),1) -> 75797.629 | V43: =V42*POWER(POWER(V$46/V$41,0.2),1) -> 4056.9335 | W43: =V43+U43/(15+A43/4) -> 7029.3895 | X43: =W43/(IF(15+K43/4>25,25+(1+15+K43/4-25)*(15+K43/4-25)/2,15+K43/4)/(15+K43/4)) -> 7064.017 | Y43: =ROUND(W43*2,0) -> 14059 | Z43: =ROUND(R43*0.6,0) -> 13006 | AB43: =ROUND(Z43*0.65,0) -> 8454
A44: 43 | B44: 古达克 | C44: 83-86 | D44: 86 | E44: =ROUND(F44*INDEX(O$2:O$101,D44),0)/G44/H44 -> 4529560.6 | F44: 34 | G44: 2.5408238 | H44: 1.3 | K44: 43 | L44: =ROUND(O44*M44,0) -> 54432 | M44: 2 | O44: =R44*S44 -> 27216.24 | P44: =L44/O44 -> 1.9999823 | Q44: 43 | R44: =R43*POWER(POWER(R$46/R$41,0.2),1) -> 22870.79 | S44: 1.19 | U44: =U43*POWER(POWER(U$46/U$41,0.2),1) -> 79411.012 | V44: =V43*POWER(POWER(V$46/V$41,0.2),1) -> 4238.3836 | W44: =V44+U44/(15+A44/4) -> 7322.3064 | X44: =W44/(IF(15+K44/4>25,25+(1+15+K44/4-25)*(15+K44/4-25)/2,15+K44/4)/(15+K44/4)) -> 7349.0627 | Y44: =ROUND(W44*2,0) -> 14645 | Z44: =ROUND(R44*0.6,0) -> 13722 | AB44: =ROUND(Z44*0.65,0) -> 8919
A45: 44 | B45: 岩石大厅 | C45: 85-88 | D45: 88 | E45: =E44*(E46/E44)^0.5 -> 4850958.8 | F45: 36 | K45: 44 | L45: =ROUND(O45*M45,0) -> 57915 | M45: 2 | O45: =R45*S45 -> 28957.355 | P45: =L45/O45 -> 2.00001 | Q45: 44 | R45: =R44*POWER(POWER(R$46/R$41,0.2),1) -> 24131.129 | S45: 1.2 | U45: =U44*POWER(POWER(U$46/U$41,0.2),1) -> 83196.651 | V45: =V44*POWER(POWER(V$46/V$41,0.2),1) -> 4427.9493 | W45: =V45+U45/(15+A45/4) -> 7627.8204 | X45: =W45/(IF(15+K45/4>25,25+(1+15+K45/4-25)*(15+K45/4-25)/2,15+K45/4)/(15+K45/4)) -> 7627.8204 | Y45: =ROUND(W45*2,0) -> 15256 | Z45: =ROUND(R45*0.6,0) -> 14479 | AB45: =ROUND(Z45*0.65,0) -> 9411
A46: 45 | B46: 魔环 | C46: 87-90 | D46: 90 | E46: =ROUND(F46*INDEX(O$2:O$101,D46),0)/G46/H46 -> 5195162 | F46: 36 | G46: 2.8633029 | H46: 1.3 | K46: 45 | L46: =ROUND(O46*M46,0) -> 61615 | M46: 2 | O46: =R46*S46 -> 30807.715 | P46: =L46/O46 -> 1.9999861 | Q46: 45 | R46: =战斗力成长!AY60 -> 25460.921 | S46: 1.21 | U46: =战斗力成长!Y108 -> 87162.756 | V46: =(战斗力成长!AR60+战斗力成长!AS60)*战斗力成长!AX60 -> 4625.9934 | W46: =V46+U46/(15+A46/4) -> 7946.4794 | X46: =W46/(IF(15+K46/4>25,25+(1+15+K46/4-25)*(15+K46/4-25)/2,15+K46/4)/(15+K46/4)) -> 7899.4588 | Y46: =ROUND(W46*2,0) -> 15893 | Z46: =ROUND(R46*0.6,0) -> 15277 | AB46: =ROUND(Z46*0.65,0) -> 9930
A47: 46 | B47: 闪电大厅 | C47: 89-92 | D47: 92 | E47: =E46*(E$49/E$46)^(1/3) -> 5601358 | F47: 36 | K47: 46 | L47: =ROUND(O47*M47,0) -> 66287 | M47: 2 | O47: =R47*S47 -> 33143.614 | P47: =L47/O47 -> 1.9999931 | Q47: 46 | R47: =R46*POWER(POWER(R$51/R$46,0.2),1) -> 27166.897 | S47: 1.22 | U47: =U46*POWER(POWER(U$51/U$46,0.2),1) -> 95257.467 | V47: =V46*POWER(POWER(V$51/V$46,0.2),1) -> 5071.5021 | W47: =V47+U47/(15+A47/4) -> 8666.1235 | X47: =W47/(IF(15+K47/4>25,25+(1+15+K47/4-25)*(15+K47/4-25)/2,15+K47/4)/(15+K47/4)) -> 8545.2008 | Y47: =ROUND(W47*2,0) -> 17332 | Z47: =ROUND(R47*0.6,0) -> 16300 | AB47: =ROUND(Z47*0.65,0) -> 10595
A48: 47 | B48: 乌特加德之巅 | C48: 91-94 | D48: 94 | E48: =E47*(E$49/E$46)^(1/3) -> 6039313.4 | F48: 36 | K48: 47 | L48: =ROUND(O48*M48,0) -> 71308 | M48: 2 | O48: =R48*S48 -> 35654.23 | P48: =L48/O48 -> 1.9999871 | Q48: 47 | R48: =R47*POWER(POWER(R$51/R$46,0.2),1) -> 28987.178 | S48: 1.23 | U48: =U47*POWER(POWER(U$51/U$46,0.2),1) -> 104103.93 | V48: =V47*POWER(POWER(V$51/V$46,0.2),1) -> 5559.9157 | W48: =V48+U48/(15+A48/4) -> 9451.6512 | X48: =W48/(IF(15+K48/4>25,25+(1+15+K48/4-25)*(15+K48/4-25)/2,15+K48/4)/(15+K48/4)) -> 9225.3289 | Y48: =ROUND(W48*2,0) -> 18903 | Z48: =ROUND(R48*0.6,0) -> 17392 | AB48: =ROUND(Z48*0.65,0) -> 11305
A49: 48 | B49: 冠军的试炼 | C49: 93-96 | D49: 96 | E49: =ROUND(F49*INDEX(O$2:O$101,D49),0)/G49/H49 -> 6511511.5 | F49: 36 | G49: 3.0238234 | H49: 1.3 | K49: 48 | L49: =ROUND(O49*M49,0) -> 76705 | M49: 2 | O49: =R49*S49 -> 38352.488 | P49: =L49/O49 -> 2.0000006 | Q49: 48 | R49: =R48*POWER(POWER(R$51/R$46,0.2),1) -> 30929.426 | S49: 1.24 | U49: =U48*POWER(POWER(U$51/U$46,0.2),1) -> 113771.94 | V49: =V48*POWER(POWER(V$51/V$46,0.2),1) -> 6095.3662 | W49: =V49+U49/(15+A49/4) -> 10309.142 | X49: =W49/(IF(15+K49/4>25,25+(1+15+K49/4-25)*(15+K49/4-25)/2,15+K49/4)/(15+K49/4)) -> 9940.9583 | Y49: =ROUND(W49*2,0) -> 20618 | Z49: =ROUND(R49*0.6,0) -> 18558 | AB49: =ROUND(Z49*0.65,0) -> 12063
A50: 49 | B50: 净化斯坦索姆 | C50: 95-98 | D50: 98 | E50: =E49*(E51/E49)^0.5 -> 7087366 | F50: 36 | K50: 49 | L50: =ROUND(O50*M50,0) -> 82505 | M50: 2 | O50: =R50*S50 -> 41252.264 | P50: =L50/O50 -> 2.0000114 | Q50: 49 | R50: =R49*POWER(POWER(R$51/R$46,0.2),1) -> 33001.811 | S50: 1.25 | U50: =U49*POWER(POWER(U$51/U$46,0.2),1) -> 124337.82 | V50: =V49*POWER(POWER(V$51/V$46,0.2),1) -> 6682.3836 | W50: =V50+U50/(15+A50/4) -> 11245.239 | X50: =W50/(IF(15+K50/4>25,25+(1+15+K50/4-25)*(15+K50/4-25)/2,15+K50/4)/(15+K50/4)) -> 10693.401 | Y50: =ROUND(W50*2,0) -> 22490 | Z50: =ROUND(R50*0.6,0) -> 19801 | AB50: =ROUND(Z50*0.65,0) -> 12871
A51: 50 | B51: 萨隆矿坑 | C51: 97-100 | D51: 100 | E51: =ROUND(F51*INDEX(O$2:O$101,D51),0)/G51/H51 -> 7714147 | F51: 36 | G51: 3.0731504 | H51: 1.3 | K51: 50 | L51: =ROUND(O51*M51,0) -> 88737 | M51: 2 | O51: =R51*S51 -> 44368.448 | P51: =L51/O51 -> 2.0000024 | Q51: 50 | R51: =战斗力成长!AY61 -> 35213.054 | S51: 1.26 | U51: =战斗力成长!Y109 -> 135884.94 | V51: =(战斗力成长!AR61+战斗力成长!AS61)*战斗力成长!AX61 -> 7325.934 | W51: =V51+U51/(15+A51/4) -> 12267.205 | X51: =W51/(IF(15+K51/4>25,25+(1+15+K51/4-25)*(15+K51/4-25)/2,15+K51/4)/(15+K51/4)) -> 11484.191 | Y51: =ROUND(W51*2,0) -> 24534 | Z51: =ROUND(R51*0.6,0) -> 21128 | AB51: =ROUND(Z51*0.65,0) -> 13733
A52: 51 | B52: 灵魂洪炉 | C52: 98-101 | D52: 102 | E52: =ROUND(E51*1.1,0) -> 8485562 | F52: 36 | K52: 51 | L52: =ROUND(O52*M52,0) -> 94775 | M52: 2 | O52: =R52*S52 -> 47387.641 | P52: =L52/O52 -> 1.9999941 | Q52: 51 | R52: =R51*POWER(POWER(R$56/R$51,0.2),1) -> 37313.103 | S52: 1.27 | U52: =U51*POWER(POWER(U$56/U$51,0.2),1) -> 146618.92 | V52: =V51*POWER(POWER(V$56/V$51,0.2),1) -> 8020.5711 | W52: =V52+U52/(15+A52/4) -> 13304.136 | X52: =W52/(IF(15+K52/4>25,25+(1+15+K52/4-25)*(15+K52/4-25)/2,15+K52/4)/(15+K52/4)) -> 12242.562 | Y52: =ROUND(W52*2,0) -> 26608 | Z52: =ROUND(R52*0.6,0) -> 22388 | AB52: =ROUND(Z52*0.65,0) -> 14552
A53: 52 | B53: 映像大厅 | C53: 99-102 | D53: 104 | E53: =ROUND(E52*1.33,0) -> 11285797 | F53: 36 | K53: 52 | L53: =ROUND(O53*M53,0) -> 101218 | M53: 2 | O53: =R53*S53 -> 50609.147 | P53: =L53/O53 -> 1.9999942 | Q53: 52 | R53: =R52*POWER(POWER(R$56/R$51,0.2),1) -> 39538.396 | S53: 1.28 | U53: =U52*POWER(POWER(U$56/U$51,0.2),1) -> 158200.8 | V53: =V52*POWER(POWER(V$56/V$51,0.2),1) -> 8781.073 | W53: =V53+U53/(15+A53/4) -> 14431.102 | X53: =W53/(IF(15+K53/4>25,25+(1+15+K53/4-25)*(15+K53/4-25)/2,15+K53/4)/(15+K53/4)) -> 13034.543 | Y53: =ROUND(W53*2,0) -> 28862 | Z53: =ROUND(R53*0.6,0) -> 23723 | AB53: =ROUND(Z53*0.65,0) -> 15420
K54: 53 | L54: =ROUND(O54*M54,0) -> 108093 | M54: 2 | O54: =R54*S54 -> 54046.358 | P54: =L54/O54 -> 2.0000053 | Q54: 53 | R54: =R53*POWER(POWER(R$56/R$51,0.2),1) -> 41896.402 | S54: 1.29 | U54: =U53*POWER(POWER(U$56/U$51,0.2),1) -> 170697.58 | V54: =V53*POWER(POWER(V$56/V$51,0.2),1) -> 9613.6848 | W54: =V54+U54/(15+A54/4) -> 20993.523 | X54: =W54/(IF(15+K54/4>25,25+(1+15+K54/4-25)*(15+K54/4-25)/2,15+K54/4)/(15+K54/4)) -> 18587.801 | Y54: =ROUND(W54*2,0) -> 41987 | Z54: =ROUND(R54*0.6,0) -> 25138 | AB54: =ROUND(Z54*0.65,0) -> 16340
K55: 54 | L55: =ROUND(O55*M55,0) -> 115427 | M55: 2 | O55: =R55*S55 -> 57713.545 | P55: =L55/O55 -> 1.9999984 | Q55: 54 | R55: =R54*POWER(POWER(R$56/R$51,0.2),1) -> 44395.035 | S55: 1.3 | U55: =U54*POWER(POWER(U$56/U$51,0.2),1) -> 184181.51 | V55: =V54*POWER(POWER(V$56/V$51,0.2),1) -> 10525.244 | W55: =V55+U55/(15+A55/4) -> 22804.011 | X55: =W55/(IF(15+K55/4>25,25+(1+15+K55/4-25)*(15+K55/4-25)/2,15+K55/4)/(15+K55/4)) -> 19769.257 | Y55: =ROUND(W55*2,0) -> 45608 | Z55: =ROUND(R55*0.6,0) -> 26637 | AB55: =ROUND(Z55*0.65,0) -> 17314
K56: 55 | L56: =ROUND(O56*M56,0) -> 123252 | M56: 2 | O56: =R56*S56 -> 61625.914 | P56: =L56/O56 -> 2.0000028 | Q56: 55 | R56: =战斗力成长!AY62 -> 47042.682 | S56: 1.31 | U56: =战斗力成长!Y110 -> 198730.58 | V56: =(战斗力成长!AR62+战斗力成长!AS62)*战斗力成长!AX62 -> 11523.236 | W56: =V56+U56/(15+A56/4) -> 24771.942 | X56: =W56/(IF(15+K56/4>25,25+(1+15+K56/4-25)*(15+K56/4-25)/2,15+K56/4)/(15+K56/4)) -> 21004.78 | Y56: =ROUND(W56*2,0) -> 49544 | Z56: =ROUND(R56*0.6,0) -> 28226 | AB56: =ROUND(Z56*0.65,0) -> 18347
K57: 56 | L57: =ROUND(O57*M57,0) -> 133080 | M57: 2 | O57: =R57*S57 -> 66539.781 | P57: =L57/O57 -> 2.0000066 | Q57: 56 | R57: =R56*POWER(POWER(R$61/R$56,0.2),1) -> 50408.925 | S57: 1.32 | U57: =U56*POWER(POWER(U$61/U$56,0.2),1) -> 212741.2 | V57: =V56*POWER(POWER(V$61/V$56,0.2),1) -> 12847.611 | W57: =V57+U57/(15+A57/4) -> 27030.358 | X57: =W57/(IF(15+K57/4>25,25+(1+15+K57/4-25)*(15+K57/4-25)/2,15+K57/4)/(15+K57/4)) -> 22396.582 | Y57: =ROUND(W57*2,0) -> 54061 | Z57: =ROUND(R57*0.6,0) -> 30245 | AB57: =ROUND(Z57*0.65,0) -> 19659
K58: 57 | L58: =ROUND(O58*M58,0) -> 143683 | M58: 2 | O58: =R58*S58 -> 71841.343 | P58: =L58/O58 -> 2.0000044 | Q58: 57 | R58: =R57*POWER(POWER(R$61/R$56,0.2),1) -> 54016.047 | S58: 1.33 | U58: =U57*POWER(POWER(U$61/U$56,0.2),1) -> 227739.58 | V58: =V57*POWER(POWER(V$61/V$56,0.2),1) -> 14324.197 | W58: =V58+U58/(15+A58/4) -> 29506.836 | X58: =W58/(IF(15+K58/4>25,25+(1+15+K58/4-25)*(15+K58/4-25)/2,15+K58/4)/(15+K58/4)) -> 23870.698 | Y58: =ROUND(W58*2,0) -> 59014 | Z58: =ROUND(R58*0.6,0) -> 32410 | AB58: =ROUND(Z58*0.65,0) -> 21067
K59: 58 | L59: =ROUND(O59*M59,0) -> 155122 | M59: 2 | O59: =R59*S59 -> 77560.921 | P59: =L59/O59 -> 2.000002 | Q59: 58 | R59: =R58*POWER(POWER(R$61/R$56,0.2),1) -> 57881.285 | S59: 1.34 | U59: =U58*POWER(POWER(U$61/U$56,0.2),1) -> 243795.35 | V59: =V58*POWER(POWER(V$61/V$56,0.2),1) -> 15970.488 | W59: =V59+U59/(15+A59/4) -> 32223.512 | X59: =W59/(IF(15+K59/4>25,25+(1+15+K59/4-25)*(15+K59/4-25)/2,15+K59/4)/(15+K59/4)) -> 25433.942 | Y59: =ROUND(W59*2,0) -> 64447 | Z59: =ROUND(R59*0.6,0) -> 34729 | AB59: =ROUND(Z59*0.65,0) -> 22574
K60: 59 | L60: =ROUND(O60*M60,0) -> 167462 | M60: 2 | O60: =R60*S60 -> 83731.195 | P60: =L60/O60 -> 1.9999953 | Q60: 59 | R60: =R59*POWER(POWER(R$61/R$56,0.2),1) -> 62023.107 | S60: 1.35 | U60: =U59*POWER(POWER(U$61/U$56,0.2),1) -> 260983.07 | V60: =V59*POWER(POWER(V$61/V$56,0.2),1) -> 17805.989 | W60: =V60+U60/(15+A60/4) -> 35204.86 | X60: =W60/(IF(15+K60/4>25,25+(1+15+K60/4-25)*(15+K60/4-25)/2,15+K60/4)/(15+K60/4)) -> 27093.797 | Y60: =ROUND(W60*2,0) -> 70410 | Z60: =ROUND(R60*0.6,0) -> 37214 | AB60: =ROUND(Z60*0.65,0) -> 24189
K61: 60 | L61: =ROUND(O61*M61,0) -> 180775 | M61: 2 | O61: =R61*S61 -> 90387.378 | P61: =L61/O61 -> 2.0000027 | Q61: 60 | R61: =战斗力成长!AY63 -> 66461.308 | S61: 1.36 | U61: =战斗力成长!Y111 -> 279382.52 | V61: =(战斗力成长!AR63+战斗力成长!AS63)*战斗力成长!AX63 -> 19852.445 | W61: =V61+U61/(15+A61/4) -> 38477.947 | X61: =W61/(IF(15+K61/4>25,25+(1+15+K61/4-25)*(15+K61/4-25)/2,15+K61/4)/(15+K61/4)) -> 28858.46 | Y61: =ROUND(W61*2,0) -> 76956 | Z61: =ROUND(R61*0.6,0) -> 39877 | AB61: =ROUND(Z61*0.65,0) -> 25920
K62: 61 | L62: =ROUND(O62*M62,0) -> 193784 | M62: 2 | O62: =R62*S62 -> 96891.973 | P62: =L62/O62 -> 2.0000006 | Q62: 61 | R62: =R61*POWER(POWER(R$66/R$61,0.2),1) -> 70724.068 | S62: 1.37 | U62: =U61*POWER(POWER(U$66/U$61,0.2),1) -> 305268.24 | V62: =V61*POWER(POWER(V$66/V$61,0.2),1) -> 22275.276 | W62: =V62+U62/(15+A62/4) -> 42626.492 | X62: =W62/(IF(15+K62/4>25,25+(1+15+K62/4-25)*(15+K62/4-25)/2,15+K62/4)/(15+K62/4)) -> 31141.467 | Y62: =ROUND(W62*2,0) -> 85253 | Z62: =ROUND(R62*0.6,0) -> 42434 | AB62: =ROUND(Z62*0.65,0) -> 27582
K63: 62 | L63: =ROUND(O63*M63,0) -> 207718 | M63: 2 | O63: =R63*S63 -> 103859.13 | P63: =L63/O63 -> 1.9999975 | Q63: 62 | R63: =R62*POWER(POWER(R$66/R$61,0.2),1) -> 75260.237 | S63: 1.38 | U63: =U62*POWER(POWER(U$66/U$61,0.2),1) -> 333552.35 | V63: =V62*POWER(POWER(V$66/V$61,0.2),1) -> 24993.794 | W63: =V63+U63/(15+A63/4) -> 47230.617 | X63: =W63/(IF(15+K63/4>25,25+(1+15+K63/4-25)*(15+K63/4-25)/2,15+K63/4)/(15+K63/4)) -> 33598.456 | Y63: =ROUND(W63*2,0) -> 94461 | Z63: =ROUND(R63*0.6,0) -> 45156 | AB63: =ROUND(Z63*0.65,0) -> 29351
K64: 63 | L64: =ROUND(O64*M64,0) -> 222643 | M64: 2 | O64: =R64*S64 -> 111321.42 | P64: =L64/O64 -> 2.0000015 | Q64: 63 | R64: =R63*POWER(POWER(R$66/R$61,0.2),1) -> 80087.352 | S64: 1.39 | U64: =U63*POWER(POWER(U$66/U$61,0.2),1) -> 364457.07 | V64: =V63*POWER(POWER(V$66/V$61,0.2),1) -> 28044.084 | W64: =V64+U64/(15+A64/4) -> 52341.223 | X64: =W64/(IF(15+K64/4>25,25+(1+15+K64/4-25)*(15+K64/4-25)/2,15+K64/4)/(15+K64/4)) -> 36244.731 | Y64: =ROUND(W64*2,0) -> 104682 | Z64: =ROUND(R64*0.6,0) -> 48052 | AB64: =ROUND(Z64*0.65,0) -> 31234
K65: 64 | L65: =ROUND(O65*M65,0) -> 238627 | M65: 2 | O65: =R65*S65 -> 119313.7 | P65: =L65/O65 -> 1.9999966 | Q65: 64 | R65: =R64*POWER(POWER(R$66/R$61,0.2),1) -> 85224.073 | S65: 1.4 | U65: =U64*POWER(POWER(U$66/U$61,0.2),1) -> 398225.23 | V65: =V64*POWER(POWER(V$66/V$61,0.2),1) -> 31466.638 | W65: =V65+U65/(15+A65/4) -> 58014.987 | X65: =W65/(IF(15+K65/4>25,25+(1+15+K65/4-25)*(15+K65/4-25)/2,15+K65/4)/(15+K65/4)) -> 39097.056 | Y65: =ROUND(W65*2,0) -> 116030 | Z65: =ROUND(R65*0.6,0) -> 51134 | AB65: =ROUND(Z65*0.65,0) -> 33237
K66: 65 | L66: =ROUND(O66*M66,0) -> 255747 | M66: 2 | O66: =R66*S66 -> 127873.26 | P66: =L66/O66 -> 2.0000037 | Q66: 65 | R66: =战斗力成长!AY64 -> 90690.258 | S66: 1.41 | U66: =战斗力成长!Y112 -> 435122.11 | V66: =(战斗力成长!AR64+战斗力成长!AS64)*战斗力成长!AX64 -> 35306.888 | W66: =V66+U66/(15+A66/4) -> 64315.028 | X66: =W66/(IF(15+K66/4>25,25+(1+15+K66/4-25)*(15+K66/4-25)/2,15+K66/4)/(15+K66/4)) -> 42173.789 | Y66: =ROUND(W66*2,0) -> 128630 | Z66: =ROUND(R66*0.6,0) -> 54414 | AB66: =ROUND(Z66*0.65,0) -> 35369
K67: 66 | L67: =ROUND(O67*M67,0) -> 273001 | M67: 2 | O67: =R67*S67 -> 136500.3 | P67: =L67/O67 -> 2.0000029 | Q67: 66 | R67: =R66*POWER(POWER(R$71/R$66,0.2),1) -> 96126.972 | S67: 1.42 | U67: =U66*POWER(POWER(U$71/U$66,0.2),1) -> 466574.47 | V67: =V66*POWER(POWER(V$71/V$66,0.2),1) -> 38879.121 | W67: =V67+U67/(15+A67/4) -> 69984.086 | X67: =W67/(IF(15+K67/4>25,25+(1+15+K67/4-25)*(15+K67/4-25)/2,15+K67/4)/(15+K67/4)) -> 44648.075 | Y67: =ROUND(W67*2,0) -> 139968 | Z67: =ROUND(R67*0.6,0) -> 57676 | AB67: =ROUND(Z67*0.65,0) -> 37489
