Workbook

Sheet Sheet1
A1: 等级 | B1: 无佣兵玩家DPS | C1: 无佣兵玩家EHP | D1: 玩家DPS | E1: 玩家EHP | F1: 玩家HPS | G1: 回合数 | H1: 普通DPS | I1: 普通EHP | K1: minor1 | L1: minor1 | M1: minor2 | N1: minor2 | O1: BOSS3 | P1: BOSS3 | Q1: minor3 | R1: minor3 | S1: minor4 | T1: minor4 | U1: BOSS6 | V1: BOSS6 | W1: minor5 | X1: minor5 | Y1: minor6 | Z1: minor6 | AA1: BOSSDPS | AB1: BOSSEHP | AC1: 难度系数
A2: 30 | B2: =ROUND([1]战斗力成长!$K9,0) -> 3237 | C2: =ROUND([1]战斗力成长!$Y9,0) -> 54098 | D2: =ROUND([1]战斗力成长!$AY9,0) -> 4774 | E2: =ROUND([1]战斗力成长!$AZ9,0) -> 113020 | F2: =ROUND([1]战斗力成长!$AR9*0.4+[1]战斗力成长!$AS9,0) -> 606 | G2: 10 | H2: =ROUND(((F2+C2/G2)/2)*0.8,0) -> 2406 | I2: =ROUND(G2*0.8*B2,0) -> 25896 | J2: =I2/D2 -> 5.4243821 | K2: =ROUND(H2*(O2/H2)^0.3,0) -> 2549 | L2: =ROUND(I2*(P2/I2)^0.3,0) -> 32012 | M2: =ROUND(H2*(O2/H2)^0.6,0) -> 2700 | N2: =ROUND(I2*(P2/I2)^0.6,0) -> 39572 | O2: =ROUND(H2*0.7+AA2*0.3,0) -> 2915 | P2: =ROUND(I2*0.7+AB2*0.3,0) -> 52500 | Q2: =ROUND(O2*(U2/O2)^0.3,0) -> 3059 | R2: =ROUND(P2*(V2/P2)^0.3,0) -> 59371 | S2: =ROUND(O2*(U2/O2)^0.6,0) -> 3210 | T2: =ROUND(P2*(V2/P2)^0.6,0) -> 67140 | U2: =ROUND(H2*0.4+0.6*AA2,0) -> 3423 | V2: =ROUND(I2*0.4+0.6*AB2,0) -> 79104 | W2: =ROUND(U2*(AA2/U2)^0.3,0) -> 3614 | X2: =ROUND(V2*(AB2/V2)^0.3,0) -> 88403 | Y2: =ROUND(U2*(AA2/U2)^0.6,0) -> 3815 | Z2: =ROUND(V2*(AB2/V2)^0.6,0) -> 98795 | AA2: =ROUND(E2/25*AC2+AC2*F2,0) -> 4101 | AB2: =ROUND(D2*30*AC2,0) -> 114576 | AC2: 0.8
A3: 35 | B3: =ROUND([1]战斗力成长!$K10,0) -> 4830 | C3: =ROUND([1]战斗力成长!$Y10,0) -> 91798 | D3: =ROUND([1]战斗力成长!$AY10,0) -> 7137 | E3: =ROUND([1]战斗力成长!$AZ10,0) -> 204578 | F3: =ROUND([1]战斗力成长!$AR10*0.4+[1]战斗力成长!$AS10,0) -> 1031 | G3: 12 | H3: =ROUND(((F3+C3/G3)/2)*0.8,0) -> 3472 | I3: =ROUND(G3*0.8*B3,0) -> 46368 | J3: =I3/D3 -> 6.4968474 | K3: =ROUND(H3*(O3/H3)^0.3,0) -> 3815 | L3: =ROUND(I3*(P3/I3)^0.3,0) -> 55889 | M3: =ROUND(H3*(O3/H3)^0.6,0) -> 4191 | N3: =ROUND(I3*(P3/I3)^0.6,0) -> 67365 | O3: =ROUND(H3*0.7+AA3*0.3,0) -> 4752 | P3: =ROUND(I3*0.7+AB3*0.3,0) -> 86413 | Q3: =ROUND(O3*(U3/O3)^0.3,0) -> 5105 | R3: =ROUND(P3*(V3/P3)^0.3,0) -> 96870 | S3: =ROUND(O3*(U3/O3)^0.6,0) -> 5484 | T3: =ROUND(P3*(V3/P3)^0.6,0) -> 108592 | U3: =ROUND(H3*0.4+0.6*AA3,0) -> 6033 | V3: =ROUND(I3*0.4+0.6*AB3,0) -> 126458 | W3: =ROUND(U3*(AA3/U3)^0.3,0) -> 6501 | X3: =ROUND(V3*(AB3/V3)^0.3,0) -> 140552 | Y3: =ROUND(U3*(AA3/U3)^0.6,0) -> 7006 | Z3: =ROUND(V3*(AB3/V3)^0.6,0) -> 156217 | AA3: =ROUND(E3/25*AC3+AC3*F3,0) -> 7740 | AB3: =ROUND(D3*30*AC3,0) -> 179852 | AC3: 0.84
A4: 40 | B4: =ROUND([1]战斗力成长!$K11,0) -> 7030 | C4: =ROUND([1]战斗力成长!$Y11,0) -> 149317 | D4: =ROUND([1]战斗力成长!$AY11,0) -> 10111 | E4: =ROUND([1]战斗力成长!$AZ11,0) -> 339533 | F4: =ROUND([1]战斗力成长!$AR11*0.4+[1]战斗力成长!$AS11,0) -> 2257 | G4: 14 | H4: =ROUND(((F4+C4/G4)/2)*0.8,0) -> 5169 | I4: =ROUND(G4*0.8*B4,0) -> 78736 | J4: =I4/D4 -> 7.7871625 | K4: =ROUND(H4*(O4/H4)^0.3,0) -> 5848 | L4: =ROUND(I4*(P4/I4)^0.3,0) -> 92599 | M4: =ROUND(H4*(O4/H4)^0.6,0) -> 6616 | N4: =ROUND(I4*(P4/I4)^0.6,0) -> 108904 | O4: =ROUND(H4*0.7+AA4*0.3,0) -> 7800 | P4: =ROUND(I4*0.7+AB4*0.3,0) -> 135194 | Q4: =ROUND(O4*(U4/O4)^0.3,0) -> 8510 | R4: =ROUND(P4*(V4/P4)^0.3,0) -> 150115 | S4: =ROUND(O4*(U4/O4)^0.6,0) -> 9286 | T4: =ROUND(P4*(V4/P4)^0.6,0) -> 166683 | U4: =ROUND(H4*0.4+0.6*AA4,0) -> 10430 | V4: =ROUND(I4*0.4+0.6*AB4,0) -> 191652 | W4: =ROUND(U4*(AA4/U4)^0.3,0) -> 11378 | X4: =ROUND(V4*(AB4/V4)^0.3,0) -> 211679 | Y4: =ROUND(U4*(AA4/U4)^0.6,0) -> 12412 | Z4: =ROUND(V4*(AB4/V4)^0.6,0) -> 233800 | AA4: =ROUND(E4/25*AC4+AC4*F4,0) -> 13938 | AB4: =ROUND(D4*30*AC4,0) -> 266930 | AC4: 0.88
A5: 45 | B5: =ROUND([1]战斗力成长!$K12,0) -> 9131 | C5: =ROUND([1]战斗力成长!$Y12,0) -> 204196 | D5: =ROUND([1]战斗力成长!$AY12,0) -> 13645 | E5: =ROUND([1]战斗力成长!$AZ12,0) -> 494848 | F5: =ROUND([1]战斗力成长!$AR12*0.4+[1]战斗力成长!$AS12,0) -> 3077 | G5: 16 | H5: =ROUND(((F5+C5/G5)/2)*0.8,0) -> 6336 | I5: =ROUND(G5*0.8*B5,0) -> 116877 | J5: =I5/D5 -> 8.5655551 | K5: =ROUND(H5*(O5/H5)^0.3,0) -> 7425 | L5: =ROUND(I5*(P5/I5)^0.3,0) -> 136233 | M5: =ROUND(H5*(O5/H5)^0.6,0) -> 8700 | N5: =ROUND(I5*(P5/I5)^0.6,0) -> 158796 | O5: =ROUND(H5*0.7+AA5*0.3,0) -> 10748 | P5: =ROUND(I5*0.7+AB5*0.3,0) -> 194795 | Q5: =ROUND(O5*(U5/O5)^0.3,0) -> 11916 | R5: =ROUND(P5*(V5/P5)^0.3,0) -> 215484 | S5: =ROUND(O5*(U5/O5)^0.6,0) -> 13211 | T5: =ROUND(P5*(V5/P5)^0.6,0) -> 238371 | U5: =ROUND(H5*0.4+0.6*AA5,0) -> 15159 | V5: =ROUND(I5*0.4+0.6*AB5,0) -> 272712 | W5: =ROUND(U5*(AA5/U5)^0.3,0) -> 16726 | X5: =ROUND(V5*(AB5/V5)^0.3,0) -> 300440 | Y5: =ROUND(U5*(AA5/U5)^0.6,0) -> 18455 | Z5: =ROUND(V5*(AB5/V5)^0.6,0) -> 330987 | AA5: =ROUND(E5/25*AC5+AC5*F5,0) -> 21041 | AB5: =ROUND(D5*30*AC5,0) -> 376602 | AC5: 0.92
A6: 50 | B6: =ROUND([1]战斗力成长!$K13,0) -> 12462 | C6: =ROUND([1]战斗力成长!$Y13,0) -> 320656 | D6: =ROUND([1]战斗力成长!$AY13,0) -> 18282 | E6: =ROUND([1]战斗力成长!$AZ13,0) -> 782210 | F6: =ROUND([1]战斗力成长!$AR13*0.4+[1]战斗力成长!$AS13,0) -> 5284 | G6: 18 | H6: =ROUND(((F6+C6/G6)/2)*0.8,0) -> 9239 | I6: =ROUND(G6*0.8*B6,0) -> 179453 | J6: =I6/D6 -> 9.8158298 | K6: =ROUND(H6*(O6/H6)^0.3,0) -> 11094 | L6: =ROUND(I6*(P6/I6)^0.3,0) -> 205857 | M6: =ROUND(H6*(O6/H6)^0.6,0) -> 13320 | N6: =ROUND(I6*(P6/I6)^0.6,0) -> 236146 | O6: =ROUND(H6*0.7+AA6*0.3,0) -> 17000 | P6: =ROUND(I6*0.7+AB6*0.3,0) -> 283574 | Q6: =ROUND(O6*(U6/O6)^0.3,0) -> 19030 | R6: =ROUND(P6*(V6/P6)^0.3,0) -> 311468 | S6: =ROUND(O6*(U6/O6)^0.6,0) -> 21304 | T6: =ROUND(P6*(V6/P6)^0.6,0) -> 342105 | U6: =ROUND(H6*0.4+0.6*AA6,0) -> 24762 | V6: =ROUND(I6*0.4+0.6*AB6,0) -> 387694 | W6: =ROUND(U6*(AA6/U6)^0.3,0) -> 27497 | X6: =ROUND(V6*(AB6/V6)^0.3,0) -> 424979 | Y6: =ROUND(U6*(AA6/U6)^0.6,0) -> 30533 | Z6: =ROUND(V6*(AB6/V6)^0.6,0) -> 465849 | AA6: =ROUND(E6/25*AC6+AC6*F6,0) -> 35110 | AB6: =ROUND(D6*30*AC6,0) -> 526522 | AC6: 0.96
A7: 55 | B7: =ROUND([1]战斗力成长!$K14,0) -> 16368 | C7: =ROUND([1]战斗力成长!$Y14,0) -> 488684 | D7: =ROUND([1]战斗力成长!$AY14,0) -> 23919 | E7: =ROUND([1]战斗力成长!$AZ14,0) -> 1208980 | F7: =ROUND([1]战斗力成长!$AR14*0.4+[1]战斗力成长!$AS14,0) -> 9039 | G7: 20 | H7: =ROUND(((F7+C7/G7)/2)*0.8,0) -> 13389 | I7: =ROUND(G7*0.8*B7,0) -> 261888 | J7: =I7/D7 -> 10.948953 | K7: =ROUND(H7*(O7/H7)^0.3,0) -> 16449 | L7: =ROUND(I7*(P7/I7)^0.3,0) -> 297057 | M7: =ROUND(H7*(O7/H7)^0.6,0) -> 20209 | N7: =ROUND(I7*(P7/I7)^0.6,0) -> 336949 | O7: =ROUND(H7*0.7+AA7*0.3,0) -> 26592 | P7: =ROUND(I7*0.7+AB7*0.3,0) -> 398593 | Q7: =ROUND(O7*(U7/O7)^0.3,0) -> 30010 | R7: =ROUND(P7*(V7/P7)^0.3,0) -> 435461 | S7: =ROUND(O7*(U7/O7)^0.6,0) -> 33868 | T7: =ROUND(P7*(V7/P7)^0.6,0) -> 475739 | U7: =ROUND(H7*0.4+0.6*AA7,0) -> 39794 | V7: =ROUND(I7*0.4+0.6*AB7,0) -> 535297 | W7: =ROUND(U7*(AA7/U7)^0.3,0) -> 44416 | X7: =ROUND(V7*(AB7/V7)^0.3,0) -> 584488 | Y7: =ROUND(U7*(AA7/U7)^0.6,0) -> 49575 | Z7: =ROUND(V7*(AB7/V7)^0.6,0) -> 638200 | AA7: =ROUND(E7/25*AC7+AC7*F7,0) -> 57398 | AB7: =ROUND(D7*30*AC7,0) -> 717570 | AC7: 1
A8: 60 | B8: =ROUND([1]战斗力成长!$K15,0) -> 23358 | C8: =ROUND([1]战斗力成长!$Y15,0) -> 702413 | D8: =ROUND([1]战斗力成长!$AY15,0) -> 32701 | E8: =ROUND([1]战斗力成长!$AZ15,0) -> 1768861 | F8: =ROUND([1]战斗力成长!$AR15*0.4+[1]战斗力成长!$AS15,0) -> 15357 | G8: 21 | H8: =ROUND(((F8+C8/G8)/2)*0.8,0) -> 19522 | I8: =ROUND(G8*0.8*B8,0) -> 392414 | J8: =I8/D8 -> 12.000061 | K8: =ROUND(H8*(O8/H8)^0.3,0) -> 24306 | L8: =ROUND(I8*(P8/I8)^0.3,0) -> 441390 | M8: =ROUND(H8*(O8/H8)^0.6,0) -> 30261 | N8: =ROUND(I8*(P8/I8)^0.6,0) -> 496479 | O8: =ROUND(H8*0.7+AA8*0.3,0) -> 40532 | P8: =ROUND(I8*0.7+AB8*0.3,0) -> 580771 | Q8: =ROUND(O8*(U8/O8)^0.3,0) -> 45942 | R8: =ROUND(P8*(V8/P8)^0.3,0) -> 631834 | S8: =ROUND(O8*(U8/O8)^0.6,0) -> 52074 | T8: =ROUND(P8*(V8/P8)^0.6,0) -> 687387 | U8: =ROUND(H8*0.4+0.6*AA8,0) -> 61542 | V8: =ROUND(I8*0.4+0.6*AB8,0) -> 769128 | W8: =ROUND(U8*(AA8/U8)^0.3,0) -> 68873 | X8: =ROUND(V8*(AB8/V8)^0.3,0) -> 837170 | Y8: =ROUND(U8*(AA8/U8)^0.6,0) -> 77077 | Z8: =ROUND(V8*(AB8/V8)^0.6,0) -> 911232 | AA8: =ROUND(E8/25*AC8+AC8*F8,0) -> 89556 | AB8: =ROUND(D8*30*AC8,0) -> 1020271 | AC8: 1.04
A9: 65 | B9: =ROUND([1]战斗力成长!$K16,0) -> 32880 | C9: =ROUND([1]战斗力成长!$Y16,0) -> 1099604 | D9: =ROUND([1]战斗力成长!$AY16,0) -> 43746 | E9: =ROUND([1]战斗力成长!$AZ16,0) -> 2664578 | F9: =ROUND([1]战斗力成长!$AR16*0.4+[1]战斗力成长!$AS16,0) -> 27259 | G9: 22 | H9: =ROUND(((F9+C9/G9)/2)*0.8,0) -> 30896 | I9: =ROUND(G9*0.8*B9,0) -> 578688 | J9: =I9/D9 -> 13.228364 | K9: =ROUND(H9*(O9/H9)^0.3,0) -> 38618 | L9: =ROUND(I9*(P9/I9)^0.3,0) -> 644882 | M9: =ROUND(H9*(O9/H9)^0.6,0) -> 48270 | N9: =ROUND(I9*(P9/I9)^0.6,0) -> 718649 | O9: =ROUND(H9*0.7+AA9*0.3,0) -> 64992 | P9: =ROUND(I9*0.7+AB9*0.3,0) -> 830293 | Q9: =ROUND(O9*(U9/O9)^0.3,0) -> 73758 | R9: =ROUND(P9*(V9/P9)^0.3,0) -> 898913 | S9: =ROUND(O9*(U9/O9)^0.6,0) -> 83706 | T9: =ROUND(P9*(V9/P9)^0.6,0) -> 973204 | U9: =ROUND(H9*0.4+0.6*AA9,0) -> 99088 | V9: =ROUND(I9*0.4+0.6*AB9,0) -> 1081897 | W9: =ROUND(U9*(AA9/U9)^0.3,0) -> 110973 | X9: =ROUND(V9*(AB9/V9)^0.3,0) -> 1173208 | Y9: =ROUND(U9*(AA9/U9)^0.6,0) -> 124285 | Z9: =ROUND(V9*(AB9/V9)^0.6,0) -> 1272226 | AA9: =ROUND(E9/25*AC9+AC9*F9,0) -> 144549 | AB9: =ROUND(D9*30*AC9,0) -> 1417370 | AC9: 1.08
A10: 70 | B10: =ROUND([1]战斗力成长!$K17,0) -> 44971 | C10: =ROUND([1]战斗力成长!$Y17,0) -> 1601097 | D10: =ROUND([1]战斗力成长!$AY17,0) -> 58655 | E10: =ROUND([1]战斗力成长!$AZ17,0) -> 3902725 | F10: =ROUND([1]战斗力成长!$AR17*0.4+[1]战斗力成长!$AS17,0) -> 45032 | G10: 23 | H10: =ROUND(((F10+C10/G10)/2)*0.8,0) -> 45858 | I10: =ROUND(G10*0.8*B10,0) -> 827466 | J10: =I10/D10 -> 14.10734 | K10: =ROUND(H10*(O10/H10)^0.3,0) -> 57887 | L10: =ROUND(I10*(P10/I10)^0.3,0) -> 918191 | M10: =ROUND(H10*(O10/H10)^0.6,0) -> 73070 | N10: =ROUND(I10*(P10/I10)^0.6,0) -> 1018864 | O10: =ROUND(H10*0.7+AA10*0.3,0) -> 99684 | P10: =ROUND(I10*0.7+AB10*0.3,0) -> 1170469 | Q10: =ROUND(O10*(U10/O10)^0.3,0) -> 113469 | R10: =ROUND(P10*(V10/P10)^0.3,0) -> 1264283 | S10: =ROUND(O10*(U10/O10)^0.6,0) -> 129161 | T10: =ROUND(P10*(V10/P10)^0.6,0) -> 1365615 | U10: =ROUND(H10*0.4+0.6*AA10,0) -> 153510 | V10: =ROUND(I10*0.4+0.6*AB10,0) -> 1513471 | W10: =ROUND(U10*(AA10/U10)^0.3,0) -> 172231 | X10: =ROUND(V10*(AB10/V10)^0.3,0) -> 1638231 | Y10: =ROUND(U10*(AA10/U10)^0.6,0) -> 193235 | Z10: =ROUND(V10*(AB10/V10)^0.6,0) -> 1773276 | AA10: =ROUND(E10/25*AC10+AC10*F10,0) -> 225278 | AB10: =ROUND(D10*30*AC10,0) -> 1970808 | AC10: 1.12
A11: 75 | B11: =ROUND([1]战斗力成长!$K18,0) -> 58731 | C11: =ROUND([1]战斗力成长!$Y18,0) -> 2237989 | D11: =ROUND([1]战斗力成长!$AY18,0) -> 79146 | E11: =ROUND([1]战斗力成长!$AZ18,0) -> 5841454 | F11: =ROUND([1]战斗力成长!$AR18*0.4+[1]战斗力成长!$AS18,0) -> 70858 | G11: 24 | H11: =ROUND(((F11+C11/G11)/2)*0.8,0) -> 65643 | I11: =ROUND(G11*0.8*B11,0) -> 1127635 | J11: =I11/D11 -> 14.24753 | K11: =ROUND(H11*(O11/H11)^0.3,0) -> 84434 | L11: =ROUND(I11*(P11/I11)^0.3,0) -> 1256089 | M11: =ROUND(H11*(O11/H11)^0.6,0) -> 108604 | N11: =ROUND(I11*(P11/I11)^0.6,0) -> 1399176 | O11: =ROUND(H11*0.7+AA11*0.3,0) -> 151922 | P11: =ROUND(I11*0.7+AB11*0.3,0) -> 1615629 | Q11: =ROUND(O11*(U11/O11)^0.3,0) -> 173867 | R11: =ROUND(P11*(V11/P11)^0.3,0) -> 1748757 | S11: =ROUND(O11*(U11/O11)^0.6,0) -> 198982 | T11: =ROUND(P11*(V11/P11)^0.6,0) -> 1892855 | U11: =ROUND(H11*0.4+0.6*AA11,0) -> 238201 | V11: =ROUND(I11*0.4+0.6*AB11,0) -> 2103623 | W11: =ROUND(U11*(AA11/U11)^0.3,0) -> 268090 | X11: =ROUND(V11*(AB11/V11)^0.3,0) -> 2280762 | Y11: =ROUND(U11*(AA11/U11)^0.6,0) -> 301730 | Z11: =ROUND(V11*(AB11/V11)^0.6,0) -> 2472818 | AA11: =ROUND(E11/25*AC11+AC11*F11,0) -> 353239 | AB11: =ROUND(D11*30*AC11,0) -> 2754281 | AC11: 1.16
A12: 80 | B12: =ROUND([1]战斗力成长!$K19,0) -> 74947 | C12: =ROUND([1]战斗力成长!$Y19,0) -> 2912893 | D12: =ROUND([1]战斗力成长!$AY19,0) -> 103680 | E12: =ROUND([1]战斗力成长!$AZ19,0) -> 8069696 | F12: =ROUND([1]战斗力成长!$AR19*0.4+[1]战斗力成长!$AS19,0) -> 104029 | G12: 25 | H12: =ROUND(((F12+C12/G12)/2)*0.8,0) -> 88218 | I12: =ROUND(G12*0.8*B12,0) -> 1498940 | J12: =I12/D12 -> 14.457369 | K12: =ROUND(H12*(O12/H12)^0.3,0) -> 115310 | L12: =ROUND(I12*(P12/I12)^0.3,0) -> 1674661 | M12: =ROUND(H12*(O12/H12)^0.6,0) -> 150723 | N12: =ROUND(I12*(P12/I12)^0.6,0) -> 1870982 | O12: =ROUND(H12*0.7+AA12*0.3,0) -> 215407 | P12: =ROUND(I12*0.7+AB12*0.3,0) -> 2169002 | Q12: =ROUND(O12*(U12/O12)^0.3,0) -> 247580 | R12: =ROUND(P12*(V12/P12)^0.3,0) -> 2351443 | S12: =ROUND(O12*(U12/O12)^0.6,0) -> 284559 | T12: =ROUND(P12*(V12/P12)^0.6,0) -> 2549230 | U12: =ROUND(H12*0.4+0.6*AA12,0) -> 342595 | V12: =ROUND(I12*0.4+0.6*AB12,0) -> 2839064 | W12: =ROUND(U12*(AA12/U12)^0.3,0) -> 386521 | X12: =ROUND(V12*(AB12/V12)^0.3,0) -> 3081924 | Y12: =ROUND(U12*(AA12/U12)^0.6,0) -> 436080 | Z12: =ROUND(V12*(AB12/V12)^0.6,0) -> 3345558 | AA12: =ROUND(E12/25*AC12+AC12*F12,0) -> 512180 | AB12: =ROUND(D12*30*AC12,0) -> 3732480 | AC12: 1.2
A13: 85 | B13: =ROUND([1]战斗力成长!$K20,0) -> 94496 | C13: =ROUND([1]战斗力成长!$Y20,0) -> 3760132 | D13: =ROUND([1]战斗力成长!$AY20,0) -> 132555 | E13: =ROUND([1]战斗力成长!$AZ20,0) -> 10788762 | F13: =ROUND([1]战斗力成长!$AR20+[1]战斗力成长!$AS20,0) -> 240066 | G13: 26 | H13: =ROUND(((F13+C13/G13)/2)*0.8,0) -> 153875 | I13: =ROUND(G13*0.8*B13,0) -> 1965517 | J13: =I13/D13 -> 14.827936 | K13: =ROUND(H13*(O13/H13)^0.3,0) -> 198162 | L13: =ROUND(I13*(P13/I13)^0.3,0) -> 2198486 | M13: =ROUND(H13*(O13/H13)^0.6,0) -> 255195 | N13: =ROUND(I13*(P13/I13)^0.6,0) -> 2459068 | O13: =ROUND(H13*0.7+AA13*0.3,0) -> 357554 | P13: =ROUND(I13*0.7+AB13*0.3,0) -> 2855176 | Q13: =ROUND(O13*(U13/O13)^0.3,0) -> 409338 | R13: =ROUND(P13*(V13/P13)^0.3,0) -> 3097225 | S13: =ROUND(O13*(U13/O13)^0.6,0) -> 468621 | T13: =ROUND(P13*(V13/P13)^0.6,0) -> 3359794 | U13: =ROUND(H13*0.4+0.6*AA13,0) -> 561232 | V13: =ROUND(I13*0.4+0.6*AB13,0) -> 3744834 | W13: =ROUND(U13*(AA13/U13)^0.3,0) -> 631775 | X13: =ROUND(V13*(AB13/V13)^0.3,0) -> 4067097 | Y13: =ROUND(U13*(AA13/U13)^0.6,0) -> 711185 | Z13: =ROUND(V13*(AB13/V13)^0.6,0) -> 4417092 | AA13: =ROUND(E13/25*AC13+AC13*F13,0) -> 832804 | AB13: =ROUND(D13*30*AC13,0) -> 4931046 | AC13: 1.24
A14: 90 | B14: =ROUND([1]战斗力成长!$K21,0) -> 117856 | C14: =ROUND([1]战斗力成长!$Y21,0) -> 4661213 | D14: =ROUND([1]战斗力成长!$AY21,0) -> 167380 | E14: =ROUND([1]战斗力成长!$AZ21,0) -> 13802380 | F14: =ROUND([1]战斗力成长!$AR21+[1]战斗力成长!$AS21,0) -> 316792 | G14: 27 | H14: =ROUND(((F14+C14/G14)/2)*0.8,0) -> 195772 | I14: =ROUND(G14*0.8*B14,0) -> 2545690 | J14: =I14/D14 -> 15.209045 | K14: =ROUND(H14*(O14/H14)^0.3,0) -> 254710 | L14: =ROUND(I14*(P14/I14)^0.3,0) -> 2850251 | M14: =ROUND(H14*(O14/H14)^0.6,0) -> 331393 | N14: =ROUND(I14*(P14/I14)^0.6,0) -> 3191249 | O14: =ROUND(H14*0.7+AA14*0.3,0) -> 470693 | P14: =ROUND(I14*0.7+AB14*0.3,0) -> 3710201 | Q14: =ROUND(O14*(U14/O14)^0.3,0) -> 540344 | R14: =ROUND(P14*(V14/P14)^0.3,0) -> 4026826 | S14: =ROUND(O14*(U14/O14)^0.6,0) -> 620302 | T14: =ROUND(P14*(V14/P14)^0.6,0) -> 4370472 | U14: =ROUND(H14*0.4+0.6*AA14,0) -> 745614 | V14: =ROUND(I14*0.4+0.6*AB14,0) -> 4874711 | W14: =ROUND(U14*(AA14/U14)^0.3,0) -> 840644 | X14: =ROUND(V14*(AB14/V14)^0.3,0) -> 5296325 | Y14: =ROUND(U14*(AA14/U14)^0.6,0) -> 947785 | Z14: =ROUND(V14*(AB14/V14)^0.6,0) -> 5754405 | AA14: =ROUND(E14/25*AC14+AC14*F14,0) -> 1112176 | AB14: =ROUND(D14*30*AC14,0) -> 6427392 | AC14: 1.28
A15: 95 | B15: =ROUND([1]战斗力成长!$K22,0) -> 145549 | C15: =ROUND([1]战斗力成长!$Y22,0) -> 5769011 | D15: =ROUND([1]战斗力成长!$AY22,0) -> 206858 | E15: =ROUND([1]战斗力成长!$AZ22,0) -> 17315841 | F15: =ROUND([1]战斗力成长!$AR22+[1]战斗力成长!$AS22,0) -> 423674 | G15: 28 | H15: =ROUND(((F15+C15/G15)/2)*0.8,0) -> 251884 | I15: =ROUND(G15*0.8*B15,0) -> 3260298 | J15: =I15/D15 -> 15.761044 | K15: =ROUND(H15*(O15/H15)^0.3,0) -> 329774 | L15: =ROUND(I15*(P15/I15)^0.3,0) -> 3647580 | M15: =ROUND(H15*(O15/H15)^0.6,0) -> 431750 | N15: =ROUND(I15*(P15/I15)^0.6,0) -> 4080867 | O15: =ROUND(H15*0.7+AA15*0.3,0) -> 618377 | P15: =ROUND(I15*0.7+AB15*0.3,0) -> 4739682 | Q15: =ROUND(O15*(U15/O15)^0.3,0) -> 711035 | R15: =ROUND(P15*(V15/P15)^0.3,0) -> 5142117 | S15: =ROUND(O15*(U15/O15)^0.6,0) -> 817577 | T15: =ROUND(P15*(V15/P15)^0.6,0) -> 5578722 | U15: =ROUND(H15*0.4+0.6*AA15,0) -> 984869 | V15: =ROUND(I15*0.4+0.6*AB15,0) -> 6219065 | W15: =ROUND(U15*(AA15/U15)^0.3,0) -> 1111405 | X15: =ROUND(V15*(AB15/V15)^0.3,0) -> 6754883 | Y15: =ROUND(U15*(AA15/U15)^0.6,0) -> 1254198 | Z15: =ROUND(V15*(AB15/V15)^0.6,0) -> 7336865 | AA15: =ROUND(E15/25*AC15+AC15*F15,0) -> 1473526 | AB15: =ROUND(D15*30*AC15,0) -> 8191577 | AC15: 1.32
A16: 100 | B16: =ROUND([1]战斗力成长!$K23,0) -> 178142 | C16: =ROUND([1]战斗力成长!$Y23,0) -> 7169649 | D16: =ROUND([1]战斗力成长!$AY23,0) -> 256188 | E16: =ROUND([1]战斗力成长!$AZ23,0) -> 22528951 | F16: =ROUND([1]战斗力成长!$AR23+[1]战斗力成长!$AS23,0) -> 574835 | G16: 29 | H16: =ROUND(((F16+C16/G16)/2)*0.8,0) -> 328826 | I16: =ROUND(G16*0.8*B16,0) -> 4132894 | J16: =I16/D16 -> 16.13227 | K16: =ROUND(H16*(O16/H16)^0.3,0) -> 434484 | L16: =ROUND(I16*(P16/I16)^0.3,0) -> 4628567 | M16: =ROUND(H16*(O16/H16)^0.6,0) -> 574091 | N16: =ROUND(I16*(P16/I16)^0.6,0) -> 5183687 | O16: =ROUND(H16*0.7+AA16*0.3,0) -> 832384 | P16: =ROUND(I16*0.7+AB16*0.3,0) -> 6028767 | Q16: =ROUND(O16*(U16/O16)^0.3,0) -> 959318 | R16: =ROUND(P16*(V16/P16)^0.3,0) -> 6544159 | S16: =ROUND(O16*(U16/O16)^0.6,0) -> 1105610 | T16: =ROUND(P16*(V16/P16)^0.6,0) -> 7103610 | U16: =ROUND(H16*0.4+0.6*AA16,0) -> 1335941 | V16: =ROUND(I16*0.4+0.6*AB16,0) -> 7924640 | W16: =ROUND(U16*(AA16/U16)^0.3,0) -> 1509517 | X16: =ROUND(V16*(AB16/V16)^0.3,0) -> 8610956 | Y16: =ROUND(U16*(AA16/U16)^0.6,0) -> 1705646 | Z16: =ROUND(V16*(AB16/V16)^0.6,0) -> 9356710 | AA16: =ROUND(E16/25*AC16+AC16*F16,0) -> 2007351 | AB16: =ROUND(D16*30*AC16,0) -> 10452470 | AC16: 1.36
T21: =AA2/H2 -> 1.7044888 | U21: =AB2/I2 -> 4.4244671 | V21: =U21*T21 -> 7.5414545
T22: =AA3/H3 -> 2.2292627 | U22: =AB3/I3 -> 3.8787957 | V22: =U22*T22 -> 8.6468545
T23: =AA4/H4 -> 2.6964597 | U23: =AB4/I4 -> 3.39019 | V23: =U23*T23 -> 9.1415106
T24: =AA5/H5 -> 3.3208649 | U24: =AB5/I5 -> 3.222208 | V24: =U24*T24 -> 10.700517
T25: =AA6/H6 -> 3.8001948 | U25: =AB6/I6 -> 2.9340384 | V25: =U25*T25 -> 11.149918
T26: =AA7/H7 -> 4.286952 | U26: =AB7/I7 -> 2.7399881 | V26: =U26*T26 -> 11.746197
T27: =AA8/H8 -> 4.5874398 | U27: =AB8/I8 -> 2.5999862 | V27: =U27*T27 -> 11.92728
T28: =AA9/H9 -> 4.6785668 | U28: =AB9/I9 -> 2.4492818 | V28: =U28*T28 -> 11.459129
T29: =AA10/H10 -> 4.9125125 | U29: =AB10/I10 -> 2.3817389 | V29: =U29*T29 -> 11.700322
T30: =AA11/H11 -> 5.3812135 | U30: =AB11/I11 -> 2.4425288 | V30: =U30*T30 -> 13.143769
T31: =AA12/H12 -> 5.8058446 | U31: =AB12/I12 -> 2.4900797 | V31: =U31*T31 -> 14.457016
T32: =AA13/H13 -> 5.4122112 | U32: =AB13/I13 -> 2.5087781 | V32: =U32*T32 -> 13.578037
... T35: =AA16/H16 -> 6.1045994 | U35: =AB16/I16 -> 2.5290922 | V35: =U35*T35 -> 15.439095
A49: 等级 | B49: 无佣兵玩家DPS | C49: 无佣兵玩家EHP | D49: 玩家DPS | E49: 玩家EHP | F49: 玩家HPS | G49: 回合数 | H49: 普通DPS | I49: 普通EHP | K49: minor1 | L49: minor1 | M49: minor2 | N49: minor2 | O49: BOSS3 | P49: BOSS3 | Q49: minor3 | R49: minor3 | S49: minor4 | T49: minor4 | U49: BOSS6 | V49: BOSS6 | W49: minor5 | X49: minor5 | Y49: minor6 | Z49: minor6 | AA49: BOSSDPS | AB49: BOSSEHP | AC49: 难度系数
A50: 30 | B50: =ROUND([1]战斗力成长!$K57,0) -> 6832 | C50: =ROUND([1]战斗力成长!$Y57,0) -> 38123 | D50: =ROUND([1]战斗力成长!$AY57,0) -> 9036 | E50: =ROUND([1]战斗力成长!$Y57,0) -> 38123 | F50: =ROUND([1]战斗力成长!$AR57*0.4*0.8+[1]战斗力成长!$AS57,0) -> 471 | G50: 10 | H50: =ROUND(((F50+C50/G50)/2)*MIN(AC50,1),0) -> 1713 | I50: =ROUND(G50*MIN(AC50,1)*B50,0) -> 54656 | K50: =ROUND(H50*(O50/H50)^0.3,0) -> 1702 | L50: =ROUND(I50*(P50/I50)^0.3,0) -> 66161 | M50: =ROUND(H50*(O50/H50)^0.6,0) -> 1692 | N50: =ROUND(I50*(P50/I50)^0.6,0) -> 80087 | O50: =ROUND(H50*0.7+AA50*0.3,0) -> 1678 | P50: =ROUND(I50*0.7+AB50*0.3,0) -> 103318 | Q50: =ROUND(O50*(U50/O50)^0.3,0) -> 1667 | R50: =ROUND(P50*(V50/P50)^0.3,0) -> 116001 | S50: =ROUND(O50*(U50/O50)^0.6,0) -> 1657 | T50: =ROUND(P50*(V50/P50)^0.6,0) -> 130240 | U50: =ROUND(H50*0.4+0.6*AA50,0) -> 1643 | V50: =ROUND(I50*0.4+0.6*AB50,0) -> 151981 | W50: =ROUND(U50*(AA50/U50)^0.3,0) -> 1629 | X50: =ROUND(V50*(AB50/V50)^0.3,0) -> 169086 | Y50: =ROUND(U50*(AA50/U50)^0.6,0) -> 1615 | Z50: =ROUND(V50*(AB50/V50)^0.6,0) -> 188117 | AA50: =ROUND(E50/25*AC50+AC50*F50,0) -> 1597 | AB50: =ROUND(D50*30*AC50,0) -> 216864 | AC50: 0.8
A51: 35 | B51: =ROUND([1]战斗力成长!$K58,0) -> 10006 | C51: =ROUND([1]战斗力成长!$Y58,0) -> 60953 | D51: =ROUND([1]战斗力成长!$AY58,0) -> 13463 | E51: =ROUND([1]战斗力成长!$Y58,0) -> 60953 | F51: =ROUND([1]战斗力成长!$AR58*0.4*0.8+[1]战斗力成长!$AS58,0) -> 748 | G51: 12 | H51: =ROUND(((F51+C51/G51)/2)*MIN(AC51,1),0) -> 2448 | I51: =ROUND(G51*MIN(AC51,1)*B51,0) -> 100860 | K51: =ROUND(H51*(O51/H51)^0.3,0) -> 2468 | L51: =ROUND(I51*(P51/I51)^0.3,0) -> 118454 | M51: =ROUND(H51*(O51/H51)^0.6,0) -> 2489 | N51: =ROUND(I51*(P51/I51)^0.6,0) -> 139118 | O51: =ROUND(H51*0.7+AA51*0.3,0) -> 2516 | P51: =ROUND(I51*0.7+AB51*0.3,0) -> 172382 | Q51: =ROUND(O51*(U51/O51)^0.3,0) -> 2537 | R51: =ROUND(P51*(V51/P51)^0.3,0) -> 191298 | S51: =ROUND(O51*(U51/O51)^0.6,0) -> 2557 | T51: =ROUND(P51*(V51/P51)^0.6,0) -> 212290 | U51: =ROUND(H51*0.4+0.6*AA51,0) -> 2585 | V51: =ROUND(I51*0.4+0.6*AB51,0) -> 243905 | W51: =ROUND(U51*(AA51/U51)^0.3,0) -> 2612 | X51: =ROUND(V51*(AB51/V51)^0.3,0) -> 269288 | Y51: =ROUND(U51*(AA51/U51)^0.6,0) -> 2639 | Z51: =ROUND(V51*(AB51/V51)^0.6,0) -> 297313 | AA51: =ROUND(E51/25*AC51+AC51*F51,0) -> 2676 | AB51: =ROUND(D51*30*AC51,0) -> 339268 | AC51: 0.84
A52: 40 | B52: =ROUND([1]战斗力成长!$K59,0) -> 14779 | C52: =ROUND([1]战斗力成长!$Y59,0) -> 95813 | D52: =ROUND([1]战斗力成长!$AY59,0) -> 19471 | E52: =ROUND([1]战斗力成长!$Y59,0) -> 95813 | F52: =ROUND([1]战斗力成长!$AR59*0.4*0.8+[1]战斗力成长!$AS59,0) -> 1593 | G52: 14 | H52: =ROUND(((F52+C52/G52)/2)*MIN(AC52,1),0) -> 3712 | I52: =ROUND(G52*MIN(AC52,1)*B52,0) -> 182077 | K52: =ROUND(H52*(O52/H52)^0.3,0) -> 3805 | L52: =ROUND(I52*(P52/I52)^0.3,0) -> 207538 | M52: =ROUND(H52*(O52/H52)^0.6,0) -> 3900 | N52: =ROUND(I52*(P52/I52)^0.6,0) -> 236560 | O52: =ROUND(H52*0.7+AA52*0.3,0) -> 4031 | P52: =ROUND(I52*0.7+AB52*0.3,0) -> 281664 | Q52: =ROUND(O52*(U52/O52)^0.3,0) -> 4124 | R52: =ROUND(P52*(V52/P52)^0.3,0) -> 308443 | S52: =ROUND(O52*(U52/O52)^0.6,0) -> 4219 | T52: =ROUND(P52*(V52/P52)^0.6,0) -> 337768 | U52: =ROUND(H52*0.4+0.6*AA52,0) -> 4349 | V52: =ROUND(I52*0.4+0.6*AB52,0) -> 381251 | W52: =ROUND(U52*(AA52/U52)^0.3,0) -> 4472 | X52: =ROUND(V52*(AB52/V52)^0.3,0) -> 417009 | Y52: =ROUND(U52*(AA52/U52)^0.6,0) -> 4599 | Z52: =ROUND(V52*(AB52/V52)^0.6,0) -> 456120 | AA52: =ROUND(E52/25*AC52+AC52*F52,0) -> 4774 | AB52: =ROUND(D52*30*AC52,0) -> 514034 | AC52: 0.88
A53: 45 | B53: =ROUND([1]战斗力成长!$K60,0) -> 18760 | C53: =ROUND([1]战斗力成长!$Y60,0) -> 120685 | D53: =ROUND([1]战斗力成长!$AY60,0) -> 25461 | E53: =ROUND([1]战斗力成长!$Y60,0) -> 120685 | F53: =ROUND([1]战斗力成长!$AR60*0.4*0.8+[1]战斗力成长!$AS60,0) -> 1978 | G53: 16 | H53: =ROUND(((F53+C53/G53)/2)*MIN(AC53,1),0) -> 4380 | I53: =ROUND(G53*MIN(AC53,1)*B53,0) -> 276147 | K53: =ROUND(H53*(O53/H53)^0.3,0) -> 4542 | L53: =ROUND(I53*(P53/I53)^0.3,0) -> 309565 | M53: =ROUND(H53*(O53/H53)^0.6,0) -> 4710 | N53: =ROUND(I53*(P53/I53)^0.6,0) -> 347026 | O53: =ROUND(H53*0.7+AA53*0.3,0) -> 4944 | P53: =ROUND(I53*0.7+AB53*0.3,0) -> 404120 | Q53: =ROUND(O53*(U53/O53)^0.3,0) -> 5107 | R53: =ROUND(P53*(V53/P53)^0.3,0) -> 438888 | S53: =ROUND(O53*(U53/O53)^0.6,0) -> 5276 | T53: =ROUND(P53*(V53/P53)^0.6,0) -> 476647 | U53: =ROUND(H53*0.4+0.6*AA53,0) -> 5509 | V53: =ROUND(I53*0.4+0.6*AB53,0) -> 532093 | W53: =ROUND(U53*(AA53/U53)^0.3,0) -> 5725 | X53: =ROUND(V53*(AB53/V53)^0.3,0) -> 578398 | Y53: =ROUND(U53*(AA53/U53)^0.6,0) -> 5949 | Z53: =ROUND(V53*(AB53/V53)^0.6,0) -> 628732 | AA53: =ROUND(E53/25*AC53+AC53*F53,0) -> 6261 | AB53: =ROUND(D53*30*AC53,0) -> 702724 | AC53: 0.92
A54: 50 | B54: =ROUND([1]战斗力成长!$K61,0) -> 26032 | C54: =ROUND([1]战斗力成长!$Y61,0) -> 188492 | D54: =ROUND([1]战斗力成长!$AY61,0) -> 35213 | E54: =ROUND([1]战斗力成长!$Y61,0) -> 188492 | F54: =ROUND([1]战斗力成长!$AR61*0.4*0.8+[1]战斗力成长!$AS61,0) -> 3356 | G54: 18 | H54: =ROUND(((F54+C54/G54)/2)*MIN(AC54,1),0) -> 6637 | I54: =ROUND(G54*MIN(AC54,1)*B54,0) -> 449833 | K54: =ROUND(H54*(O54/H54)^0.3,0) -> 6962 | L54: =ROUND(I54*(P54/I54)^0.3,0) -> 495073 | M54: =ROUND(H54*(O54/H54)^0.6,0) -> 7303 | N54: =ROUND(I54*(P54/I54)^0.6,0) -> 544862 | O54: =ROUND(H54*0.7+AA54*0.3,0) -> 7784 | P54: =ROUND(I54*0.7+AB54*0.3,0) -> 619123 | Q54: =ROUND(O54*(U54/O54)^0.3,0) -> 8112 | R54: =ROUND(P54*(V54/P54)^0.3,0) -> 665687 | S54: =ROUND(O54*(U54/O54)^0.6,0) -> 8453 | T54: =ROUND(P54*(V54/P54)^0.6,0) -> 715753 | U54: =ROUND(H54*0.4+0.6*AA54,0) -> 8931 | V54: =ROUND(I54*0.4+0.6*AB54,0) -> 788414 | W54: =ROUND(U54*(AA54/U54)^0.3,0) -> 9365 | X54: =ROUND(V54*(AB54/V54)^0.3,0) -> 850270 | Y54: =ROUND(U54*(AA54/U54)^0.6,0) -> 9819 | Z54: =ROUND(V54*(AB54/V54)^0.6,0) -> 916978 | AA54: =ROUND(E54/25*AC54+AC54*F54,0) -> 10460 | AB54: =ROUND(D54*30*AC54,0) -> 1014134 | AC54: 0.96
A55: 55 | B55: =ROUND([1]战斗力成长!$K62,0) -> 34440 | C55: =ROUND([1]战斗力成长!$Y62,0) -> 276440 | D55: =ROUND([1]战斗力成长!$AY62,0) -> 47043 | E55: =ROUND([1]战斗力成长!$Y62,0) -> 276440 | F55: =ROUND([1]战斗力成长!$AR62*0.4*0.8+[1]战斗力成长!$AS62,0) -> 5490 | G55: 20 | H55: =ROUND(((F55+C55/G55)/2)*MIN(AC55,1),0) -> 9656 | I55: =ROUND(G55*MIN(AC55,1)*B55,0) -> 688800 | K55: =ROUND(H55*(O55/H55)^0.3,0) -> 10235 | L55: =ROUND(I55*(P55/I55)^0.3,0) -> 747719 | M55: =ROUND(H55*(O55/H55)^0.6,0) -> 10848 | N55: =ROUND(I55*(P55/I55)^0.6,0) -> 811678 | O55: =ROUND(H55*0.7+AA55*0.3,0) -> 11724 | P55: =ROUND(I55*0.7+AB55*0.3,0) -> 905547 | Q55: =ROUND(O55*(U55/O55)^0.3,0) -> 12309 | R55: =ROUND(P55*(V55/P55)^0.3,0) -> 965761 | S55: =ROUND(O55*(U55/O55)^0.6,0) -> 12924 | T55: =ROUND(P55*(V55/P55)^0.6,0) -> 1029979 | U55: =ROUND(H55*0.4+0.6*AA55,0) -> 13791 | V55: =ROUND(I55*0.4+0.6*AB55,0) -> 1122294 | W55: =ROUND(U55*(AA55/U55)^0.3,0) -> 14566 | X55: =ROUND(V55*(AB55/V55)^0.3,0) -> 1202152 | Y55: =ROUND(U55*(AA55/U55)^0.6,0) -> 15385 | Z55: =ROUND(V55*(AB55/V55)^0.6,0) -> 1287693 | AA55: =ROUND(E55/25*AC55+AC55*F55,0) -> 16548 | AB55: =ROUND(D55*30*AC55,0) -> 1411290 | AC55: 1
A56: 60 | B56: =ROUND([1]战斗力成长!$K63,0) -> 50285 | C56: =ROUND([1]战斗力成长!$Y63,0) -> 388497 | D56: =ROUND([1]战斗力成长!$AY63,0) -> 66461 | E56: =ROUND([1]战斗力成长!$Y63,0) -> 388497 | F56: =ROUND([1]战斗力成长!$AR63*0.4*0.8+[1]战斗力成长!$AS63,0) -> 9223 | G56: 21 | H56: =ROUND(((F56+C56/G56)/2)*MIN(AC56,1),0) -> 13861 | I56: =ROUND(G56*MIN(AC56,1)*B56,0) -> 1055985 | K56: =ROUND(H56*(O56/H56)^0.3,0) -> 14847 | L56: =ROUND(I56*(P56/I56)^0.3,0) -> 1139576 | M56: =ROUND(H56*(O56/H56)^0.6,0) -> 15903 | N56: =ROUND(I56*(P56/I56)^0.6,0) -> 1229783 | O56: =ROUND(H56*0.7+AA56*0.3,0) -> 17429 | P56: =ROUND(I56*0.7+AB56*0.3,0) -> 1361264 | Q56: =ROUND(O56*(U56/O56)^0.3,0) -> 18430 | R56: =ROUND(P56*(V56/P56)^0.3,0) -> 1446454 | S56: =ROUND(O56*(U56/O56)^0.6,0) -> 19489 | T56: =ROUND(P56*(V56/P56)^0.6,0) -> 1536976 | U56: =ROUND(H56*0.4+0.6*AA56,0) -> 20996 | V56: =ROUND(I56*0.4+0.6*AB56,0) -> 1666544 | W56: =ROUND(U56*(AA56/U56)^0.3,0) -> 22323 | X56: =ROUND(V56*(AB56/V56)^0.3,0) -> 1779460 | Y56: =ROUND(U56*(AA56/U56)^0.6,0) -> 23733 | Z56: =ROUND(V56*(AB56/V56)^0.6,0) -> 1900026 | AA56: =ROUND(E56/25*AC56+AC56*F56,0) -> 25753 | AB56: =ROUND(D56*30*AC56,0) -> 2073583 | AC56: 1.04
A57: 65 | B57: =ROUND([1]战斗力成长!$K64,0) -> 71466 | C57: =ROUND([1]战斗力成长!$Y64,0) -> 603334 | D57: =ROUND([1]战斗力成长!$AY64,0) -> 90690 | E57: =ROUND([1]战斗力成长!$Y64,0) -> 603334 | F57: =ROUND([1]战斗力成长!$AR64*0.4*0.8+[1]战斗力成长!$AS64,0) -> 16304 | G57: 22 | H57: =ROUND(((F57+C57/G57)/2)*MIN(AC57,1),0) -> 21864 | I57: =ROUND(G57*MIN(AC57,1)*B57,0) -> 1572252 | K57: =ROUND(H57*(O57/H57)^0.3,0) -> 23650 | L57: =ROUND(I57*(P57/I57)^0.3,0) -> 1685396 | M57: =ROUND(H57*(O57/H57)^0.6,0) -> 25582 | N57: =ROUND(I57*(P57/I57)^0.6,0) -> 1806683 | O57: =ROUND(H57*0.7+AA57*0.3,0) -> 28406 | P57: =ROUND(I57*0.7+AB57*0.3,0) -> 1982083 | Q57: =ROUND(O57*(U57/O57)^0.3,0) -> 30229 | R57: =ROUND(P57*(V57/P57)^0.3,0) -> 2097051 | S57: =ROUND(O57*(U57/O57)^0.6,0) -> 32168 | T57: =ROUND(P57*(V57/P57)^0.6,0) -> 2218687 | U57: =ROUND(H57*0.4+0.6*AA57,0) -> 34949 | V57: =ROUND(I57*0.4+0.6*AB57,0) -> 2391914 | W57: =ROUND(U57*(AA57/U57)^0.3,0) -> 37365 | X57: =ROUND(V57*(AB57/V57)^0.3,0) -> 2544212 | Y57: =ROUND(U57*(AA57/U57)^0.6,0) -> 39948 | Z57: =ROUND(V57*(AB57/V57)^0.6,0) -> 2706206 | AA57: =ROUND(E57/25*AC57+AC57*F57,0) -> 43672 | AB57: =ROUND(D57*30*AC57,0) -> 2938356 | AC57: 1.08
A58: 70 | B58: =ROUND([1]战斗力成长!$K65,0) -> 96511 | C58: =ROUND([1]战斗力成长!$Y65,0) -> 852863 | D58: =ROUND([1]战斗力成长!$AY65,0) -> 121334 | E58: =ROUND([1]战斗力成长!$Y65,0) -> 852863 | F58: =ROUND([1]战斗力成长!$AR65*0.4*0.8+[1]战斗力成长!$AS65,0) -> 26074 | G58: 23 | H58: =ROUND(((F58+C58/G58)/2)*MIN(AC58,1),0) -> 31578 | I58: =ROUND(G58*MIN(AC58,1)*B58,0) -> 2219753 | K58: =ROUND(H58*(O58/H58)^0.3,0) -> 34479 | L58: =ROUND(I58*(P58/I58)^0.3,0) -> 2373997 | M58: =ROUND(H58*(O58/H58)^0.6,0) -> 37647 | N58: =ROUND(I58*(P58/I58)^0.6,0) -> 2538958 | O58: =ROUND(H58*0.7+AA58*0.3,0) -> 42328 | P58: =ROUND(I58*0.7+AB58*0.3,0) -> 2776874 | Q58: =ROUND(O58*(U58/O58)^0.3,0) -> 45302 | R58: =ROUND(P58*(V58/P58)^0.3,0) -> 2933451 | S58: =ROUND(O58*(U58/O58)^0.6,0) -> 48484 | T58: =ROUND(P58*(V58/P58)^0.6,0) -> 3098856 | U58: =ROUND(H58*0.4+0.6*AA58,0) -> 53078 | V58: =ROUND(I58*0.4+0.6*AB58,0) -> 3333994 | W58: =ROUND(U58*(AA58/U58)^0.3,0) -> 57024 | X58: =ROUND(V58*(AB58/V58)^0.3,0) -> 3541375 | Y58: =ROUND(U58*(AA58/U58)^0.6,0) -> 61264 | Z58: =ROUND(V58*(AB58/V58)^0.6,0) -> 3761655 | AA58: =ROUND(E58/25*AC58+AC58*F58,0) -> 67411 | AB58: =ROUND(D58*30*AC58,0) -> 4076822 | AC58: 1.12
A59: 75 | B59: =ROUND([1]战斗力成长!$K66,0) -> 124722 | C59: =ROUND([1]战斗力成长!$Y66,0) -> 1208670 | D59: =ROUND([1]战斗力成长!$AY66,0) -> 160969 | E59: =ROUND([1]战斗力成长!$Y66,0) -> 1208670 | F59: =ROUND([1]战斗力成长!$AR66*0.4*0.8+[1]战斗力成长!$AS66,0) -> 41495 | G59: 24 | H59: =ROUND(((F59+C59/G59)/2)*MIN(AC59,1),0) -> 45928 | I59: =ROUND(G59*MIN(AC59,1)*B59,0) -> 2993328 | K59: =ROUND(H59*(O59/H59)^0.3,0) -> 50595 | L59: =ROUND(I59*(P59/I59)^0.3,0) -> 3209315 | M59: =ROUND(H59*(O59/H59)^0.6,0) -> 55737 | N59: =ROUND(I59*(P59/I59)^0.6,0) -> 3440886 | O59: =ROUND(H59*0.7+AA59*0.3,0) -> 63414 | P59: =ROUND(I59*0.7+AB59*0.3,0) -> 3775846 | Q59: =ROUND(O59*(U59/O59)^0.3,0) -> 68221 | R59: =ROUND(P59*(V59/P59)^0.3,0) -> 3995330 | S59: =ROUND(O59*(U59/O59)^0.6,0) -> 73392 | T59: =ROUND(P59*(V59/P59)^0.6,0) -> 4227573 | U59: =ROUND(H59*0.4+0.6*AA59,0) -> 80901 | V59: =ROUND(I59*0.4+0.6*AB59,0) -> 4558364 | W59: =ROUND(U59*(AA59/U59)^0.3,0) -> 87287 | X59: =ROUND(V59*(AB59/V59)^0.3,0) -> 4849118 | Y59: =ROUND(U59*(AA59/U59)^0.6,0) -> 94176 | Z59: =ROUND(V59*(AB59/V59)^0.6,0) -> 5158417 | AA59: =ROUND(E59/25*AC59+AC59*F59,0) -> 104216 | AB59: =ROUND(D59*30*AC59,0) -> 5601721 | AC59: 1.16
A60: 80 | B60: =ROUND([1]战斗力成长!$K67,0) -> 157559 | C60: =ROUND([1]战斗力成长!$Y67,0) -> 1627296 | D60: =ROUND([1]战斗力成长!$AY67,0) -> 206964 | E60: =ROUND([1]战斗力成长!$Y67,0) -> 1627296 | F60: =ROUND([1]战斗力成长!$AR67*0.4*0.8+[1]战斗力成长!$AS67,0) -> 62887 | G60: 25 | H60: =ROUND(((F60+C60/G60)/2)*MIN(AC60,1),0) -> 63989 | I60: =ROUND(G60*MIN(AC60,1)*B60,0) -> 3938975 | K60: =ROUND(H60*(O60/H60)^0.3,0) -> 71087 | L60: =ROUND(I60*(P60/I60)^0.3,0) -> 4229252 | M60: =ROUND(H60*(O60/H60)^0.6,0) -> 78973 | N60: =ROUND(I60*(P60/I60)^0.6,0) -> 4540920 | O60: =ROUND(H60*0.7+AA60*0.3,0) -> 90865 | P60: =ROUND(I60*0.7+AB60*0.3,0) -> 4992494 | Q60: =ROUND(O60*(U60/O60)^0.3,0) -> 98210 | R60: =ROUND(P60*(V60/P60)^0.3,0) -> 5287653 | S60: =ROUND(O60*(U60/O60)^0.6,0) -> 106149 | T60: =ROUND(P60*(V60/P60)^0.6,0) -> 5600263 | U60: =ROUND(H60*0.4+0.6*AA60,0) -> 117741 | V60: =ROUND(I60*0.4+0.6*AB60,0) -> 6046012 | W60: =ROUND(U60*(AA60/U60)^0.3,0) -> 127510 | X60: =ROUND(V60*(AB60/V60)^0.3,0) -> 6437059 | Y60: =ROUND(U60*(AA60/U60)^0.6,0) -> 138090 | Z60: =ROUND(V60*(AB60/V60)^0.6,0) -> 6853399 | AA60: =ROUND(E60/25*AC60+AC60*F60,0) -> 153575 | AB60: =ROUND(D60*30*AC60,0) -> 7450704 | AC60: 1.2
A61: 85 | B61: =ROUND([1]战斗力成长!$K68,0) -> 196812 | C61: =ROUND([1]战斗力成长!$Y68,0) -> 2201433 | D61: =ROUND([1]战斗力成长!$AY68,0) -> 260001 | E61: =ROUND([1]战斗力成长!$Y68,0) -> 2201433 | F61: =ROUND([1]战斗力成长!$AR68+[1]战斗力成长!$AS68,0) -> 184860 | G61: 26 | H61: =ROUND(((F61+C61/G61)/2)*MIN(AC61,1),0) -> 134765 | I61: =ROUND(G61*MIN(AC61,1)*B61,0) -> 5117112 | K61: =ROUND(H61*(O61/H61)^0.3,0) -> 150761 | L61: =ROUND(I61*(P61/I61)^0.3,0) -> 5493664 | M61: =ROUND(H61*(O61/H61)^0.6,0) -> 168655 | N61: =ROUND(I61*(P61/I61)^0.6,0) -> 5897926 | O61: =ROUND(H61*0.7+AA61*0.3,0) -> 195861 | P61: =ROUND(I61*0.7+AB61*0.3,0) -> 6483590 | Q61: =ROUND(O61*(U61/O61)^0.3,0) -> 212482 | R61: =ROUND(P61*(V61/P61)^0.3,0) -> 6866460 | S61: =ROUND(O61*(U61/O61)^0.6,0) -> 230512 | T61: =ROUND(P61*(V61/P61)^0.6,0) -> 7271939 | U61: =ROUND(H61*0.4+0.6*AA61,0) -> 256956 | V61: =ROUND(I61*0.4+0.6*AB61,0) -> 7850067 | W61: =ROUND(U61*(AA61/U61)^0.3,0) -> 279085 | X61: =ROUND(V61*(AB61/V61)^0.3,0) -> 8357314 | Y61: =ROUND(U61*(AA61/U61)^0.6,0) -> 303120 | Z61: =ROUND(V61*(AB61/V61)^0.6,0) -> 8897339 | AA61: =ROUND(E61/25*AC61+AC61*F61,0) -> 338417 | AB61: =ROUND(D61*30*AC61,0) -> 9672037 | AC61: 1.24
A62: 90 | B62: =ROUND([1]战斗力成长!$K69,0) -> 243992 | C62: =ROUND([1]战斗力成长!$Y69,0) -> 2891963 | D62: =ROUND([1]战斗力成长!$AY69,0) -> 323593 | E62: =ROUND([1]战斗力成长!$Y69,0) -> 2891963 | F62: =ROUND([1]战斗力成长!$AR69+[1]战斗力成长!$AS69,0) -> 256293 | G62: 27 | H62: =ROUND(((F62+C62/G62)/2)*MIN(AC62,1),0) -> 181701 | I62: =ROUND(G62*MIN(AC62,1)*B62,0) -> 6587784 | K62: =ROUND(H62*(O62/H62)^0.3,0) -> 204632 | L62: =ROUND(I62*(P62/I62)^0.3,0) -> 7070587 | M62: =ROUND(H62*(O62/H62)^0.6,0) -> 230456 | N62: =ROUND(I62*(P62/I62)^0.6,0) -> 7588774 | O62: =ROUND(H62*0.7+AA62*0.3,0) -> 270028 | P62: =ROUND(I62*0.7+AB62*0.3,0) -> 8339240 | Q62: =ROUND(O62*(U62/O62)^0.3,0) -> 293955 | R62: =ROUND(P62*(V62/P62)^0.3,0) -> 8830085 | S62: =ROUND(O62*(U62/O62)^0.6,0) -> 320001 | T62: =ROUND(P62*(V62/P62)^0.6,0) -> 9349820 | U62: =ROUND(H62*0.4+0.6*AA62,0) -> 358355 | V62: =ROUND(I62*0.4+0.6*AB62,0) -> 10090696 | W62: =ROUND(U62*(AA62/U62)^0.3,0) -> 390243 | X62: =ROUND(V62*(AB62/V62)^0.3,0) -> 10740979 | Y62: =ROUND(U62*(AA62/U62)^0.6,0) -> 424969 | Z62: =ROUND(V62*(AB62/V62)^0.6,0) -> 11433170 | AA62: =ROUND(E62/25*AC62+AC62*F62,0) -> 476124 | AB62: =ROUND(D62*30*AC62,0) -> 12425971 | AC62: 1.28
A63: 95 | B63: =ROUND([1]战斗力成长!$K70,0) -> 300028 | C63: =ROUND([1]战斗力成长!$Y70,0) -> 3732003 | D63: =ROUND([1]战斗力成长!$AY70,0) -> 396907 | E63: =ROUND([1]战斗力成长!$Y70,0) -> 3732003 | F63: =ROUND([1]战斗力成长!$AR70+[1]战斗力成长!$AS70,0) -> 356176 | G63: 28 | H63: =ROUND(((F63+C63/G63)/2)*MIN(AC63,1),0) -> 244731 | I63: =ROUND(G63*MIN(AC63,1)*B63,0) -> 8400784 | K63: =ROUND(H63*(O63/H63)^0.3,0) -> 277370 | L63: =ROUND(I63*(P63/I63)^0.3,0) -> 9006666 | M63: =ROUND(H63*(O63/H63)^0.6,0) -> 314363 | N63: =ROUND(I63*(P63/I63)^0.6,0) -> 9656245 | O63: =ROUND(H63*0.7+AA63*0.3,0) -> 371472 | P63: =ROUND(I63*0.7+AB63*0.3,0) -> 10595804 | Q63: =ROUND(O63*(U63/O63)^0.3,0) -> 405670 | R63: =ROUND(P63*(V63/P63)^0.3,0) -> 11211489 | S63: =ROUND(O63*(U63/O63)^0.6,0) -> 443017 | T63: =ROUND(P63*(V63/P63)^0.6,0) -> 11862949 | U63: =ROUND(H63*0.4+0.6*AA63,0) -> 498214 | V63: =ROUND(I63*0.4+0.6*AB63,0) -> 12790824 | W63: =ROUND(U63*(AA63/U63)^0.3,0) -> 543836 | X63: =ROUND(V63*(AB63/V63)^0.3,0) -> 13606429 | Y63: =ROUND(U63*(AA63/U63)^0.6,0) -> 593637 | Z63: =ROUND(V63*(AB63/V63)^0.6,0) -> 14474040 | AA63: =ROUND(E63/25*AC63+AC63*F63,0) -> 667202 | AB63: =ROUND(D63*30*AC63,0) -> 15717517 | AC63: 1.32
A64: 100 | B64: =ROUND([1]战斗力成长!$K71,0) -> 365826 | C64: =ROUND([1]战斗力成长!$Y71,0) -> 4833843 | D64: =ROUND([1]战斗力成长!$AY71,0) -> 486407 | E64: =ROUND([1]战斗力成长!$Y71,0) -> 4833843 | F64: =ROUND([1]战斗力成长!$AR71+[1]战斗力成长!$AS71,0) -> 503534 | G64: 29 | H64: =ROUND(((F64+C64/G64)/2)*MIN(AC64,1),0) -> 335109 | I64: =ROUND(G64*MIN(AC64,1)*B64,0) -> 10608954 | K64: =ROUND(H64*(O64/H64)^0.3,0) -> 382082 | L64: =ROUND(I64*(P64/I64)^0.3,0) -> 11373825 | M64: =ROUND(H64*(O64/H64)^0.6,0) -> 435640 | N64: =ROUND(I64*(P64/I64)^0.6,0) -> 12193842 | O64: =ROUND(H64*0.7+AA64*0.3,0) -> 518906 | P64: =ROUND(I64*0.7+AB64*0.3,0) -> 13379890 | Q64: =ROUND(O64*(U64/O64)^0.3,0) -> 568321 | R64: =ROUND(P64*(V64/P64)^0.3,0) -> 14157129 | S64: =ROUND(O64*(U64/O64)^0.6,0) -> 622442 | T64: =ROUND(P64*(V64/P64)^0.6,0) -> 14979518 | U64: =ROUND(H64*0.4+0.6*AA64,0) -> 702704 | V64: =ROUND(I64*0.4+0.6*AB64,0) -> 16150825 | W64: =ROUND(U64*(AA64/U64)^0.3,0) -> 768690 | X64: =ROUND(V64*(AB64/V64)^0.3,0) -> 17180440 | Y64: =ROUND(U64*(AA64/U64)^0.6,0) -> 840872 | Z64: =ROUND(V64*(AB64/V64)^0.6,0) -> 18275694 | AA64: =ROUND(E64/25*AC64+AC64*F64,0) -> 947767 | AB64: =ROUND(D64*30*AC64,0) -> 19845406 | AC64: 1.36
A97: 等级 | B97: 无佣兵玩家DPS | C97: 无佣兵玩家EHP | D97: 玩家DPS | E97: 玩家EHP | F97: 玩家HPS | G97: 回合数 | H97: 普通DPS | I97: 普通EHP | K97: minor1 | L97: minor1 | M97: minor2 | N97: minor2 | O97: BOSS3 | P97: BOSS3 | Q97: minor3 | R97: minor3 | S97: minor4 | T97: minor4 | U97: BOSS6 | V97: BOSS6 | W97: minor5 | X97: minor5 | Y97: minor6 | Z97: minor6 | AA97: BOSSDPS | AB97: BOSSEHP | AC97: 难度系数
A98: 30 | B98: =ROUND([1]战斗力成长!$K105,0) -> 4122 | C98: =ROUND([1]战斗力成长!$Y105,0) -> 27554 | D98: =ROUND([1]战斗力成长!$AY105,0) -> 6376 | E98: =ROUND([1]战斗力成长!$Y105,0) -> 27554 | F98: =ROUND([1]战斗力成长!$AR105*0.4+[1]战斗力成长!$AS105,0) -> 348 | G98: 10 | H98: =ROUND(((F98+C98/G98)/2)*MIN(AC98,1),0) -> 1241 | I98: =ROUND(G98*MIN(AC98,1)*B98,0) -> 32976 | K98: =ROUND(H98*(O98/H98)^0.3,0) -> 1234 | L98: =ROUND(I98*(P98/I98)^0.3,0) -> 41150 | M98: =ROUND(H98*(O98/H98)^0.6,0) -> 1227 | N98: =ROUND(I98*(P98/I98)^0.6,0) -> 51351 | O98: =ROUND(H98*0.7+AA98*0.3,0) -> 1217 | P98: =ROUND(I98*0.7+AB98*0.3,0) -> 68990 | Q98: =ROUND(O98*(U98/O98)^0.3,0) -> 1209 | R98: =ROUND(P98*(V98/P98)^0.3,0) -> 78255 | S98: =ROUND(O98*(U98/O98)^0.6,0) -> 1202 | T98: =ROUND(P98*(V98/P98)^0.6,0) -> 88765 | U98: =ROUND(H98*0.4+0.6*AA98,0) -> 1192 | V98: =ROUND(I98*0.4+0.6*AB98,0) -> 105005 | W98: =ROUND(U98*(AA98/U98)^0.3,0) -> 1182 | X98: =ROUND(V98*(AB98/V98)^0.3,0) -> 117564 | Y98: =ROUND(U98*(AA98/U98)^0.6,0) -> 1173 | Z98: =ROUND(V98*(AB98/V98)^0.6,0) -> 131625 | AA98: =ROUND(E98/25*AC98+AC98*F98,0) -> 1160 | AB98: =ROUND(D98*30*AC98,0) -> 153024 | AC98: 0.8
A99: 35 | B99: =ROUND([1]战斗力成长!$K106,0) -> 7136 | C99: =ROUND([1]战斗力成长!$Y106,0) -> 44054 | D99: =ROUND([1]战斗力成长!$AY106,0) -> 10510 | E99: =ROUND([1]战斗力成长!$Y106,0) -> 44054 | F99: =ROUND([1]战斗力成长!$AR106*0.4+[1]战斗力成长!$AS106,0) -> 605 | G99: 12 | H99: =ROUND(((F99+C99/G99)/2)*MIN(AC99,1),0) -> 1796 | I99: =ROUND(G99*MIN(AC99,1)*B99,0) -> 71931 | K99: =ROUND(H99*(O99/H99)^0.3,0) -> 1813 | L99: =ROUND(I99*(P99/I99)^0.3,0) -> 85868 | M99: =ROUND(H99*(O99/H99)^0.6,0) -> 1831 | N99: =ROUND(I99*(P99/I99)^0.6,0) -> 102505 | O99: =ROUND(H99*0.7+AA99*0.3,0) -> 1854 | P99: =ROUND(I99*0.7+AB99*0.3,0) -> 129807 | Q99: =ROUND(O99*(U99/O99)^0.3,0) -> 1871 | R99: =ROUND(P99*(V99/P99)^0.3,0) -> 144990 | S99: =ROUND(O99*(U99/O99)^0.6,0) -> 1888 | T99: =ROUND(P99*(V99/P99)^0.6,0) -> 161948 | U99: =ROUND(H99*0.4+0.6*AA99,0) -> 1911 | V99: =ROUND(I99*0.4+0.6*AB99,0) -> 187684 | W99: =ROUND(U99*(AA99/U99)^0.3,0) -> 1934 | X99: =ROUND(V99*(AB99/V99)^0.3,0) -> 208113 | Y99: =ROUND(U99*(AA99/U99)^0.6,0) -> 1957 | Z99: =ROUND(V99*(AB99/V99)^0.6,0) -> 230767 | AA99: =ROUND(E99/25*AC99+AC99*F99,0) -> 1988 | AB99: =ROUND(D99*30*AC99,0) -> 264852 | AC99: 0.84
A100: 40 | B100: =ROUND([1]战斗力成长!$K107,0) -> 10746 | C100: =ROUND([1]战斗力成长!$Y107,0) -> 69057 | D100: =ROUND([1]战斗力成长!$AY107,0) -> 15509 | E100: =ROUND([1]战斗力成长!$Y107,0) -> 69057 | F100: =ROUND([1]战斗力成长!$AR107*0.4+[1]战斗力成长!$AS107,0) -> 1303 | G100: 14 | H100: =ROUND(((F100+C100/G100)/2)*MIN(AC100,1),0) -> 2744 | I100: =ROUND(G100*MIN(AC100,1)*B100,0) -> 132391 | K100: =ROUND(H100*(O100/H100)^0.3,0) -> 2817 | L100: =ROUND(I100*(P100/I100)^0.3,0) -> 153228 | M100: =ROUND(H100*(O100/H100)^0.6,0) -> 2891 | N100: =ROUND(I100*(P100/I100)^0.6,0) -> 177345 | O100: =ROUND(H100*0.7+AA100*0.3,0) -> 2994 | P100: =ROUND(I100*0.7+AB100*0.3,0) -> 215505 | Q100: =ROUND(O100*(U100/O100)^0.3,0) -> 3067 | R100: =ROUND(P100*(V100/P100)^0.3,0) -> 237660 | S100: =ROUND(O100*(U100/O100)^0.6,0) -> 3142 | T100: =ROUND(P100*(V100/P100)^0.6,0) -> 262092 | U100: =ROUND(H100*0.4+0.6*AA100,0) -> 3244 | V100: =ROUND(I100*0.4+0.6*AB100,0) -> 298619 | W100: =ROUND(U100*(AA100/U100)^0.3,0) -> 3341 | X100: =ROUND(V100*(AB100/V100)^0.3,0) -> 328276 | Y100: =ROUND(U100*(AA100/U100)^0.6,0) -> 3440 | Z100: =ROUND(V100*(AB100/V100)^0.6,0) -> 360878 | AA100: =ROUND(E100/25*AC100+AC100*F100,0) -> 3577 | AB100: =ROUND(D100*30*AC100,0) -> 409438 | AC100: 0.88
A101: 45 | B101: =ROUND([1]战斗力成长!$K108,0) -> 14203 | C101: =ROUND([1]战斗力成长!$Y108,0) -> 87163 | D101: =ROUND([1]战斗力成长!$AY108,0) -> 20630 | E101: =ROUND([1]战斗力成长!$Y108,0) -> 87163 | F101: =ROUND([1]战斗力成长!$AR108*0.4+[1]战斗力成长!$AS108,0) -> 1656 | G101: 16 | H101: =ROUND(((F101+C101/G101)/2)*MIN(AC101,1),0) -> 3268 | I101: =ROUND(G101*MIN(AC101,1)*B101,0) -> 209068 | K101: =ROUND(H101*(O101/H101)^0.3,0) -> 3394 | L101: =ROUND(I101*(P101/I101)^0.3,0) -> 236912 | M101: =ROUND(H101*(O101/H101)^0.6,0) -> 3525 | N101: =ROUND(I101*(P101/I101)^0.6,0) -> 268464 | O101: =ROUND(H101*0.7+AA101*0.3,0) -> 3707 | P101: =ROUND(I101*0.7+AB101*0.3,0) -> 317164 | Q101: =ROUND(O101*(U101/O101)^0.3,0) -> 3834 | R101: =ROUND(P101*(V101/P101)^0.3,0) -> 346334 | S101: =ROUND(O101*(U101/O101)^0.6,0) -> 3964 | T101: =ROUND(P101*(V101/P101)^0.6,0) -> 378187 | U101: =ROUND(H101*0.4+0.6*AA101,0) -> 4146 | V101: =ROUND(I101*0.4+0.6*AB101,0) -> 425260 | W101: =ROUND(U101*(AA101/U101)^0.3,0) -> 4313 | X101: =ROUND(V101*(AB101/V101)^0.3,0) -> 464174 | Y101: =ROUND(U101*(AA101/U101)^0.6,0) -> 4488 | Z101: =ROUND(V101*(AB101/V101)^0.6,0) -> 506649 | AA101: =ROUND(E101/25*AC101+AC101*F101,0) -> 4731 | AB101: =ROUND(D101*30*AC101,0) -> 569388 | AC101: 0.92
A102: 50 | B102: =ROUND([1]战斗力成长!$K109,0) -> 20092 | C102: =ROUND([1]战斗力成长!$Y109,0) -> 135885 | D102: =ROUND([1]战斗力成长!$AY109,0) -> 28916 | E102: =ROUND([1]战斗力成长!$Y109,0) -> 135885 | F102: =ROUND([1]战斗力成长!$AR109*0.4+[1]战斗力成长!$AS109,0) -> 2778 | G102: 18 | H102: =ROUND(((F102+C102/G102)/2)*MIN(AC102,1),0) -> 4957 | I102: =ROUND(G102*MIN(AC102,1)*B102,0) -> 347190 | K102: =ROUND(H102*(O102/H102)^0.3,0) -> 5206 | L102: =ROUND(I102*(P102/I102)^0.3,0) -> 385670 | M102: =ROUND(H102*(O102/H102)^0.6,0) -> 5467 | N102: =ROUND(I102*(P102/I102)^0.6,0) -> 428415 | O102: =ROUND(H102*0.7+AA102*0.3,0) -> 5835 | P102: =ROUND(I102*0.7+AB102*0.3,0) -> 492867 | Q102: =ROUND(O102*(U102/O102)^0.3,0) -> 6086 | R102: =ROUND(P102*(V102/P102)^0.3,0) -> 532682 | S102: =ROUND(O102*(U102/O102)^0.6,0) -> 6348 | T102: =ROUND(P102*(V102/P102)^0.6,0) -> 575714 | U102: =ROUND(H102*0.4+0.6*AA102,0) -> 6714 | V102: =ROUND(I102*0.4+0.6*AB102,0) -> 638545 | W102: =ROUND(U102*(AA102/U102)^0.3,0) -> 7046 | X102: =ROUND(V102*(AB102/V102)^0.3,0) -> 691502 | Y102: =ROUND(U102*(AA102/U102)^0.6,0) -> 7394 | Z102: =ROUND(V102*(AB102/V102)^0.6,0) -> 748850 | AA102: =ROUND(E102/25*AC102+AC102*F102,0) -> 7885 | AB102: =ROUND(D102*30*AC102,0) -> 832781 | AC102: 0.96
A103: 55 | B103: =ROUND([1]战斗力成长!$K110,0) -> 26592 | C103: =ROUND([1]战斗力成长!$Y110,0) -> 198731 | D103: =ROUND([1]战斗力成长!$AY110,0) -> 38645 | E103: =ROUND([1]战斗力成长!$Y110,0) -> 198731 | F103: =ROUND([1]战斗力成长!$AR110*0.4+[1]战斗力成长!$AS110,0) -> 4482 | G103: 20 | H103: =ROUND(((F103+C103/G103)/2)*MIN(AC103,1),0) -> 7209 | I103: =ROUND(G103*MIN(AC103,1)*B103,0) -> 531840 | K103: =ROUND(H103*(O103/H103)^0.3,0) -> 7647 | L103: =ROUND(I103*(P103/I103)^0.3,0) -> 582456 | M103: =ROUND(H103*(O103/H103)^0.6,0) -> 8112 | N103: =ROUND(I103*(P103/I103)^0.6,0) -> 637890 | O103: =ROUND(H103*0.7+AA103*0.3,0) -> 8776 | P103: =ROUND(I103*0.7+AB103*0.3,0) -> 720093 | Q103: =ROUND(O103*(U103/O103)^0.3,0) -> 9219 | R103: =ROUND(P103*(V103/P103)^0.3,0) -> 772054 | S103: =ROUND(O103*(U103/O103)^0.6,0) -> 9685 | T103: =ROUND(P103*(V103/P103)^0.6,0) -> 827763 | U103: =ROUND(H103*0.4+0.6*AA103,0) -> 10342 | V103: =ROUND(I103*0.4+0.6*AB103,0) -> 908346 | W103: =ROUND(U103*(AA103/U103)^0.3,0) -> 10929 | X103: =ROUND(V103*(AB103/V103)^0.3,0) -> 977328 | Y103: =ROUND(U103*(AA103/U103)^0.6,0) -> 11549 | Z103: =ROUND(V103*(AB103/V103)^0.6,0) -> 1051548 | AA103: =ROUND(E103/25*AC103+AC103*F103,0) -> 12431 | AB103: =ROUND(D103*30*AC103,0) -> 1159350 | AC103: 1
A104: 60 | B104: =ROUND([1]战斗力成长!$K111,0) -> 39350 | C104: =ROUND([1]战斗力成长!$Y111,0) -> 279383 | D104: =ROUND([1]战斗力成长!$AY111,0) -> 55454 | E104: =ROUND([1]战斗力成长!$Y111,0) -> 279383 | F104: =ROUND([1]战斗力成长!$AR111*0.4+[1]战斗力成长!$AS111,0) -> 7613 | G104: 21 | H104: =ROUND(((F104+C104/G104)/2)*MIN(AC104,1),0) -> 10458 | I104: =ROUND(G104*MIN(AC104,1)*B104,0) -> 826350 | K104: =ROUND(H104*(O104/H104)^0.3,0) -> 11210 | L104: =ROUND(I104*(P104/I104)^0.3,0) -> 899778 | M104: =ROUND(H104*(O104/H104)^0.6,0) -> 12017 | N104: =ROUND(I104*(P104/I104)^0.6,0) -> 979732 | O104: =ROUND(H104*0.7+AA104*0.3,0) -> 13183 | P104: =ROUND(I104*0.7+AB104*0.3,0) -> 1097495 | Q104: =ROUND(O104*(U104/O104)^0.3,0) -> 13947 | R104: =ROUND(P104*(V104/P104)^0.3,0) -> 1172650 | S104: =ROUND(O104*(U104/O104)^0.6,0) -> 14756 | T104: =ROUND(P104*(V104/P104)^0.6,0) -> 1252952 | U104: =ROUND(H104*0.4+0.6*AA104,0) -> 15907 | V104: =ROUND(I104*0.4+0.6*AB104,0) -> 1368639 | W104: =ROUND(U104*(AA104/U104)^0.3,0) -> 16920 | X104: =ROUND(V104*(AB104/V104)^0.3,0) -> 1468346 | Y104: =ROUND(U104*(AA104/U104)^0.6,0) -> 17997 | Z104: =ROUND(V104*(AB104/V104)^0.6,0) -> 1575317 | AA104: =ROUND(E104/25*AC104+AC104*F104,0) -> 19540 | AB104: =ROUND(D104*30*AC104,0) -> 1730165 | AC104: 1.04
A105: 65 | B105: =ROUND([1]战斗力成长!$K112,0) -> 57119 | C105: =ROUND([1]战斗力成长!$Y112,0) -> 435122 | D105: =ROUND([1]战斗力成长!$AY112,0) -> 78715 | E105: =ROUND([1]战斗力成长!$Y112,0) -> 435122 | F105: =ROUND([1]战斗力成长!$AR112*0.4+[1]战斗力成长!$AS112,0) -> 13606 | G105: 22 | H105: =ROUND(((F105+C105/G105)/2)*MIN(AC105,1),0) -> 16692 | I105: =ROUND(G105*MIN(AC105,1)*B105,0) -> 1256618 | K105: =ROUND(H105*(O105/H105)^0.3,0) -> 18067 | L105: =ROUND(I105*(P105/I105)^0.3,0) -> 1362296 | M105: =ROUND(H105*(O105/H105)^0.6,0) -> 19555 | N105: =ROUND(I105*(P105/I105)^0.6,0) -> 1476862 | O105: =ROUND(H105*0.7+AA105*0.3,0) -> 21732 | P105: =ROUND(I105*0.7+AB105*0.3,0) -> 1644742 | Q105: =ROUND(O105*(U105/O105)^0.3,0) -> 23135 | R105: =ROUND(P105*(V105/P105)^0.3,0) -> 1752674 | S105: =ROUND(O105*(U105/O105)^0.6,0) -> 24629 | T105: =ROUND(P105*(V105/P105)^0.6,0) -> 1867689 | U105: =ROUND(H105*0.4+0.6*AA105,0) -> 26772 | V105: =ROUND(I105*0.4+0.6*AB105,0) -> 2032867 | W105: =ROUND(U105*(AA105/U105)^0.3,0) -> 28632 | X105: =ROUND(V105*(AB105/V105)^0.3,0) -> 2175991 | Y105: =ROUND(U105*(AA105/U105)^0.6,0) -> 30622 | Z105: =ROUND(V105*(AB105/V105)^0.6,0) -> 2329191 | AA105: =ROUND(E105/25*AC105+AC105*F105,0) -> 33492 | AB105: =ROUND(D105*30*AC105,0) -> 2550366 | AC105: 1.08
A106: 70 | B106: =ROUND([1]战斗力成长!$K113,0) -> 77714 | C106: =ROUND([1]战斗力成长!$Y113,0) -> 616823 | D106: =ROUND([1]战斗力成长!$AY113,0) -> 104540 | E106: =ROUND([1]战斗力成长!$Y113,0) -> 616823 | F106: =ROUND([1]战斗力成长!$AR113*0.4+[1]战斗力成长!$AS113,0) -> 21896 | G106: 23 | H106: =ROUND(((F106+C106/G106)/2)*MIN(AC106,1),0) -> 24357 | I106: =ROUND(G106*MIN(AC106,1)*B106,0) -> 1787422 | K106: =ROUND(H106*(O106/H106)^0.3,0) -> 26607 | L106: =ROUND(I106*(P106/I106)^0.3,0) -> 1929114 | M106: =ROUND(H106*(O106/H106)^0.6,0) -> 29064 | N106: =ROUND(I106*(P106/I106)^0.6,0) -> 2082039 | O106: =ROUND(H106*0.7+AA106*0.3,0) -> 32697 | P106: =ROUND(I106*0.7+AB106*0.3,0) -> 2304959 | Q106: =ROUND(O106*(U106/O106)^0.3,0) -> 35003 | R106: =ROUND(P106*(V106/P106)^0.3,0) -> 2449369 | S106: =ROUND(O106*(U106/O106)^0.6,0) -> 37472 | T106: =ROUND(P106*(V106/P106)^0.6,0) -> 2602826 | U106: =ROUND(H106*0.4+0.6*AA106,0) -> 41037 | V106: =ROUND(I106*0.4+0.6*AB106,0) -> 2822495 | W106: =ROUND(U106*(AA106/U106)^0.3,0) -> 44098 | X106: =ROUND(V106*(AB106/V106)^0.3,0) -> 3013906 | Y106: =ROUND(U106*(AA106/U106)^0.6,0) -> 47387 | Z106: =ROUND(V106*(AB106/V106)^0.6,0) -> 3218299 | AA106: =ROUND(E106/25*AC106+AC106*F106,0) -> 52157 | AB106: =ROUND(D106*30*AC106,0) -> 3512544 | AC106: 1.12
A107: 75 | B107: =ROUND([1]战斗力成长!$K114,0) -> 101291 | C107: =ROUND([1]战斗力成长!$Y114,0) -> 874288 | D107: =ROUND([1]战斗力成长!$AY114,0) -> 140056 | E107: =ROUND([1]战斗力成长!$Y114,0) -> 874288 | F107: =ROUND([1]战斗力成长!$AR114*0.4+[1]战斗力成长!$AS114,0) -> 35070 | G107: 24 | H107: =ROUND(((F107+C107/G107)/2)*MIN(AC107,1),0) -> 35749 | I107: =ROUND(G107*MIN(AC107,1)*B107,0) -> 2430984 | K107: =ROUND(H107*(O107/H107)^0.3,0) -> 39391 | L107: =ROUND(I107*(P107/I107)^0.3,0) -> 2630954 | M107: =ROUND(H107*(O107/H107)^0.6,0) -> 43405 | N107: =ROUND(I107*(P107/I107)^0.6,0) -> 2847373 | O107: =ROUND(H107*0.7+AA107*0.3,0) -> 49399 | P107: =ROUND(I107*0.7+AB107*0.3,0) -> 3163874 | Q107: =ROUND(O107*(U107/O107)^0.3,0) -> 53150 | R107: =ROUND(P107*(V107/P107)^0.3,0) -> 3367942 | S107: =ROUND(O107*(U107/O107)^0.6,0) -> 57186 | T107: =ROUND(P107*(V107/P107)^0.6,0) -> 3585173 | U107: =ROUND(H107*0.4+0.6*AA107,0) -> 63048 | V107: =ROUND(I107*0.4+0.6*AB107,0) -> 3896763 | W107: =ROUND(U107*(AA107/U107)^0.3,0) -> 68032 | X107: =ROUND(V107*(AB107/V107)^0.3,0) -> 4167322 | Y107: =ROUND(U107*(AA107/U107)^0.6,0) -> 73410 | Z107: =ROUND(V107*(AB107/V107)^0.6,0) -> 4456667 | AA107: =ROUND(E107/25*AC107+AC107*F107,0) -> 81248 | AB107: =ROUND(D107*30*AC107,0) -> 4873949 | AC107: 1.16
A108: 80 | B108: =ROUND([1]战斗力成长!$K115,0) -> 129011 | C108: =ROUND([1]战斗力成长!$Y115,0) -> 1174463 | D108: =ROUND([1]战斗力成长!$AY115,0) -> 180977 | E108: =ROUND([1]战斗力成长!$Y115,0) -> 1174463 | F108: =ROUND([1]战斗力成长!$AR115*0.4+[1]战斗力成长!$AS115,0) -> 53562 | G108: 25 | H108: =ROUND(((F108+C108/G108)/2)*MIN(AC108,1),0) -> 50270 | I108: =ROUND(G108*MIN(AC108,1)*B108,0) -> 3225275 | K108: =ROUND(H108*(O108/H108)^0.3,0) -> 55847 | L108: =ROUND(I108*(P108/I108)^0.3,0) -> 3494224 | M108: =ROUND(H108*(O108/H108)^0.6,0) -> 62042 | N108: =ROUND(I108*(P108/I108)^0.6,0) -> 3785601 | O108: =ROUND(H108*0.7+AA108*0.3,0) -> 71384 | P108: =ROUND(I108*0.7+AB108*0.3,0) -> 4212244 | Q108: =ROUND(O108*(U108/O108)^0.3,0) -> 77154 | R108: =ROUND(P108*(V108/P108)^0.3,0) -> 4486842 | S108: =ROUND(O108*(U108/O108)^0.6,0) -> 83391 | T108: =ROUND(P108*(V108/P108)^0.6,0) -> 4779341 | U108: =ROUND(H108*0.4+0.6*AA108,0) -> 92497 | V108: =ROUND(I108*0.4+0.6*AB108,0) -> 5199213 | W108: =ROUND(U108*(AA108/U108)^0.3,0) -> 100172 | X108: =ROUND(V108*(AB108/V108)^0.3,0) -> 5563321 | Y108: =ROUND(U108*(AA108/U108)^0.6,0) -> 108484 | Z108: =ROUND(V108*(AB108/V108)^0.6,0) -> 5952927 | AA108: =ROUND(E108/25*AC108+AC108*F108,0) -> 120649 | AB108: =ROUND(D108*30*AC108,0) -> 6515172 | AC108: 1.2
A109: 85 | B109: =ROUND([1]战斗力成长!$K116,0) -> 162359 | C109: =ROUND([1]战斗力成长!$Y116,0) -> 1590914 | D109: =ROUND([1]战斗力成长!$AY116,0) -> 227257 | E109: =ROUND([1]战斗力成长!$Y116,0) -> 1590914 | F109: =ROUND([1]战斗力成长!$AR116+[1]战斗力成长!$AS116,0) -> 147096 | G109: 26 | H109: =ROUND(((F109+C109/G109)/2)*MIN(AC109,1),0) -> 104143 | I109: =ROUND(G109*MIN(AC109,1)*B109,0) -> 4221334 | K109: =ROUND(H109*(O109/H109)^0.3,0) -> 116489 | L109: =ROUND(I109*(P109/I109)^0.3,0) -> 4567864 | M109: =ROUND(H109*(O109/H109)^0.6,0) -> 130300 | N109: =ROUND(I109*(P109/I109)^0.6,0) -> 4942840 | O109: =ROUND(H109*0.7+AA109*0.3,0) -> 151293 | P109: =ROUND(I109*0.7+AB109*0.3,0) -> 5491122 | Q109: =ROUND(O109*(U109/O109)^0.3,0) -> 164121 | R109: =ROUND(P109*(V109/P109)^0.3,0) -> 5844728 | S109: =ROUND(O109*(U109/O109)^0.6,0) -> 178036 | T109: =ROUND(P109*(V109/P109)^0.6,0) -> 6221105 | U109: =ROUND(H109*0.4+0.6*AA109,0) -> 198442 | V109: =ROUND(I109*0.4+0.6*AB109,0) -> 6760910 | W109: =ROUND(U109*(AA109/U109)^0.3,0) -> 215521 | X109: =ROUND(V109*(AB109/V109)^0.3,0) -> 7229723 | Y109: =ROUND(U109*(AA109/U109)^0.6,0) -> 234070 | Z109: =ROUND(V109*(AB109/V109)^0.6,0) -> 7731045 | AA109: =ROUND(E109/25*AC109+AC109*F109,0) -> 261308 | AB109: =ROUND(D109*30*AC109,0) -> 8453960 | AC109: 1.24
A110: 90 | B110: =ROUND([1]战斗力成长!$K117,0) -> 197910 | C110: =ROUND([1]战斗力成长!$Y117,0) -> 2084630 | D110: =ROUND([1]战斗力成长!$AY117,0) -> 278182 | E110: =ROUND([1]战斗力成长!$Y117,0) -> 2084630 | F110: =ROUND([1]战斗力成长!$AR117+[1]战斗力成长!$AS117,0) -> 201098 | G110: 27 | H110: =ROUND(((F110+C110/G110)/2)*MIN(AC110,1),0) -> 139153 | I110: =ROUND(G110*MIN(AC110,1)*B110,0) -> 5343570 | K110: =ROUND(H110*(O110/H110)^0.3,0) -> 156680 | L110: =ROUND(I110*(P110/I110)^0.3,0) -> 5780783 | M110: =ROUND(H110*(O110/H110)^0.6,0) -> 176416 | N110: =ROUND(I110*(P110/I110)^0.6,0) -> 6253769 | O110: =ROUND(H110*0.7+AA110*0.3,0) -> 206649 | P110: =ROUND(I110*0.7+AB110*0.3,0) -> 6945156 | Q110: =ROUND(O110*(U110/O110)^0.3,0) -> 224935 | R110: =ROUND(P110*(V110/P110)^0.3,0) -> 7391244 | S110: =ROUND(O110*(U110/O110)^0.6,0) -> 244839 | T110: =ROUND(P110*(V110/P110)^0.6,0) -> 7865985 | U110: =ROUND(H110*0.4+0.6*AA110,0) -> 274144 | V110: =ROUND(I110*0.4+0.6*AB110,0) -> 8546741 | W110: =ROUND(U110*(AA110/U110)^0.3,0) -> 298514 | X110: =ROUND(V110*(AB110/V110)^0.3,0) -> 9138154 | Y110: =ROUND(U110*(AA110/U110)^0.6,0) -> 325051 | Z110: =ROUND(V110*(AB110/V110)^0.6,0) -> 9770491 | AA110: =ROUND(E110/25*AC110+AC110*F110,0) -> 364138 | AB110: =ROUND(D110*30*AC110,0) -> 10682189 | AC110: 1.28
A111: 95 | B111: =ROUND([1]战斗力成长!$K118,0) -> 239245 | C111: =ROUND([1]战斗力成长!$Y118,0) -> 2686960 | D111: =ROUND([1]战斗力成长!$AY118,0) -> 334629 | E111: =ROUND([1]战斗力成长!$Y118,0) -> 2686960 | F111: =ROUND([1]战斗力成长!$AR118+[1]战斗力成长!$AS118,0) -> 275926 | G111: 28 | H111: =ROUND(((F111+C111/G111)/2)*MIN(AC111,1),0) -> 185944 | I111: =ROUND(G111*MIN(AC111,1)*B111,0) -> 6698860 | K111: =ROUND(H111*(O111/H111)^0.3,0) -> 210687 | L111: =ROUND(I111*(P111/I111)^0.3,0) -> 7236442 | M111: =ROUND(H111*(O111/H111)^0.6,0) -> 238722 | N111: =ROUND(I111*(P111/I111)^0.6,0) -> 7817165 | O111: =ROUND(H111*0.7+AA111*0.3,0) -> 281989 | P111: =ROUND(I111*0.7+AB111*0.3,0) -> 8664594 | Q111: =ROUND(O111*(U111/O111)^0.3,0) -> 307909 | R111: =ROUND(P111*(V111/P111)^0.3,0) -> 9212718 | S111: =ROUND(O111*(U111/O111)^0.6,0) -> 336211 | T111: =ROUND(P111*(V111/P111)^0.6,0) -> 9795516 | U111: =ROUND(H111*0.4+0.6*AA111,0) -> 378034 | V111: =ROUND(I111*0.4+0.6*AB111,0) -> 10630329 | W111: =ROUND(U111*(AA111/U111)^0.3,0) -> 412611 | X111: =ROUND(V111*(AB111/V111)^0.3,0) -> 11356914 | Y111: =ROUND(U111*(AA111/U111)^0.6,0) -> 450351 | Z111: =ROUND(V111*(AB111/V111)^0.6,0) -> 12133160 | AA111: =ROUND(E111/25*AC111+AC111*F111,0) -> 506094 | AB111: =ROUND(D111*30*AC111,0) -> 13251308 | AC111: 1.32
A112: 100 | B112: =ROUND([1]战斗力成长!$K119,0) -> 287013 | C112: =ROUND([1]战斗力成长!$Y119,0) -> 3479404 | D112: =ROUND([1]战斗力成长!$AY119,0) -> 403418 | E112: =ROUND([1]战斗力成长!$Y119,0) -> 3479404 | F112: =ROUND([1]战斗力成长!$AR119+[1]战斗力成长!$AS119,0) -> 385662 | G112: 29 | H112: =ROUND(((F112+C112/G112)/2)*MIN(AC112,1),0) -> 252821 | I112: =ROUND(G112*MIN(AC112,1)*B112,0) -> 8323377 | K112: =ROUND(H112*(O112/H112)^0.3,0) -> 288176 | L112: =ROUND(I112*(P112/I112)^0.3,0) -> 8990922 | M112: =ROUND(H112*(O112/H112)^0.6,0) -> 328476 | N112: =ROUND(I112*(P112/I112)^0.6,0) -> 9712005 | O112: =ROUND(H112*0.7+AA112*0.3,0) -> 391109 | P112: =ROUND(I112*0.7+AB112*0.3,0) -> 10764200 | Q112: =ROUND(O112*(U112/O112)^0.3,0) -> 428295 | R112: =ROUND(P112*(V112/P112)^0.3,0) -> 11444820 | S112: =ROUND(O112*(U112/O112)^0.6,0) -> 469016 | T112: =ROUND(P112*(V112/P112)^0.6,0) -> 12168476 | U112: =ROUND(H112*0.4+0.6*AA112,0) -> 529396 | V112: =ROUND(I112*0.4+0.6*AB112,0) -> 13205023 | W112: =ROUND(U112*(AA112/U112)^0.3,0) -> 579050 | X112: =ROUND(V112*(AB112/V112)^0.3,0) -> 14107240 | Y112: =ROUND(U112*(AA112/U112)^0.6,0) -> 633360 | Z112: =ROUND(V112*(AB112/V112)^0.6,0) -> 15071099 | AA112: =ROUND(E112/25*AC112+AC112*F112,0) -> 713780 | AB112: =ROUND(D112*30*AC112,0) -> 16459454 | AC112: 1.36

Sheet 战士难度
A1: 1 | B1: =INDEX(Sheet1!$K$2:$AC$16,战士难度!F1,战士难度!D1) -> 2549 | C1: =INDEX(Sheet1!$K$2:$AC$16,战士难度!F1,战士难度!E1) -> 32012 | D1: =E1-1 -> 1 | E1: 2 | F1: 1 | H1: =B1*C1 -> 81598588
A2: =A1+1 -> 2 | B2: =INDEX(Sheet1!$K$2:$AC$16,战士难度!F2,战士难度!D2) -> 2700 | C2: =INDEX(Sheet1!$K$2:$AC$16,战士难度!F2,战士难度!E2) -> 39572 | D2: =E2-1 -> 3 | E2: 4 | F2: 1 | H2: =B2*C2 -> 106844400
A3: =A2+1 -> 3 | B3: =INDEX(Sheet1!$K$2:$AC$16,战士难度!F3,战士难度!D3) -> 2915 | C3: =INDEX(Sheet1!$K$2:$AC$16,战士难度!F3,战士难度!E3) -> 52500 | D3: =E3-1 -> 5 | E3: 6 | F3: 1 | H3: =B3*C3 -> 153037500
A4: =A3+1 -> 4 | B4: =INDEX(Sheet1!$K$2:$AC$16,战士难度!F4,战士难度!D4) -> 3059 | C4: =INDEX(Sheet1!$K$2:$AC$16,战士难度!F4,战士难度!E4) -> 59371 | D4: =E4-1 -> 7 | E4: 8 | F4: 1 | H4: =B4*C4 -> 181615889
A5: =A4+1 -> 5 | B5: =INDEX(Sheet1!$K$2:$AC$16,战士难度!F5,战士难度!D5) -> 3210 | C5: =INDEX(Sheet1!$K$2:$AC$16,战士难度!F5,战士难度!E5) -> 67140 | D5: =E5-1 -> 9 | E5: 10 | F5: 1 | H5: =B5*C5 -> 215519400
A6: =A5+1 -> 6 | B6: =INDEX(Sheet1!$K$2:$AC$16,战士难度!F6,战士难度!D6) -> 3423 | C6: =INDEX(Sheet1!$K$2:$AC$16,战士难度!F6,战士难度!E6) -> 79104 | D6: =E6-1 -> 11 | E6: 12 | F6: 1 | H6: =B6*C6 -> 270772992
A7: =A6+1 -> 7 | B7: =INDEX(Sheet1!$K$2:$AC$16,战士难度!F7,战士难度!D7) -> 3614 | C7: =INDEX(Sheet1!$K$2:$AC$16,战士难度!F7,战士难度!E7) -> 88403 | D7: =E7-1 -> 13 | E7: 14 | F7: 1 | H7: =B7*C7 -> 319488442
A8: =A7+1 -> 8 | B8: =INDEX(Sheet1!$K$2:$AC$16,战士难度!F8,战士难度!D8) -> 3815 | C8: =INDEX(Sheet1!$K$2:$AC$16,战士难度!F8,战士难度!E8) -> 98795 | D8: =E8-1 -> 15 | E8: 16 | F8: 1 | H8: =B8*C8 -> 376902925
A9: =A8+1 -> 9 | B9: =INDEX(Sheet1!$K$2:$AC$16,战士难度!F9,战士难度!D9) -> 4101 | C9: =INDEX(Sheet1!$K$2:$AC$16,战士难度!F9,战士难度!E9) -> 114576 | D9: =E9-1 -> 17 | E9: 18 | F9: 1 | H9: =B9*C9 -> 469876176
A10: =A9+1 -> 10 | B10: =INDEX(Sheet1!$K$2:$AC$16,战士难度!F10,战士难度!D10) -> 3815 | C10: =INDEX(Sheet1!$K$2:$AC$16,战士难度!F10,战士难度!E10) -> 55889 | D10: =E10-1 -> 1 | E10: 2 | F10: =F1+1 -> 2 | H10: =B10*C10 -> 213216535
A11: =A10+1 -> 11 | B11: =INDEX(Sheet1!$K$2:$AC$16,战士难度!F11,战士难度!D11) -> 4191 | C11: =INDEX(Sheet1!$K$2:$AC$16,战士难度!F11,战士难度!E11) -> 67365 | D11: =E11-1 -> 3 | E11: 4 | F11: =F2+1 -> 2 | H11: =B11*C11 -> 282326715
A12: =A11+1 -> 12 | B12: =INDEX(Sheet1!$K$2:$AC$16,战士难度!F12,战士难度!D12) -> 4752 | C12: =INDEX(Sheet1!$K$2:$AC$16,战士难度!F12,战士难度!E12) -> 86413 | D12: =E12-1 -> 5 | E12: 6 | F12: =F3+1 -> 2 | H12: =B12*C12 -> 410634576
A13: =A12+1 -> 13 | B13: =INDEX(Sheet1!$K$2:$AC$16,战士难度!F13,战士难度!D13) -> 5105 | C13: =INDEX(Sheet1!$K$2:$AC$16,战士难度!F13,战士难度!E13) -> 96870 | D13: =E13-1 -> 7 | E13: 8 | F13: =F4+1 -> 2 | H13: =B13*C13 -> 494521350
A14: =A13+1 -> 14 | B14: =INDEX(Sheet1!$K$2:$AC$16,战士难度!F14,战士难度!D14) -> 5484 | C14: =INDEX(Sheet1!$K$2:$AC$16,战士难度!F14,战士难度!E14) -> 108592 | D14: =E14-1 -> 9 | E14: 10 | F14: =F5+1 -> 2 | H14: =B14*C14 -> 595518528
A15: =A14+1 -> 15 | B15: =INDEX(Sheet1!$K$2:$AC$16,战士难度!F15,战士难度!D15) -> 6033 | C15: =INDEX(Sheet1!$K$2:$AC$16,战士难度!F15,战士难度!E15) -> 126458 | D15: =E15-1 -> 11 | E15: 12 | F15: =F6+1 -> 2 | H15: =B15*C15 -> 762921114
A16: =A15+1 -> 16 | B16: =INDEX(Sheet1!$K$2:$AC$16,战士难度!F16,战士难度!D16) -> 6501 | C16: =INDEX(Sheet1!$K$2:$AC$16,战士难度!F16,战士难度!E16) -> 140552 | D16: =E16-1 -> 13 | E16: 14 | F16: =F7+1 -> 2 | H16: =B16*C16 -> 913728552
A17: =A16+1 -> 17 | B17: =INDEX(Sheet1!$K$2:$AC$16,战士难度!F17,战士难度!D17) -> 7006 | C17: =INDEX(Sheet1!$K$2:$AC$16,战士难度!F17,战士难度!E17) -> 156217 | D17: =E17-1 -> 15 | E17: 16 | F17: =F8+1 -> 2 | H17: =B17*C17 -> 1094456302
A18: =A17+1 -> 18 | B18: =INDEX(Sheet1!$K$2:$AC$16,战士难度!F18,战士难度!D18) -> 7740 | C18: =INDEX(Sheet1!$K$2:$AC$16,战士难度!F18,战士难度!E18) -> 179852 | D18: =E18-1 -> 17 | E18: 18 | F18: =F9+1 -> 2 | H18: =B18*C18 -> 1392054480
A19: =A18+1 -> 19 | B19: =INDEX(Sheet1!$K$2:$AC$16,战士难度!F19,战士难度!D19) -> 5848 | C19: =INDEX(Sheet1!$K$2:$AC$16,战士难度!F19,战士难度!E19) -> 92599 | D19: =E19-1 -> 1 | E19: 2 | F19: =F10+1 -> 3 | H19: =B19*C19 -> 541518952
A20: =A19+1 -> 20 | B20: =INDEX(Sheet1!$K$2:$AC$16,战士难度!F20,战士难度!D20) -> 6616 | C20: =INDEX(Sheet1!$K$2:$AC$16,战士难度!F20,战士难度!E20) -> 108904 | D20: =E20-1 -> 3 | E20: 4 | F20: =F11+1 -> 3 | H20: =B20*C20 -> 720508864
A21: =A20+1 -> 21 | B21: =INDEX(Sheet1!$K$2:$AC$16,战士难度!F21,战士难度!D21) -> 7800 | C21: =INDEX(Sheet1!$K$2:$AC$16,战士难度!F21,战士难度!E21) -> 135194 | D21: =E21-1 -> 5 | E21: 6 | F21: =F12+1 -> 3 | H21: =B21*C21 -> 1054513200
... A135: =A134+1 -> 135 | B135: =INDEX(Sheet1!$K$2:$AC$16,战士难度!F135,战士难度!D135) -> 2007351 | C135: =INDEX(Sheet1!$K$2:$AC$16,战士难度!F135,战士难度!E135) -> 10452470 | D135: =E135-1 -> 17 | E135: 18 | F135: =F126+1 -> 15 | H135: =B135*C135 -> 20981776106970

Sheet 猎人难度
A1: 1 | B1: =INDEX(Sheet1!$K$50:$AB$64,F1,D1) -> 1702 | C1: =INDEX(Sheet1!$K$50:$AB$64,F1,E1) -> 66161 | D1: =E1-1 -> 1 | E1: 2 | F1: 1
A2: =A1+1 -> 2 | B2: =INDEX(Sheet1!$K$50:$AB$64,F2,D2) -> 1692 | C2: =INDEX(Sheet1!$K$50:$AB$64,F2,E2) -> 80087 | D2: =E2-1 -> 3 | E2: 4 | F2: 1
A3: =A2+1 -> 3 | B3: =INDEX(Sheet1!$K$50:$AB$64,F3,D3) -> 1678 | C3: =INDEX(Sheet1!$K$50:$AB$64,F3,E3) -> 103318 | D3: =E3-1 -> 5 | E3: 6 | F3: 1
A4: =A3+1 -> 4 | B4: =INDEX(Sheet1!$K$50:$AB$64,F4,D4) -> 1667 | C4: =INDEX(Sheet1!$K$50:$AB$64,F4,E4) -> 116001 | D4: =E4-1 -> 7 | E4: 8 | F4: 1
A5: =A4+1 -> 5 | B5: =INDEX(Sheet1!$K$50:$AB$64,F5,D5) -> 1657 | C5: =INDEX(Sheet1!$K$50:$AB$64,F5,E5) -> 130240 | D5: =E5-1 -> 9 | E5: 10 | F5: 1
A6: =A5+1 -> 6 | B6: =INDEX(Sheet1!$K$50:$AB$64,F6,D6) -> 1643 | C6: =INDEX(Sheet1!$K$50:$AB$64,F6,E6) -> 151981 | D6: =E6-1 -> 11 | E6: 12 | F6: 1
A7: =A6+1 -> 7 | B7: =INDEX(Sheet1!$K$50:$AB$64,F7,D7) -> 1629 | C7: =INDEX(Sheet1!$K$50:$AB$64,F7,E7) -> 169086 | D7: =E7-1 -> 13 | E7: 14 | F7: 1
A8: =A7+1 -> 8 | B8: =INDEX(Sheet1!$K$50:$AB$64,F8,D8) -> 1615 | C8: =INDEX(Sheet1!$K$50:$AB$64,F8,E8) -> 188117 | D8: =E8-1 -> 15 | E8: 16 | F8: 1
A9: =A8+1 -> 9 | B9: =INDEX(Sheet1!$K$50:$AB$64,F9,D9) -> 1597 | C9: =INDEX(Sheet1!$K$50:$AB$64,F9,E9) -> 216864 | D9: =E9-1 -> 17 | E9: 18 | F9: 1
A10: =A9+1 -> 10 | B10: =INDEX(Sheet1!$K$50:$AB$64,F10,D10) -> 2468 | C10: =INDEX(Sheet1!$K$50:$AB$64,F10,E10) -> 118454 | D10: =E10-1 -> 1 | E10: 2 | F10: =F1+1 -> 2
A11: =A10+1 -> 11 | B11: =INDEX(Sheet1!$K$50:$AB$64,F11,D11) -> 2489 | C11: =INDEX(Sheet1!$K$50:$AB$64,F11,E11) -> 139118 | D11: =E11-1 -> 3 | E11: 4 | F11: =F2+1 -> 2
A12: =A11+1 -> 12 | B12: =INDEX(Sheet1!$K$50:$AB$64,F12,D12) -> 2516 | C12: =INDEX(Sheet1!$K$50:$AB$64,F12,E12) -> 172382 | D12: =E12-1 -> 5 | E12: 6 | F12: =F3+1 -> 2
A13: =A12+1 -> 13 | B13: =INDEX(Sheet1!$K$50:$AB$64,F13,D13) -> 2537 | C13: =INDEX(Sheet1!$K$50:$AB$64,F13,E13) -> 191298 | D13: =E13-1 -> 7 | E13: 8 | F13: =F4+1 -> 2
A14: =A13+1 -> 14 | B14: =INDEX(Sheet1!$K$50:$AB$64,F14,D14) -> 2557 | C14: =INDEX(Sheet1!$K$50:$AB$64,F14,E14) -> 212290 | D14: =E14-1 -> 9 | E14: 10 | F14: =F5+1 -> 2
A15: =A14+1 -> 15 | B15: =INDEX(Sheet1!$K$50:$AB$64,F15,D15) -> 2585 | C15: =INDEX(Sheet1!$K$50:$AB$64,F15,E15) -> 243905 | D15: =E15-1 -> 11 | E15: 12 | F15: =F6+1 -> 2
A16: =A15+1 -> 16 | B16: =INDEX(Sheet1!$K$50:$AB$64,F16,D16) -> 2612 | C16: =INDEX(Sheet1!$K$50:$AB$64,F16,E16) -> 269288 | D16: =E16-1 -> 13 | E16: 14 | F16: =F7+1 -> 2
A17: =A16+1 -> 17 | B17: =INDEX(Sheet1!$K$50:$AB$64,F17,D17) -> 2639 | C17: =INDEX(Sheet1!$K$50:$AB$64,F17,E17) -> 297313 | D17: =E17-1 -> 15 | E17: 16 | F17: =F8+1 -> 2
A18: =A17+1 -> 18 | B18: =INDEX(Sheet1!$K$50:$AB$64,F18,D18) -> 2676 | C18: =INDEX(Sheet1!$K$50:$AB$64,F18,E18) -> 339268 | D18: =E18-1 -> 17 | E18: 18 | F18: =F9+1 -> 2
A19: =A18+1 -> 19 | B19: =INDEX(Sheet1!$K$50:$AB$64,F19,D19) -> 3805 | C19: =INDEX(Sheet1!$K$50:$AB$64,F19,E19) -> 207538 | D19: =E19-1 -> 1 | E19: 2 | F19: =F10+1 -> 3
A20: =A19+1 -> 20 | B20: =INDEX(Sheet1!$K$50:$AB$64,F20,D20) -> 3900 | C20: =INDEX(Sheet1!$K$50:$AB$64,F20,E20) -> 236560 | D20: =E20-1 -> 3 | E20: 4 | F20: =F11+1 -> 3
A21: =A20+1 -> 21 | B21: =INDEX(Sheet1!$K$50:$AB$64,F21,D21) -> 4031 | C21: =INDEX(Sheet1!$K$50:$AB$64,F21,E21) -> 281664 | D21: =E21-1 -> 5 | E21: 6 | F21: =F12+1 -> 3
... A135: =A134+1 -> 135 | B135: =INDEX(Sheet1!$K$50:$AB$64,F135,D135) -> 947767 | C135: =INDEX(Sheet1!$K$50:$AB$64,F135,E135) -> 19845406 | D135: =E135-1 -> 17 | E135: 18 | F135: =F126+1 -> 15

Sheet 法师难度
A1: 1 | B1: =INDEX(Sheet1!$K$98:$AB$112,F1,D1) -> 1234 | C1: =INDEX(Sheet1!$K$98:$AB$112,F1,E1) -> 41150 | D1: =E1-1 -> 1 | E1: 2 | F1: 1
A2: =A1+1 -> 2 | B2: =INDEX(Sheet1!$K$98:$AB$112,F2,D2) -> 1227 | C2: =INDEX(Sheet1!$K$98:$AB$112,F2,E2) -> 51351 | D2: =E2-1 -> 3 | E2: 4 | F2: 1
A3: =A2+1 -> 3 | B3: =INDEX(Sheet1!$K$98:$AB$112,F3,D3) -> 1217 | C3: =INDEX(Sheet1!$K$98:$AB$112,F3,E3) -> 68990 | D3: =E3-1 -> 5 | E3: 6 | F3: 1
A4: =A3+1 -> 4 | B4: =INDEX(Sheet1!$K$98:$AB$112,F4,D4) -> 1209 | C4: =INDEX(Sheet1!$K$98:$AB$112,F4,E4) -> 78255 | D4: =E4-1 -> 7 | E4: 8 | F4: 1
A5: =A4+1 -> 5 | B5: =INDEX(Sheet1!$K$98:$AB$112,F5,D5) -> 1202 | C5: =INDEX(Sheet1!$K$98:$AB$112,F5,E5) -> 88765 | D5: =E5-1 -> 9 | E5: 10 | F5: 1
A6: =A5+1 -> 6 | B6: =INDEX(Sheet1!$K$98:$AB$112,F6,D6) -> 1192 | C6: =INDEX(Sheet1!$K$98:$AB$112,F6,E6) -> 105005 | D6: =E6-1 -> 11 | E6: 12 | F6: 1
A7: =A6+1 -> 7 | B7: =INDEX(Sheet1!$K$98:$AB$112,F7,D7) -> 1182 | C7: =INDEX(Sheet1!$K$98:$AB$112,F7,E7) -> 117564 | D7: =E7-1 -> 13 | E7: 14 | F7: 1
A8: =A7+1 -> 8 | B8: =INDEX(Sheet1!$K$98:$AB$112,F8,D8) -> 1173 | C8: =INDEX(Sheet1!$K$98:$AB$112,F8,E8) -> 131625 | D8: =E8-1 -> 15 | E8: 16 | F8: 1
A9: =A8+1 -> 9 | B9: =INDEX(Sheet1!$K$98:$AB$112,F9,D9) -> 1160 | C9: =INDEX(Sheet1!$K$98:$AB$112,F9,E9) -> 153024 | D9: =E9-1 -> 17 | E9: 18 | F9: 1
A10: =A9+1 -> 10 | B10: =INDEX(Sheet1!$K$98:$AB$112,F10,D10) -> 1813 | C10: =INDEX(Sheet1!$K$98:$AB$112,F10,E10) -> 85868 | D10: =E10-1 -> 1 | E10: 2 | F10: =F1+1 -> 2
A11: =A10+1 -> 11 | B11: =INDEX(Sheet1!$K$98:$AB$112,F11,D11) -> 1831 | C11: =INDEX(Sheet1!$K$98:$AB$112,F11,E11) -> 102505 | D11: =E11-1 -> 3 | E11: 4 | F11: =F2+1 -> 2
A12: =A11+1 -> 12 | B12: =INDEX(Sheet1!$K$98:$AB$112,F12,D12) -> 1854 | C12: =INDEX(Sheet1!$K$98:$AB$112,F12,E12) -> 129807 | D12: =E12-1 -> 5 | E12: 6 | F12: =F3+1 -> 2
A13: =A12+1 -> 13 | B13: =INDEX(Sheet1!$K$98:$AB$112,F13,D13) -> 1871 | C13: =INDEX(Sheet1!$K$98:$AB$112,F13,E13) -> 144990 | D13: =E13-1 -> 7 | E13: 8 | F13: =F4+1 -> 2
A14: =A13+1 -> 14 | B14: =INDEX(Sheet1!$K$98:$AB$112,F14,D14) -> 1888 | C14: =INDEX(Sheet1!$K$98:$AB$112,F14,E14) -> 161948 | D14: =E14-1 -> 9 | E14: 10 | F14: =F5+1 -> 2
A15: =A14+1 -> 15 | B15: =INDEX(Sheet1!$K$98:$AB$112,F15,D15) -> 1911 | C15: =INDEX(Sheet1!$K$98:$AB$112,F15,E15) -> 187684 | D15: =E15-1 -> 11 | E15: 12 | F15: =F6+1 -> 2
A16: =A15+1 -> 16 | B16: =INDEX(Sheet1!$K$98:$AB$112,F16,D16) -> 1934 | C16: =INDEX(Sheet1!$K$98:$AB$112,F16,E16) -> 208113 | D16: =E16-1 -> 13 | E16: 14 | F16: =F7+1 -> 2
A17: =A16+1 -> 17 | B17: =INDEX(Sheet1!$K$98:$AB$112,F17,D17) -> 1957 | C17: =INDEX(Sheet1!$K$98:$AB$112,F17,E17) -> 230767 | D17: =E17-1 -> 15 | E17: 16 | F17: =F8+1 -> 2
A18: =A17+1 -> 18 | B18: =INDEX(Sheet1!$K$98:$AB$112,F18,D18) -> 1988 | C18: =INDEX(Sheet1!$K$98:$AB$112,F18,E18) -> 264852 | D18: =E18-1 -> 17 | E18: 18 | F18: =F9+1 -> 2
A19: =A18+1 -> 19 | B19: =INDEX(Sheet1!$K$98:$AB$112,F19,D19) -> 2817 | C19: =INDEX(Sheet1!$K$98:$AB$112,F19,E19) -> 153228 | D19: =E19-1 -> 1 | E19: 2 | F19: =F10+1 -> 3
A20: =A19+1 -> 20 | B20: =INDEX(Sheet1!$K$98:$AB$112,F20,D20) -> 2891 | C20: =INDEX(Sheet1!$K$98:$AB$112,F20,E20) -> 177345 | D20: =E20-1 -> 3 | E20: 4 | F20: =F11+1 -> 3
A21: =A20+1 -> 21 | B21: =INDEX(Sheet1!$K$98:$AB$112,F21,D21) -> 2994 | C21: =INDEX(Sheet1!$K$98:$AB$112,F21,E21) -> 215505 | D21: =E21-1 -> 5 | E21: 6 | F21: =F12+1 -> 3
... A135: =A134+1 -> 135 | B135: =INDEX(Sheet1!$K$98:$AB$112,F135,D135) -> 713780 | C135: =INDEX(Sheet1!$K$98:$AB$112,F135,E135) -> 16459454 | D135: =E135-1 -> 17 | E135: 18 | F135: =F126+1 -> 15

Sheet 怪物抗性与玩家穿透
A1: 等级 | B1: 护甲穿透 | C1: 物抗穿透 | D1: boss护甲 | E1: boss物抗 | F1: 穿透后护甲 | G1: 穿透后抗性 | H1: 护甲参数 | I1: 抗性参数 | L1: 护甲减伤 | M1: 抗性减伤 | N1: boss生命倍数 | O1: 穿透后护甲减伤 | P1: 穿透后抗性减伤 | Q1: 穿透后boss生命倍数
A2: 30 | B2: 16 | C2: 14 | D2: 20 | E2: 0 | F2: =D2*(1-B2/(B2+100)) -> 17.241379 | G2: =E2*(1-C2/(C2+100)) -> 0 | H2: 2815 | I2: 1550 | L2: =D2/($H2+D2) -> 0.0070546737 | M2: =E2/($I2+E2) -> 0 | N2: =1/(1-L2)/(1-M2) -> 1.0071048 | O2: =F2/($H2+F2) -> 0.0060875388 | P2: =G2/($I2+G2) -> 0 | Q2: =1/(1-O2)/(1-P2) -> 1.0061248
A3: 31 | B3: 18 | C3: 15 | D3: 50 | E3: 0 | F3: =D3*(1-B3/(B3+100)) -> 42.372881 | G3: =E3*(1-C3/(C3+100)) -> 0 | H3: 3000 | I3: 1600 | L3: =D3/($H3+D3) -> 0.016393443 | M3: =E3/($I3+E3) -> 0 | N3: =1/(1-L3)/(1-M3) -> 1.0166667 | O3: =F3/($H3+F3) -> 0.013927577 | P3: =G3/($I3+G3) -> 0 | Q3: =1/(1-O3)/(1-P3) -> 1.0141243
A4: 32 | B4: 20 | C4: 16 | D4: 80 | E4: 10 | F4: =D4*(1-B4/(B4+100)) -> 66.666667 | G4: =E4*(1-C4/(C4+100)) -> 8.6206897 | H4: 3191 | I4: 1650 | L4: =D4/($H4+D4) -> 0.024457352 | M4: =E4/($I4+E4) -> 0.0060240964 | N4: =1/(1-L4)/(1-M4) -> 1.0312831 | O4: =F4/($H4+F4) -> 0.020464545 | P4: =G4/($I4+G4) -> 0.0051975052 | Q4: =1/(1-O4)/(1-P4) -> 1.0262259
A5: 33 | B5: 22 | C5: 17 | D5: 110 | E5: 20 | F5: =D5*(1-B5/(B5+100)) -> 90.163934 | G5: =E5*(1-C5/(C5+100)) -> 17.094017 | H5: 3388 | I5: 1700 | L5: =D5/($H5+D5) -> 0.031446541 | M5: =E5/($I5+E5) -> 0.011627907 | N5: =1/(1-L5)/(1-M5) -> 1.0446142 | O5: =F5/($H5+F5) -> 0.025922854 | P5: =G5/($I5+G5) -> 0.0099552016 | Q5: =1/(1-O5)/(1-P5) -> 1.0369356
A6: 34 | B6: 24 | C6: 18 | D6: 140 | E6: 30 | F6: =D6*(1-B6/(B6+100)) -> 112.90323 | G6: =E6*(1-C6/(C6+100)) -> 25.423729 | H6: 3591 | I6: 1750 | L6: =D6/($H6+D6) -> 0.037523452 | M6: =E6/($I6+E6) -> 0.016853933 | N6: =1/(1-L6)/(1-M6) -> 1.0567975 | O6: =F6/($H6+F6) -> 0.030482229 | P6: =G6/($I6+G6) -> 0.014319809 | Q6: =1/(1-O6)/(1-P6) -> 1.0464252
A7: 35 | B7: 26 | C7: 19 | D7: 170 | E7: 40 | F7: =D7*(1-B7/(B7+100)) -> 134.92063 | G7: =E7*(1-C7/(C7+100)) -> 33.613445 | H7: 3800 | I7: 1800 | L7: =D7/($H7+D7) -> 0.042821159 | M7: =E7/($I7+E7) -> 0.02173913 | N7: =1/(1-L7)/(1-M7) -> 1.0679532 | O7: =F7/($H7+F7) -> 0.034288019 | P7: =G7/($I7+G7) -> 0.018331806 | Q7: =1/(1-O7)/(1-P7) -> 1.0548426
A8: 36 | B8: 28 | C8: 20 | D8: 200 | E8: 50 | F8: =D8*(1-B8/(B8+100)) -> 156.25 | G8: =E8*(1-C8/(C8+100)) -> 41.666667 | H8: 4015 | I8: 1850 | L8: =D8/($H8+D8) -> 0.047449585 | M8: =E8/($I8+E8) -> 0.026315789 | N8: =1/(1-L8)/(1-M8) -> 1.0781865 | O8: =F8/($H8+F8) -> 0.037458795 | P8: =G8/($I8+G8) -> 0.022026432 | Q8: =1/(1-O8)/(1-P8) -> 1.0623156
A9: 37 | B9: 30 | C9: 21 | D9: 230 | E9: 60 | F9: =D9*(1-B9/(B9+100)) -> 176.92308 | G9: =E9*(1-C9/(C9+100)) -> 49.586777 | H9: 4236 | I9: 1900 | L9: =D9/($H9+D9) -> 0.051500224 | M9: =E9/($I9+E9) -> 0.030612245 | N9: =1/(1-L9)/(1-M9) -> 1.0875901 | O9: =F9/($H9+F9) -> 0.040092037 | P9: =G9/($I9+G9) -> 0.025434506 | Q9: =1/(1-O9)/(1-P9) -> 1.0689549
A10: 38 | B10: 32 | C10: 22 | D10: 260 | E10: 70 | F10: =D10*(1-B10/(B10+100)) -> 196.9697 | G10: =E10*(1-C10/(C10+100)) -> 57.377049 | H10: 4463 | I10: 1950 | L10: =D10/($H10+D10) -> 0.055049757 | M10: =E10/($I10+E10) -> 0.034653465 | N10: =1/(1-L10)/(1-M10) -> 1.0962455 | O10: =F10/($H10+F10) -> 0.04226845 | P10: =G10/($I10+G10) -> 0.028583095 | Q10: =1/(1-O10)/(1-P10) -> 1.0748567
A11: 39 | B11: 34 | C11: 23 | D11: 290 | E11: 80 | F11: =D11*(1-B11/(B11+100)) -> 216.41791 | G11: =E11*(1-C11/(C11+100)) -> 65.04065 | H11: 4696 | I11: 2000 | L11: =D11/($H11+D11) -> 0.058162856 | M11: =E11/($I11+E11) -> 0.038461538 | N11: =1/(1-L11)/(1-M11) -> 1.1042249 | O11: =F11/($H11+F11) -> 0.044055273 | P11: =G11/($I11+G11) -> 0.031496063 | Q11: =1/(1-O11)/(1-P11) -> 1.0801046
A12: 40 | B12: 36 | C12: 24 | D12: 320 | E12: 90 | F12: =D12*(1-B12/(B12+100)) -> 235.29412 | G12: =E12*(1-C12/(C12+100)) -> 72.580645 | H12: 4935 | I12: 2050 | L12: =D12/($H12+D12) -> 0.060894386 | M12: =E12/($I12+E12) -> 0.042056075 | N12: =1/(1-L12)/(1-M12) -> 1.1115922 | O12: =F12/($H12+F12) -> 0.045508846 | P12: =G12/($I12+G12) -> 0.034194529 | Q12: =1/(1-O12)/(1-P12) -> 1.0847719
A13: 41 | B13: 38 | C13: 25 | D13: 350 | E13: 100 | F13: =D13*(1-B13/(B13+100)) -> 253.62319 | G13: =E13*(1-C13/(C13+100)) -> 80 | H13: 5180 | I13: 2100 | L13: =D13/($H13+D13) -> 0.063291139 | M13: =E13/($I13+E13) -> 0.045454545 | N13: =1/(1-L13)/(1-M13) -> 1.1184041 | O13: =F13/($H13+F13) -> 0.046676624 | P13: =G13/($I13+G13) -> 0.036697248 | Q13: =1/(1-O13)/(1-P13) -> 1.0889225
... A72: 100 | B72: 156 | C72: 84 | D72: 35000 | E72: 12000 | F72: =D72*(1-B72/(B72+100)) -> 13671.875 | G72: =E72*(1-C72/(C72+100)) -> 6521.7391 | H72: 30255 | I72: 9700 | L72: =D72/($H72+D72) -> 0.53635737 | M72: =E72/($I72+E72) -> 0.55299539 | N72: =1/(1-L72)/(1-M72) -> 4.8250813 | O72: =F72/($H72+F72) -> 0.31124169 | P72: =G72/($I72+G72) -> 0.40203699 | Q72: =1/(1-O72)/(1-P72) -> 2.4280567
A73: 101 | D73: 36000 | E73: 12400 | Q73: 2.4353208
A74: 102 | D74: 37000 | E74: 12800 | Q74: 2.4280567

Sheet 怪物模型
A1: 带小怪BOSS | B1: 伤害衰减 | C1: 血量衰减 | D1: 小怪血量为BOSS的20%
A2: 战士 | B2: 0.9 | C2: 0.75
A3: 法师 | B3: 0.9 | C3: 0.75
A4: 猎人 | B4: 0.9 | C4: 0.65
A5: 双BOSS
A6: 战士 | B6: 0.5 | C6: 0.65
A7: 法师 | B7: 0.5 | C7: 0.65
A8: 猎人 | B8: 0.5 | C8: 0.6
A9: 三BOSS
A10: 战士 | B10: 0.33 | C10: 0.45
A11: 法师 | B11: 0.33 | C11: 0.45
A12: 猎人 | B12: 0.33 | C12: 0.42
A14: 怪物 | B14: 技能 | C14: 伤害系数 | D14: 血量系数 | E14: 闪避% | F14: 暴击% | G14: 命中% | H14: 技能ID | I14: 标准MP | K14: 备注
A15: 法力风暴 | B15: 冥想、魔法盾 | C15: 1.5 | D15: 0.68 | E15: 13 | F15: 0 | G15: 0 | H15: 25,30 | I15: 1000 | K15: MP足够抵挡较高伤害。
A16: 荒野游侠 | B16: 致盲射击 | C16: 1 | D16: 0.8 | E16: 35 | F16: 0 | G16: 0 | H16: 16 | I16: 2000 | K16: 只是会闪避。。
A17: 勇猛的卡拉 | B17: 英勇打击 | C17: 1 | D17: 1 | E17: 13 | F17: 0 | G17: 0 | H17: 1 | I17: 1000
A18: 拉兹 | B18: 狂暴 | C18: 1.2 | D18: 1 | E18: 13 | F18: 0 | G18: 20 | H18: 10 | I18: 2000 | K18: 拉兹打人。。
A19: 卡雷 | B19: 冥想 | C19: 1.25 | D19: 1 | E19: 13 | F19: 0 | G19: 0 | H19: 25 | I19: 1000 | K19: 战5渣
A20: 疾风克鲁 | B20: 沉默射击 | C20: 1 | D20: 1 | E20: 13 | F20: 0 | G20: 0 | H20: 19 | I20: 1000
A21: 坚定的格雷格 | B21: 盾墙 | C21: 0.7 | D21: 0.8 | E21: 13 | F21: 0 | G21: 0 | H21: 3 | I21: 600 | K21: 我有盾墙
A22: 咒术大师 | B22: 冰霜新星、奥术冲击 | C22: 0.45 | D22: 0.7 | E22: 13 | F22: 0 | G22: 0 | H22: 22,27 | I22: 5000 | K22: 给个沉默
A23: 憾地者 | B23: 雷霆一击 | C23: 0.85 | D23: 1 | E23: 13 | F23: 0 | G23: 0 | H23: 4 | I23: 1000
A24: 迅捷的维恩 | B24: 多重射击 | C24: 1 | D24: 1 | E24: 0 | F24: 0 | G24: 0 | H24: 14 | I24: 1000
A25: 幻术师艾莉 | B25: 伪装 | C25: 1.2 | D25: 0.75 | E25: 0 | F25: 0 | G25: 0 | H25: 20 | I25: 1600 | K25: A到死
A26: 混乱的玛尔达 | B26: 风暴之锤、沉默射击、冰甲术 | C26: 1 | D26: 1.1 | E26: 13 | F26: 0 | G26: 0 | H26: 6,19,23 | I26: 1800 | K26: 啥是狂暴
A27: 暮光预言者 | B27: 吸取生命 | C27: 0.7 | D27: 1 | E27: 0 | F27: 0 | G27: 0 | H27: 13 | I27: 800
A28: 凝结水元素 | B28: 冰霜新星 | C28: 1 | D28: 0.92 | E28: 13 | F28: 0 | G28: 0 | H28: 22 | I28: 1000
A29: 拨弄的赛亚 | B29: 雄鹰守护、眼镜蛇射击、剑刃风暴 | C29: 1.2 | D29: 1 | E29: 13 | F29: 0 | G29: 0 | H29: 17,18,8 | I29: 3000 | K29: 给个控
A30: 火焰之王 | B30: 火冲、烈焰、炎爆 | C30: 1 | D30: 0.7 | E30: 13 | F30: 0 | G30: 0 | H30: 21,28,29 | I30: 1500
A31: 圣光约书亚 | B31: 治疗 | C31: 1 | D31: 0.7 | E31: 13 | F31: 0 | G31: 0 | H31: 2 | I31: 800
A32: 血誓审判者 | B32: 战斗怒吼 | C32: 0.28 | D32: 0.45 | E32: 13 | F32: 0 | G32: 0 | H32: 5 | I32: 1000 | K32: F4
A33: 血誓召唤者 | B33: 暴风雪 | C33: 0.36 | D33: 0.44 | E33: 13 | F33: 0 | G33: 0 | H33: 26 | I33: 1000
A34: 血誓领主 | B34: 多重射击 | C34: 0.36 | D34: 0.43 | E34: 13 | F34: 0 | G34: 0 | H34: 14 | I34: 1000
A35: 血誓预言者 | B35: 治疗 | C35: 0.3 | D35: 0.42 | E35: 13 | F35: 0 | G35: 0 | H35: 2 | I35: 800
A36: 驯兽师瓦纳 | B36: 治疗 | C36: 0.6 | D36: 0.6 | E36: 13 | F36: 0 | G36: 0 | H36: 2 | I36: 800 | K36: 就能奶两口
A37: 多兰 | B37: 破甲攻击 | C37: 0.35 | D37: 0.28 | E37: 13 | F37: 0 | G37: 0 | H37: 9 | I37: 1000
A38: 约翰 | B38: 狂暴 | C38: 0.35 | D38: 0.28 | E38: 13 | F38: 0 | G38: 0 | H38: 10 | I38: 1000
A39: 舞钢者拜伦 | B39: 剑刃风暴 | C39: 0.8 | D39: 1 | E39: 13 | F39: 0 | G39: 0 | H39: 8 | I39: 1000
A40: 塔克 | B40: 捍卫 | C40: 0.35 | D40: 0.6 | E40: 13 | F40: 0 | G40: 0 | H40: 3 | I40: 1000
A41: 迪皮斯 | B41: 奥术射击、多重射击 | C41: 0.6 | D41: 0.4 | E41: 13 | F41: 0 | G41: 0 | H41: 17,14 | I41: 1000 | K41: 缺少治疗
A42: 血之凯德拉 | B42: 雄鹰守护、吸取生命 | C42: 0.8 | D42: 0.8 | E42: 13 | F42: 0 | G42: 0 | H42: 17,13 | I42: 1800
A43: 风暴之王 | B43: 风暴之锤 | C43: 0.8 | D43: 0.92 | E43: 13 | F43: 0 | G43: 0 | H43: 6 | I43: 1000
A44: 狡猾的库勒 | B44: 眼镜蛇射击 | C44: 1.1 | D44: 1 | E44: 13 | F44: 0 | G44: 0 | H44: 18 | I44: 1000
A45: 狂野安东尼 | B45: 致死打击 | C45: 1 | D45: 1 | E45: 13 | F45: 0 | G45: 0 | H45: 7 | I45: 1000
A46: 巨蟒 | B46: 毒蛇钉刺 | C46: 1 | D46: 1 | E46: 13 | F46: 0 | G46: 0 | H46: 11 | I46: 1000
A47: 雷伊战争使者 | B47: 致死打击 | C47: 1 | D47: 1 | E47: 13 | F47: 0 | G47: 0 | H47: 7 | I47: 1000 | K47: 就是降治疗
A48: 炎之安苏 | B48: 火焰冲击 | C48: 1 | D48: 0.95 | E48: 13 | F48: 0 | G48: 0 | H48: 21 | I48: 1000 | K48: 绝对不是乌鸦之神
A49: 降霜者莫林 | B49: 暴风雪 | C49: 1 | D49: 0.9 | E49: 13 | F49: 0 | G49: 0 | H49: 26 | I49: 1000
A50: 日光弗雷尔 | B50: 烈焰风暴 | C50: 0.9 | D50: 0.9 | E50: 13 | F50: 0 | G50: 0 | H50: 28 | I50: 1000
A51: 惊人的盖亚 | B51: 狂暴、奥术射击、雄鹰守护、多重射击 | C51: 1.5 | D51: 0.6 | E51: 13 | F51: 0 | G51: 30 | H51: 10,15,17,14 | I51: 4500
A52: 火舞者 | B52: 炎爆术 | C52: 1 | D52: 0.95 | E52: 13 | F52: 0 | G52: 0 | H52: 29 | I52: 1000
A53: 战斗法师埃兰 | B53: 魔法盾、雄鹰守护、炎爆术 | C53: 1 | D53: 1 | E53: 13 | F53: 0 | G53: 0 | H53: 30,17,29 | I53: 1000
A54: 角斗士里奥 | B54: 战斗怒吼 | C54: 1 | D54: 1 | E54: 13 | F54: 0 | G54: 0 | H54: 5 | I54: 1000
A55: 巡林者瑞克 | B55: 奥术射击 | C55: 1 | D55: 1 | E55: 13 | F55: 0 | G55: 0 | H55: 15 | I55: 1000
A56: 法力风暴 | B56: 魔法盾、奥术冲击 | C56: 1 | D56: 1 | E56: 13 | F56: 0 | G56: 0 | H56: 30,27 | I56: 1000
A57: 莱恩的倒影 | B57: 英勇打击、治疗 | C57: 1.2 | D57: 0.8 | E57: 0 | F57: 0 | G57: 0 | H57: 1,2 | I57: 1000
A58: 菲德丝的倒影 | B58: 奥术射击、震荡射击 | C58: 1 | D58: 1 | E58: 13 | F58: 0 | G58: 0 | H58: 15,11 | I58: 1000
A59: 赛琳娜的倒影 | B59: 暴风雪、魔爆术 | C59: 1.2 | D59: 1 | E59: 13 | F59: 0 | G59: 0 | H59: 26,24 | I59: 1000
A60: 监狱长 | B60: 致死打击 | C60: 1 | D60: 0.75 | E60: 0 | F60: 0 | G60: 0 | H60: 7 | I60: 1000
A61: 监狱拷问者 | B61: 致死打击 | C61: 1 | D61: 0.75 | E61: 0 | F61: 0 | G61: 0 | H61: 7 | I61: 1000 | K61: 求回血
A62: 监狱拷问者 | B62: 致死打击 | C62: 1 | D62: 0.75 | E62: 0 | F62: 0 | G62: 0 | H62: 7 | I62: 1000
A63: 战士幻象 | B63: 盾墙 | C63: 1 | D63: 1 | E63: 13 | F63: 0 | G63: 30 | H63: 3 | I63: 500
A64: 猎人幻象 | B64: 震荡射击 | C64: 1 | D64: 1 | E64: 13 | F64: 15 | G64: 0 | H64: 11 | I64: 1000
A65: 法师幻象 | B65: 火焰冲击 | C65: 1 | D65: 1 | E65: 13 | F65: 0 | G65: 0 | H65: 21 | I65: 3000
A66: 夺魂者幻象 | B66: 吸取生命 | C66: 1 | D66: 1 | E66: 13 | F66: 0 | G66: 0 | H66: 13 | I66: 1000
A67: 试炼幻象 | B67: 无 | C67: 1 | D67: 1 | E67: 13 | F67: 0 | G67: 0 | H67: 0 | I67: 1000
A68: 蛮力者幻象 | B68: 致死打击 | C68: 1 | D68: 1 | E68: 13 | F68: 0 | G68: 0 | H68: 7 | I68: 1000
A69: 影子武士 | B69: 高闪避 | C69: 1 | D69: 1 | E69: 30 | F69: 0 | G69: 0 | H69: 0 | I69: 1000
A70: 暴君泰伦 | B70: 狂暴、破甲 | C70: 1.2 | D70: 1.15 | E70: 15 | F70: 0 | G70: 15 | H70: 10,9 | I70: 3000

Sheet 怪物生成器
A1: 怪物名字 | B1: 等级 | C1: 怪物组别 | D1: 技能 | E1: 伤害系数 | F1: 血量系数 | G1: mp系数 | H1: 闪避% | I1: 暴击% | J1: 命中% | K1: 生命值(hp) | L1: 魔法值(mp) | M1: 最小伤害(minDmg) | N1: 最大伤害(maxDmg) | O1: 护甲(armor) | P1: 物抗(phyDef) | Q1: 魔抗(magDef) | R1: 暴击(critical) | S1: 命中(hit) | T1: 闪避(dodge) | U1: 韧性(resilience) | V1: 回合回魔
A2: =[2]monster.xml!$D347 -> 战士幻象 | B2: =[2]monster.xml!$C347 -> 30 | C2: 1 | D2: =VLOOKUP(A2,怪物模型!A$15:Z$70,8,0) -> 3 | E2: =VLOOKUP(A2,怪物模型!A$15:G$70,3,0) -> 1 | F2: =VLOOKUP(A2,怪物模型!A$15:G$77,4,0) -> 1 | G2: 1 | H2: =VLOOKUP(A2,怪物模型!A$15:G$77,5,0) -> 13 | I2: =VLOOKUP(A2,怪物模型!A$15:G$77,6,0) -> 0 | J2: =VLOOKUP(A2,怪物模型!A$15:G$77,7,0) -> 30 | K2: =ROUND(VLOOKUP(C2,战士难度!A$1:C$135,3,0)/VLOOKUP(B2,怪物抗性与玩家穿透!A$2:Q$74,17,0)*F2,0) -> 31817 | L2: =IF(A2="卡雷",42,IF(A2="法力风暴",ROUND(K2*0.1,0),VLOOKUP(A2,怪物模型!$A$15:$I$70,9,0)*(1+(B2-30)/100))) -> 500 | M2: =ROUND(VLOOKUP(C2,战士难度!A$1:C$135,2,0)*0.91*E2,0) -> 2320 | N2: =ROUND(M2*1.2,0) -> 2784 | O2: =VLOOKUP(B2,怪物抗性与玩家穿透!A$2:Q$74,4,0) -> 20 | P2: =VLOOKUP(B2,怪物抗性与玩家穿透!A$2:Q$74,5,0) -> 0 | Q2: =P2 -> 0 | R2: =VLOOKUP(B2,[3]battleParameter.xml!$A$6:$E$107,5,0)*(I2/100)/(1-I2/100) -> 0 | S2: =ROUND(VLOOKUP(B2,[3]battleParameter.xml!$A$6:$G$107,7,0)*(J2/100)/(1-J2/100),0) -> 1206 | T2: =ROUND(VLOOKUP(B2,[3]battleParameter.xml!$A$6:$Z$107,8,0)*(MIN(H2/100+0.2,0.99))/(1-MIN(H2/100+0.2,0.99)),0) -> 346 | U2: 0 | V2: 0
A3: =[2]monster.xml!$D348 -> 法力风暴 | B3: =[2]monster.xml!$C348 -> 30 | C3: =IF(OR(A3="塔克",A3="多兰",A3="约翰",A3="血誓预言者",A3="血誓召唤者",A3="血誓领主"),C2,C2+1) -> 2 | D3: =VLOOKUP(A3,怪物模型!A$15:Z$70,8,0) -> 25,30 | E3: =VLOOKUP(A3,怪物模型!A$15:G$70,3,0) -> 1.5 | F3: =VLOOKUP(A3,怪物模型!A$15:G$77,4,0) -> 0.68 | G3: 1 | H3: =VLOOKUP(A3,怪物模型!A$15:G$77,5,0) -> 13 | I3: =VLOOKUP(A3,怪物模型!A$15:G$77,6,0) -> 0 | J3: =VLOOKUP(A3,怪物模型!A$15:G$77,7,0) -> 0 | K3: =ROUND(VLOOKUP(C3,战士难度!A$1:C$135,3,0)/VLOOKUP(B3,怪物抗性与玩家穿透!A$2:Q$74,17,0)*F3,0) -> 26745 | L3: =IF(A3="卡雷",42,IF(A3="法力风暴",ROUND(K3*0.1,0),VLOOKUP(A3,怪物模型!$A$15:$I$70,9,0)*(1+(B3-30)/100))) -> 2675 | M3: =ROUND(VLOOKUP(C3,战士难度!A$1:C$135,2,0)*0.91*E3,0) -> 3686 | N3: =ROUND(M3*1.2,0) -> 4423 | O3: =VLOOKUP(B3,怪物抗性与玩家穿透!A$2:Q$74,4,0) -> 20 | P3: =VLOOKUP(B3,怪物抗性与玩家穿透!A$2:Q$74,5,0) -> 0 | Q3: =P3 -> 0 | R3: =VLOOKUP(B3,[3]battleParameter.xml!$A$6:$E$107,5,0)*(I3/100)/(1-I3/100) -> 0 | S3: =ROUND(VLOOKUP(B3,[3]battleParameter.xml!$A$6:$G$107,7,0)*(J3/100)/(1-J3/100),0) -> 0 | T3: =ROUND(VLOOKUP(B3,[3]battleParameter.xml!$A$6:$Z$107,8,0)*(MIN(H3/100+0.2,0.99))/(1-MIN(H3/100+0.2,0.99)),0) -> 346 | U3: 0 | V3: 0
A4: =[2]monster.xml!$D349 -> 角斗士里奥 | B4: =[2]monster.xml!$C349 -> 31 | C4: =IF(OR(A4="塔克",A4="多兰",A4="约翰",A4="血誓预言者",A4="血誓召唤者",A4="血誓领主"),C3,C3+1) -> 3 | D4: =VLOOKUP(A4,怪物模型!A$15:Z$70,8,0) -> 5 | E4: =VLOOKUP(A4,怪物模型!A$15:G$70,3,0) -> 1 | F4: =VLOOKUP(A4,怪物模型!A$15:G$77,4,0) -> 1 | G4: 1 | H4: =VLOOKUP(A4,怪物模型!A$15:G$77,5,0) -> 13 | I4: =VLOOKUP(A4,怪物模型!A$15:G$77,6,0) -> 0 | J4: =VLOOKUP(A4,怪物模型!A$15:G$77,7,0) -> 0 | K4: =ROUND(VLOOKUP(C4,战士难度!A$1:C$135,3,0)/VLOOKUP(B4,怪物抗性与玩家穿透!A$2:Q$74,17,0)*F4,0) -> 51769 | L4: =IF(A4="卡雷",42,IF(A4="法力风暴",ROUND(K4*0.1,0),VLOOKUP(A4,怪物模型!$A$15:$I$70,9,0)*(1+(B4-30)/100))) -> 1010 | M4: =ROUND(VLOOKUP(C4,战士难度!A$1:C$135,2,0)*0.91*E4,0) -> 2653 | N4: =ROUND(M4*1.2,0) -> 3184 | O4: =VLOOKUP(B4,怪物抗性与玩家穿透!A$2:Q$74,4,0) -> 50 | P4: =VLOOKUP(B4,怪物抗性与玩家穿透!A$2:Q$74,5,0) -> 0 | Q4: =P4 -> 0 | R4: =VLOOKUP(B4,[3]battleParameter.xml!$A$6:$E$107,5,0)*(I4/100)/(1-I4/100) -> 0 | S4: =ROUND(VLOOKUP(B4,[3]battleParameter.xml!$A$6:$G$107,7,0)*(J4/100)/(1-J4/100),0) -> 0 | T4: =ROUND(VLOOKUP(B4,[3]battleParameter.xml!$A$6:$Z$107,8,0)*(MIN(H4/100+0.2,0.99))/(1-MIN(H4/100+0.2,0.99)),0) -> 369 | U4: 0 | V4: 0
A5: =[2]monster.xml!$D350 -> 荒野游侠 | B5: =[2]monster.xml!$C350 -> 31 | C5: =IF(OR(A5="塔克",A5="多兰",A5="约翰",A5="血誓预言者",A5="血誓召唤者",A5="血誓领主"),C4,C4+1) -> 4 | D5: =VLOOKUP(A5,怪物模型!A$15:Z$70,8,0) -> 16 | E5: =VLOOKUP(A5,怪物模型!A$15:G$70,3,0) -> 1 | F5: =VLOOKUP(A5,怪物模型!A$15:G$77,4,0) -> 0.8 | G5: 1 | H5: =VLOOKUP(A5,怪物模型!A$15:G$77,5,0) -> 35 | I5: =VLOOKUP(A5,怪物模型!A$15:G$77,6,0) -> 0 | J5: =VLOOKUP(A5,怪物模型!A$15:G$77,7,0) -> 0 | K5: =ROUND(VLOOKUP(C5,战士难度!A$1:C$135,3,0)/VLOOKUP(B5,怪物抗性与玩家穿透!A$2:Q$74,17,0)*F5,0) -> 46835 | L5: =IF(A5="卡雷",42,IF(A5="法力风暴",ROUND(K5*0.1,0),VLOOKUP(A5,怪物模型!$A$15:$I$70,9,0)*(1+(B5-30)/100))) -> 2020 | M5: =ROUND(VLOOKUP(C5,战士难度!A$1:C$135,2,0)*0.91*E5,0) -> 2784 | N5: =ROUND(M5*1.2,0) -> 3341 | O5: =VLOOKUP(B5,怪物抗性与玩家穿透!A$2:Q$74,4,0) -> 50 | P5: =VLOOKUP(B5,怪物抗性与玩家穿透!A$2:Q$74,5,0) -> 0 | Q5: =P5 -> 0 | R5: =VLOOKUP(B5,[3]battleParameter.xml!$A$6:$E$107,5,0)*(I5/100)/(1-I5/100) -> 0 | S5: =ROUND(VLOOKUP(B5,[3]battleParameter.xml!$A$6:$G$107,7,0)*(J5/100)/(1-J5/100),0) -> 0 | T5: =ROUND(VLOOKUP(B5,[3]battleParameter.xml!$A$6:$Z$107,8,0)*(MIN(H5/100+0.2,0.99))/(1-MIN(H5/100+0.2,0.99)),0) -> 917 | U5: 0 | V5: 0
A6: =[2]monster.xml!$D351 -> 憾地者 | B6: =[2]monster.xml!$C351 -> 31 | C6: =IF(OR(A6="塔克",A6="多兰",A6="约翰",A6="血誓预言者",A6="血誓召唤者",A6="血誓领主"),C5,C5+1) -> 5 | D6: =VLOOKUP(A6,怪物模型!A$15:Z$70,8,0) -> 4 | E6: =VLOOKUP(A6,怪物模型!A$15:G$70,3,0) -> 0.85 | F6: =VLOOKUP(A6,怪物模型!A$15:G$77,4,0) -> 1 | G6: 1 | H6: =VLOOKUP(A6,怪物模型!A$15:G$77,5,0) -> 13 | I6: =VLOOKUP(A6,怪物模型!A$15:G$77,6,0) -> 0 | J6: =VLOOKUP(A6,怪物模型!A$15:G$77,7,0) -> 0 | K6: =ROUND(VLOOKUP(C6,战士难度!A$1:C$135,3,0)/VLOOKUP(B6,怪物抗性与玩家穿透!A$2:Q$74,17,0)*F6,0) -> 66205 | L6: =IF(A6="卡雷",42,IF(A6="法力风暴",ROUND(K6*0.1,0),VLOOKUP(A6,怪物模型!$A$15:$I$70,9,0)*(1+(B6-30)/100))) -> 1010 | M6: =ROUND(VLOOKUP(C6,战士难度!A$1:C$135,2,0)*0.91*E6,0) -> 2483 | N6: =ROUND(M6*1.2,0) -> 2980 | O6: =VLOOKUP(B6,怪物抗性与玩家穿透!A$2:Q$74,4,0) -> 50 | P6: =VLOOKUP(B6,怪物抗性与玩家穿透!A$2:Q$74,5,0) -> 0 | Q6: =P6 -> 0 | R6: =VLOOKUP(B6,[3]battleParameter.xml!$A$6:$E$107,5,0)*(I6/100)/(1-I6/100) -> 0 | S6: =ROUND(VLOOKUP(B6,[3]battleParameter.xml!$A$6:$G$107,7,0)*(J6/100)/(1-J6/100),0) -> 0 | T6: =ROUND(VLOOKUP(B6,[3]battleParameter.xml!$A$6:$Z$107,8,0)*(MIN(H6/100+0.2,0.99))/(1-MIN(H6/100+0.2,0.99)),0) -> 369 | U6: 0 | V6: 0
A7: =[2]monster.xml!$D352 -> 拉兹 | B7: =[2]monster.xml!$C352 -> 32 | C7: =IF(OR(A7="塔克",A7="多兰",A7="约翰",A7="血誓预言者",A7="血誓召唤者",A7="血誓领主"),C6,C6+1) -> 6 | D7: =VLOOKUP(A7,怪物模型!A$15:Z$70,8,0) -> 10 | E7: =VLOOKUP(A7,怪物模型!A$15:G$70,3,0) -> 1.2 | F7: =VLOOKUP(A7,怪物模型!A$15:G$77,4,0) -> 1 | G7: 1 | H7: =VLOOKUP(A7,怪物模型!A$15:G$77,5,0) -> 13 | I7: =VLOOKUP(A7,怪物模型!A$15:G$77,6,0) -> 0 | J7: =VLOOKUP(A7,怪物模型!A$15:G$77,7,0) -> 20 | K7: =ROUND(VLOOKUP(C7,战士难度!A$1:C$135,3,0)/VLOOKUP(B7,怪物抗性与玩家穿透!A$2:Q$74,17,0)*F7,0) -> 77082 | L7: =IF(A7="卡雷",42,IF(A7="法力风暴",ROUND(K7*0.1,0),VLOOKUP(A7,怪物模型!$A$15:$I$70,9,0)*(1+(B7-30)/100))) -> 2040 | M7: =ROUND(VLOOKUP(C7,战士难度!A$1:C$135,2,0)*0.91*E7,0) -> 3738 | N7: =ROUND(M7*1.2,0) -> 4486 | O7: =VLOOKUP(B7,怪物抗性与玩家穿透!A$2:Q$74,4,0) -> 80 | P7: =VLOOKUP(B7,怪物抗性与玩家穿透!A$2:Q$74,5,0) -> 10 | Q7: =P7 -> 10 | R7: =VLOOKUP(B7,[3]battleParameter.xml!$A$6:$E$107,5,0)*(I7/100)/(1-I7/100) -> 0 | S7: =ROUND(VLOOKUP(B7,[3]battleParameter.xml!$A$6:$G$107,7,0)*(J7/100)/(1-J7/100),0) -> 798 | T7: =ROUND(VLOOKUP(B7,[3]battleParameter.xml!$A$6:$Z$107,8,0)*(MIN(H7/100+0.2,0.99))/(1-MIN(H7/100+0.2,0.99)),0) -> 393 | U7: 0 | V7: 0
A8: =[2]monster.xml!$D353 -> 塔克 | B8: =[2]monster.xml!$C353 -> 32 | C8: =IF(OR(A8="塔克",A8="多兰",A8="约翰",A8="血誓预言者",A8="血誓召唤者",A8="血誓领主"),C7,C7+1) -> 6 | D8: =VLOOKUP(A8,怪物模型!A$15:Z$70,8,0) -> 3 | E8: =VLOOKUP(A8,怪物模型!A$15:G$70,3,0) -> 0.35 | F8: =VLOOKUP(A8,怪物模型!A$15:G$77,4,0) -> 0.6 | G8: 1 | H8: =VLOOKUP(A8,怪物模型!A$15:G$77,5,0) -> 13 | I8: =VLOOKUP(A8,怪物模型!A$15:G$77,6,0) -> 0 | J8: =VLOOKUP(A8,怪物模型!A$15:G$77,7,0) -> 0 | K8: =ROUND(VLOOKUP(C8,战士难度!A$1:C$135,3,0)/VLOOKUP(B8,怪物抗性与玩家穿透!A$2:Q$74,17,0)*F8,0) -> 46249 | L8: =IF(A8="卡雷",42,IF(A8="法力风暴",ROUND(K8*0.1,0),VLOOKUP(A8,怪物模型!$A$15:$I$70,9,0)*(1+(B8-30)/100))) -> 1020 | M8: =ROUND(VLOOKUP(C8,战士难度!A$1:C$135,2,0)*0.91*E8,0) -> 1090 | N8: =ROUND(M8*1.2,0) -> 1308 | O8: =VLOOKUP(B8,怪物抗性与玩家穿透!A$2:Q$74,4,0) -> 80 | P8: =VLOOKUP(B8,怪物抗性与玩家穿透!A$2:Q$74,5,0) -> 10 | Q8: =P8 -> 10 | R8: =VLOOKUP(B8,[3]battleParameter.xml!$A$6:$E$107,5,0)*(I8/100)/(1-I8/100) -> 0 | S8: =ROUND(VLOOKUP(B8,[3]battleParameter.xml!$A$6:$G$107,7,0)*(J8/100)/(1-J8/100),0) -> 0 | T8: =ROUND(VLOOKUP(B8,[3]battleParameter.xml!$A$6:$Z$107,8,0)*(MIN(H8/100+0.2,0.99))/(1-MIN(H8/100+0.2,0.99)),0) -> 393 | U8: 0 | V8: 0
A9: =[2]monster.xml!$D354 -> 迪皮斯 | B9: =[2]monster.xml!$C354 -> 32 | C9: =IF(OR(A9="塔克",A9="多兰",A9="约翰",A9="血誓预言者",A9="血誓召唤者",A9="血誓领主"),C8,C8+1) -> 7 | D9: =VLOOKUP(A9,怪物模型!A$15:Z$70,8,0) -> 17,14 | E9: =VLOOKUP(A9,怪物模型!A$15:G$70,3,0) -> 0.6 | F9: =VLOOKUP(A9,怪物模型!A$15:G$77,4,0) -> 0.4 | G9: 1 | H9: =VLOOKUP(A9,怪物模型!A$15:G$77,5,0) -> 13 | I9: =VLOOKUP(A9,怪物模型!A$15:G$77,6,0) -> 0 | J9: =VLOOKUP(A9,怪物模型!A$15:G$77,7,0) -> 0 | K9: =ROUND(VLOOKUP(C9,战士难度!A$1:C$135,3,0)/VLOOKUP(B9,怪物抗性与玩家穿透!A$2:Q$74,17,0)*F9,0) -> 34458 | L9: =IF(A9="卡雷",42,IF(A9="法力风暴",ROUND(K9*0.1,0),VLOOKUP(A9,怪物模型!$A$15:$I$70,9,0)*(1+(B9-30)/100))) -> 1020 | M9: =ROUND(VLOOKUP(C9,战士难度!A$1:C$135,2,0)*0.91*E9,0) -> 1973 | N9: =ROUND(M9*1.2,0) -> 2368 | O9: =VLOOKUP(B9,怪物抗性与玩家穿透!A$2:Q$74,4,0) -> 80 | P9: =VLOOKUP(B9,怪物抗性与玩家穿透!A$2:Q$74,5,0) -> 10 | Q9: =P9 -> 10 | R9: =VLOOKUP(B9,[3]battleParameter.xml!$A$6:$E$107,5,0)*(I9/100)/(1-I9/100) -> 0 | S9: =ROUND(VLOOKUP(B9,[3]battleParameter.xml!$A$6:$G$107,7,0)*(J9/100)/(1-J9/100),0) -> 0 | T9: =ROUND(VLOOKUP(B9,[3]battleParameter.xml!$A$6:$Z$107,8,0)*(MIN(H9/100+0.2,0.99))/(1-MIN(H9/100+0.2,0.99)),0) -> 393 | U9: 0 | V9: 0
A10: =[2]monster.xml!$D355 -> 狂野安东尼 | B10: =[2]monster.xml!$C355 -> 33 | C10: =IF(OR(A10="塔克",A10="多兰",A10="约翰",A10="血誓预言者",A10="血誓召唤者",A10="血誓领主"),C9,C9+1) -> 8 | D10: =VLOOKUP(A10,怪物模型!A$15:Z$70,8,0) -> 7 | E10: =VLOOKUP(A10,怪物模型!A$15:G$70,3,0) -> 1 | F10: =VLOOKUP(A10,怪物模型!A$15:G$77,4,0) -> 1 | G10: 1 | H10: =VLOOKUP(A10,怪物模型!A$15:G$77,5,0) -> 13 | I10: =VLOOKUP(A10,怪物模型!A$15:G$77,6,0) -> 0 | J10: =VLOOKUP(A10,怪物模型!A$15:G$77,7,0) -> 0 | K10: =ROUND(VLOOKUP(C10,战士难度!A$1:C$135,3,0)/VLOOKUP(B10,怪物抗性与玩家穿透!A$2:Q$74,17,0)*F10,0) -> 95276 | L10: =IF(A10="卡雷",42,IF(A10="法力风暴",ROUND(K10*0.1,0),VLOOKUP(A10,怪物模型!$A$15:$I$70,9,0)*(1+(B10-30)/100))) -> 1030 | M10: =ROUND(VLOOKUP(C10,战士难度!A$1:C$135,2,0)*0.91*E10,0) -> 3472 | N10: =ROUND(M10*1.2,0) -> 4166 | O10: =VLOOKUP(B10,怪物抗性与玩家穿透!A$2:Q$74,4,0) -> 110 | P10: =VLOOKUP(B10,怪物抗性与玩家穿透!A$2:Q$74,5,0) -> 20 | Q10: =P10 -> 20 | R10: =VLOOKUP(B10,[3]battleParameter.xml!$A$6:$E$107,5,0)*(I10/100)/(1-I10/100) -> 0 | S10: =ROUND(VLOOKUP(B10,[3]battleParameter.xml!$A$6:$G$107,7,0)*(J10/100)/(1-J10/100),0) -> 0 | T10: =ROUND(VLOOKUP(B10,[3]battleParameter.xml!$A$6:$Z$107,8,0)*(MIN(H10/100+0.2,0.99))/(1-MIN(H10/100+0.2,0.99)),0) -> 417 | U10: 0 | V10: 0
A11: =[2]monster.xml!$D356 -> 巡林者瑞克 | B11: =[2]monster.xml!$C356 -> 34 | C11: =IF(OR(A11="塔克",A11="多兰",A11="约翰",A11="血誓预言者",A11="血誓召唤者",A11="血誓领主"),C10,C10+1) -> 9 | D11: =VLOOKUP(A11,怪物模型!A$15:Z$70,8,0) -> 15 | E11: =VLOOKUP(A11,怪物模型!A$15:G$70,3,0) -> 1 | F11: =VLOOKUP(A11,怪物模型!A$15:G$77,4,0) -> 1 | G11: 1 | H11: =VLOOKUP(A11,怪物模型!A$15:G$77,5,0) -> 13 | I11: =VLOOKUP(A11,怪物模型!A$15:G$77,6,0) -> 0 | J11: =VLOOKUP(A11,怪物模型!A$15:G$77,7,0) -> 0 | K11: =ROUND(VLOOKUP(C11,战士难度!A$1:C$135,3,0)/VLOOKUP(B11,怪物抗性与玩家穿透!A$2:Q$74,17,0)*F11,0) -> 109493 | L11: =IF(A11="卡雷",42,IF(A11="法力风暴",ROUND(K11*0.1,0),VLOOKUP(A11,怪物模型!$A$15:$I$70,9,0)*(1+(B11-30)/100))) -> 1040 | M11: =ROUND(VLOOKUP(C11,战士难度!A$1:C$135,2,0)*0.91*E11,0) -> 3732 | N11: =ROUND(M11*1.2,0) -> 4478 | O11: =VLOOKUP(B11,怪物抗性与玩家穿透!A$2:Q$74,4,0) -> 140 | P11: =VLOOKUP(B11,怪物抗性与玩家穿透!A$2:Q$74,5,0) -> 30 | Q11: =P11 -> 30 | R11: =VLOOKUP(B11,[3]battleParameter.xml!$A$6:$E$107,5,0)*(I11/100)/(1-I11/100) -> 0 | S11: =ROUND(VLOOKUP(B11,[3]battleParameter.xml!$A$6:$G$107,7,0)*(J11/100)/(1-J11/100),0) -> 0 | T11: =ROUND(VLOOKUP(B11,[3]battleParameter.xml!$A$6:$Z$107,8,0)*(MIN(H11/100+0.2,0.99))/(1-MIN(H11/100+0.2,0.99)),0) -> 442 | U11: 0 | V11: 0
A12: =[2]monster.xml!$D357 -> 战士幻象 | B12: =[2]monster.xml!$C357 -> 35 | C12: =IF(OR(A12="塔克",A12="多兰",A12="约翰",A12="血誓预言者",A12="血誓召唤者",A12="血誓领主"),C11,C11+1) -> 10 | D12: =VLOOKUP(A12,怪物模型!A$15:Z$70,8,0) -> 3 | E12: =VLOOKUP(A12,怪物模型!A$15:G$70,3,0) -> 1 | F12: =VLOOKUP(A12,怪物模型!A$15:G$77,4,0) -> 1 | G12: 1 | H12: =VLOOKUP(A12,怪物模型!A$15:G$77,5,0) -> 13 | I12: =VLOOKUP(A12,怪物模型!A$15:G$77,6,0) -> 0 | J12: =VLOOKUP(A12,怪物模型!A$15:G$77,7,0) -> 30 | K12: =ROUND(VLOOKUP(C12,战士难度!A$1:C$135,3,0)/VLOOKUP(B12,怪物抗性与玩家穿透!A$2:Q$74,17,0)*F12,0) -> 52983 | L12: =IF(A12="卡雷",42,IF(A12="法力风暴",ROUND(K12*0.1,0),VLOOKUP(A12,怪物模型!$A$15:$I$70,9,0)*(1+(B12-30)/100))) -> 525 | M12: =ROUND(VLOOKUP(C12,战士难度!A$1:C$135,2,0)*0.91*E12,0) -> 3472 | N12: =ROUND(M12*1.2,0) -> 4166 | O12: =VLOOKUP(B12,怪物抗性与玩家穿透!A$2:Q$74,4,0) -> 170 | P12: =VLOOKUP(B12,怪物抗性与玩家穿透!A$2:Q$74,5,0) -> 40 | Q12: =P12 -> 40 | R12: =VLOOKUP(B12,[3]battleParameter.xml!$A$6:$E$107,5,0)*(I12/100)/(1-I12/100) -> 0 | S12: =ROUND(VLOOKUP(B12,[3]battleParameter.xml!$A$6:$G$107,7,0)*(J12/100)/(1-J12/100),0) -> 1629 | T12: =ROUND(VLOOKUP(B12,[3]battleParameter.xml!$A$6:$Z$107,8,0)*(MIN(H12/100+0.2,0.99))/(1-MIN(H12/100+0.2,0.99)),0) -> 468 | U12: 0 | V12: 0
A13: =[2]monster.xml!$D358 -> 法力风暴 | B13: =[2]monster.xml!$C358 -> 35 | C13: =IF(OR(A13="塔克",A13="多兰",A13="约翰",A13="血誓预言者",A13="血誓召唤者",A13="血誓领主"),C12,C12+1) -> 11 | D13: =VLOOKUP(A13,怪物模型!A$15:Z$70,8,0) -> 25,30 | E13: =VLOOKUP(A13,怪物模型!A$15:G$70,3,0) -> 1.5 | F13: =VLOOKUP(A13,怪物模型!A$15:G$77,4,0) -> 0.68 | G13: 1 | H13: =VLOOKUP(A13,怪物模型!A$15:G$77,5,0) -> 13 | I13: =VLOOKUP(A13,怪物模型!A$15:G$77,6,0) -> 0 | J13: =VLOOKUP(A13,怪物模型!A$15:G$77,7,0) -> 0 | K13: =ROUND(VLOOKUP(C13,战士难度!A$1:C$135,3,0)/VLOOKUP(B13,怪物抗性与玩家穿透!A$2:Q$74,17,0)*F13,0) -> 43427 | L13: =IF(A13="卡雷",42,IF(A13="法力风暴",ROUND(K13*0.1,0),VLOOKUP(A13,怪物模型!$A$15:$I$70,9,0)*(1+(B13-30)/100))) -> 4343 | M13: =ROUND(VLOOKUP(C13,战士难度!A$1:C$135,2,0)*0.91*E13,0) -> 5721 | N13: =ROUND(M13*1.2,0) -> 6865 | O13: =VLOOKUP(B13,怪物抗性与玩家穿透!A$2:Q$74,4,0) -> 170 | P13: =VLOOKUP(B13,怪物抗性与玩家穿透!A$2:Q$74,5,0) -> 40 | Q13: =P13 -> 40 | R13: =VLOOKUP(B13,[3]battleParameter.xml!$A$6:$E$107,5,0)*(I13/100)/(1-I13/100) -> 0 | S13: =ROUND(VLOOKUP(B13,[3]battleParameter.xml!$A$6:$G$107,7,0)*(J13/100)/(1-J13/100),0) -> 0 | T13: =ROUND(VLOOKUP(B13,[3]battleParameter.xml!$A$6:$Z$107,8,0)*(MIN(H13/100+0.2,0.99))/(1-MIN(H13/100+0.2,0.99)),0) -> 468 | U13: 0 | V13: 0
A14: =[2]monster.xml!$D359 -> 角斗士里奥 | B14: =[2]monster.xml!$C359 -> 36 | C14: =IF(OR(A14="塔克",A14="多兰",A14="约翰",A14="血誓预言者",A14="血誓召唤者",A14="血誓领主"),C13,C13+1) -> 12 | D14: =VLOOKUP(A14,怪物模型!A$15:Z$70,8,0) -> 5 | E14: =VLOOKUP(A14,怪物模型!A$15:G$70,3,0) -> 1 | F14: =VLOOKUP(A14,怪物模型!A$15:G$77,4,0) -> 1 | G14: 1 | H14: =VLOOKUP(A14,怪物模型!A$15:G$77,5,0) -> 13 | I14: =VLOOKUP(A14,怪物模型!A$15:G$77,6,0) -> 0 | J14: =VLOOKUP(A14,怪物模型!A$15:G$77,7,0) -> 0 | K14: =ROUND(VLOOKUP(C14,战士难度!A$1:C$135,3,0)/VLOOKUP(B14,怪物抗性与玩家穿透!A$2:Q$74,17,0)*F14,0) -> 81344 | L14: =IF(A14="卡雷",42,IF(A14="法力风暴",ROUND(K14*0.1,0),VLOOKUP(A14,怪物模型!$A$15:$I$70,9,0)*(1+(B14-30)/100))) -> 1060 | M14: =ROUND(VLOOKUP(C14,战士难度!A$1:C$135,2,0)*0.91*E14,0) -> 4324 | N14: =ROUND(M14*1.2,0) -> 5189 | O14: =VLOOKUP(B14,怪物抗性与玩家穿透!A$2:Q$74,4,0) -> 200 | P14: =VLOOKUP(B14,怪物抗性与玩家穿透!A$2:Q$74,5,0) -> 50 | Q14: =P14 -> 50 | R14: =VLOOKUP(B14,[3]battleParameter.xml!$A$6:$E$107,5,0)*(I14/100)/(1-I14/100) -> 0 | S14: =ROUND(VLOOKUP(B14,[3]battleParameter.xml!$A$6:$G$107,7,0)*(J14/100)/(1-J14/100),0) -> 0 | T14: =ROUND(VLOOKUP(B14,[3]battleParameter.xml!$A$6:$Z$107,8,0)*(MIN(H14/100+0.2,0.99))/(1-MIN(H14/100+0.2,0.99)),0) -> 494 | U14: 0 | V14: 0
... A164: =[2]monster.xml!$D509 -> 暴君泰伦 | B164: =[2]monster.xml!$C509 -> 102 | C164: =IF(OR(A164="塔克",A164="多兰",A164="约翰",A164="血誓预言者",A164="血誓召唤者",A164="血誓领主"),C163,C163+1) -> 135 | D164: =VLOOKUP(A164,怪物模型!A$15:Z$70,8,0) -> 10,9 | E164: =VLOOKUP(A164,怪物模型!A$15:G$70,3,0) -> 1.2 | F164: =VLOOKUP(A164,怪物模型!A$15:G$77,4,0) -> 1.15 | G164: 1 | H164: =VLOOKUP(A164,怪物模型!A$15:G$77,5,0) -> 15 | I164: =VLOOKUP(A164,怪物模型!A$15:G$77,6,0) -> 0 | J164: =VLOOKUP(A164,怪物模型!A$15:G$77,7,0) -> 15 | K164: =ROUND(VLOOKUP(C164,战士难度!A$1:C$135,3,0)/VLOOKUP(B164,怪物抗性与玩家穿透!A$2:Q$74,17,0)*F164,0) -> 4950601 | L164: =IF(A164="卡雷",42,IF(A164="法力风暴",ROUND(K164*0.1,0),VLOOKUP(A164,怪物模型!$A$15:$I$70,9,0)*(1+(B164-30)/100))) -> 5160 | M164: =ROUND(VLOOKUP(C164,战士难度!A$1:C$135,2,0)*0.91*E164,0) -> 2192027 | N164: =ROUND(M164*1.2,0) -> 2630432 | O164: =VLOOKUP(B164,怪物抗性与玩家穿透!A$2:Q$74,4,0) -> 37000 | P164: =VLOOKUP(B164,怪物抗性与玩家穿透!A$2:Q$74,5,0) -> 12800 | Q164: =P164 -> 12800 | R164: =VLOOKUP(B164,[3]battleParameter.xml!$A$6:$E$107,5,0)*(I164/100)/(1-I164/100) -> 0 | S164: =ROUND(VLOOKUP(B164,[3]battleParameter.xml!$A$6:$G$107,7,0)*(J164/100)/(1-J164/100),0) -> 5554 | T164: =ROUND(VLOOKUP(B164,[3]battleParameter.xml!$A$6:$Z$107,8,0)*(MIN(H164/100+0.2,0.99))/(1-MIN(H164/100+0.2,0.99)),0) -> 4236 | U164: 0 | V164: 0
A165: =[2]monster.xml!$D510 -> 猎人幻象 | B165: =[2]monster.xml!$C510 -> 30 | C165: 1 | D165: =VLOOKUP(A165,怪物模型!A$15:Z$70,8,0) -> 11 | E165: =VLOOKUP(A165,怪物模型!A$15:G$70,3,0) -> 1 | F165: =VLOOKUP(A165,怪物模型!A$15:G$77,4,0) -> 1 | G165: 1 | H165: =VLOOKUP(A165,怪物模型!A$15:G$77,5,0) -> 13 | I165: =VLOOKUP(A165,怪物模型!A$15:G$77,6,0) -> 15 | J165: =VLOOKUP(A165,怪物模型!A$15:G$77,7,0) -> 0 | K165: =ROUND(VLOOKUP(C165,猎人难度!A$1:C$135,3,0)/VLOOKUP(B165,怪物抗性与玩家穿透!A$2:Q$74,17,0)*F165,0) -> 65758 | L165: =IF(A165="卡雷",42,IF(A165="法力风暴",ROUND(K165*0.1,0),VLOOKUP(A165,怪物模型!$A$15:$I$70,9,0)*(1+(B165-30)/100))) -> 1000 | M165: =ROUND(VLOOKUP(C165,猎人难度!A$1:C$135,2,0)*0.91*E165,0) -> 1549 | N165: =ROUND(M165*1.2,0) -> 1859 | O165: =VLOOKUP(B165,怪物抗性与玩家穿透!A$2:Q$74,4,0) -> 20 | P165: =VLOOKUP(B165,怪物抗性与玩家穿透!A$2:Q$74,5,0) -> 0 | Q165: =P165 -> 0 | R165: =ROUND(VLOOKUP(B165,[3]battleParameter.xml!$A$6:$E$107,5,0)*(I165/100)/(1-I165/100),0) -> 497 | S165: =ROUND(VLOOKUP(B165,[3]battleParameter.xml!$A$6:$G$107,7,0)*(J165/100)/(1-J165/100),0) -> 0 | T165: =ROUND(VLOOKUP(B165,[3]battleParameter.xml!$A$6:$Z$107,8,0)*(MIN(H165/100+0.2,0.99))/(1-MIN(H165/100+0.2,0.99)),0) -> 346 | U165: 0 | V165: 0
A166: =[2]monster.xml!$D511 -> 法力风暴 | B166: =[2]monster.xml!$C511 -> 30 | C166: =IF(OR(A166="塔克",A166="多兰",A166="约翰",A166="血誓预言者",A166="血誓召唤者",A166="血誓领主"),C165,C165+1) -> 2 | D166: =VLOOKUP(A166,怪物模型!A$15:Z$70,8,0) -> 25,30 | E166: =VLOOKUP(A166,怪物模型!A$15:G$70,3,0) -> 1.5 | F166: =VLOOKUP(A166,怪物模型!A$15:G$77,4,0) -> 0.68 | G166: 1 | H166: =VLOOKUP(A166,怪物模型!A$15:G$77,5,0) -> 13 | I166: =VLOOKUP(A166,怪物模型!A$15:G$77,6,0) -> 0 | J166: =VLOOKUP(A166,怪物模型!A$15:G$77,7,0) -> 0 | K166: =ROUND(VLOOKUP(C166,猎人难度!A$1:C$135,3,0)/VLOOKUP(B166,怪物抗性与玩家穿透!A$2:Q$74,17,0)*F166,0) -> 54128 | L166: =IF(A166="卡雷",42,IF(A166="法力风暴",ROUND(K166*0.1,0),VLOOKUP(A166,怪物模型!$A$15:$I$70,9,0)*(1+(B166-30)/100))) -> 5413 | M166: =ROUND(VLOOKUP(C166,猎人难度!A$1:C$135,2,0)*0.91*E166,0) -> 2310 | N166: =ROUND(M166*1.2,0) -> 2772 | O166: =VLOOKUP(B166,怪物抗性与玩家穿透!A$2:Q$74,4,0) -> 20 | P166: =VLOOKUP(B166,怪物抗性与玩家穿透!A$2:Q$74,5,0) -> 0 | Q166: =P166 -> 0 | R166: =ROUND(VLOOKUP(B166,[3]battleParameter.xml!$A$6:$E$107,5,0)*(I166/100)/(1-I166/100),0) -> 0 | S166: =ROUND(VLOOKUP(B166,[3]battleParameter.xml!$A$6:$G$107,7,0)*(J166/100)/(1-J166/100),0) -> 0 | T166: =ROUND(VLOOKUP(B166,[3]battleParameter.xml!$A$6:$Z$107,8,0)*(MIN(H166/100+0.2,0.99))/(1-MIN(H166/100+0.2,0.99)),0) -> 346 | U166: 0 | V166: 0
A167: =[2]monster.xml!$D512 -> 角斗士里奥 | B167: =[2]monster.xml!$C512 -> 31 | C167: =IF(OR(A167="塔克",A167="多兰",A167="约翰",A167="血誓预言者",A167="血誓召唤者",A167="血誓领主"),C166,C166+1) -> 3 | D167: =VLOOKUP(A167,怪物模型!A$15:Z$70,8,0) -> 5 | E167: =VLOOKUP(A167,怪物模型!A$15:G$70,3,0) -> 1 | F167: =VLOOKUP(A167,怪物模型!A$15:G$77,4,0) -> 1 | G167: 1 | H167: =VLOOKUP(A167,怪物模型!A$15:G$77,5,0) -> 13 | I167: =VLOOKUP(A167,怪物模型!A$15:G$77,6,0) -> 0 | J167: =VLOOKUP(A167,怪物模型!A$15:G$77,7,0) -> 0 | K167: =ROUND(VLOOKUP(C167,猎人难度!A$1:C$135,3,0)/VLOOKUP(B167,怪物抗性与玩家穿透!A$2:Q$74,17,0)*F167,0) -> 101879 | L167: =IF(A167="卡雷",42,IF(A167="法力风暴",ROUND(K167*0.1,0),VLOOKUP(A167,怪物模型!$A$15:$I$70,9,0)*(1+(B167-30)/100))) -> 1010 | M167: =ROUND(VLOOKUP(C167,猎人难度!A$1:C$135,2,0)*0.91*E167,0) -> 1527 | N167: =ROUND(M167*1.2,0) -> 1832 | O167: =VLOOKUP(B167,怪物抗性与玩家穿透!A$2:Q$74,4,0) -> 50 | P167: =VLOOKUP(B167,怪物抗性与玩家穿透!A$2:Q$74,5,0) -> 0 | Q167: =P167 -> 0 | R167: =ROUND(VLOOKUP(B167,[3]battleParameter.xml!$A$6:$E$107,5,0)*(I167/100)/(1-I167/100),0) -> 0 | S167: =ROUND(VLOOKUP(B167,[3]battleParameter.xml!$A$6:$G$107,7,0)*(J167/100)/(1-J167/100),0) -> 0 | T167: =ROUND(VLOOKUP(B167,[3]battleParameter.xml!$A$6:$Z$107,8,0)*(MIN(H167/100+0.2,0.99))/(1-MIN(H167/100+0.2,0.99)),0) -> 369 | U167: 0 | V167: 0
A168: =[2]monster.xml!$D513 -> 荒野游侠 | B168: =[2]monster.xml!$C513 -> 31 | C168: =IF(OR(A168="塔克",A168="多兰",A168="约翰",A168="血誓预言者",A168="血誓召唤者",A168="血誓领主"),C167,C167+1) -> 4 | D168: =VLOOKUP(A168,怪物模型!A$15:Z$70,8,0) -> 16 | E168: =VLOOKUP(A168,怪物模型!A$15:G$70,3,0) -> 1 | F168: =VLOOKUP(A168,怪物模型!A$15:G$77,4,0) -> 0.8 | G168: 1 | H168: =VLOOKUP(A168,怪物模型!A$15:G$77,5,0) -> 35 | I168: =VLOOKUP(A168,怪物模型!A$15:G$77,6,0) -> 0 | J168: =VLOOKUP(A168,怪物模型!A$15:G$77,7,0) -> 0 | K168: =ROUND(VLOOKUP(C168,猎人难度!A$1:C$135,3,0)/VLOOKUP(B168,怪物抗性与玩家穿透!A$2:Q$74,17,0)*F168,0) -> 91508 | L168: =IF(A168="卡雷",42,IF(A168="法力风暴",ROUND(K168*0.1,0),VLOOKUP(A168,怪物模型!$A$15:$I$70,9,0)*(1+(B168-30)/100))) -> 2020 | M168: =ROUND(VLOOKUP(C168,猎人难度!A$1:C$135,2,0)*0.91*E168,0) -> 1517 | N168: =ROUND(M168*1.2,0) -> 1820 | O168: =VLOOKUP(B168,怪物抗性与玩家穿透!A$2:Q$74,4,0) -> 50 | P168: =VLOOKUP(B168,怪物抗性与玩家穿透!A$2:Q$74,5,0) -> 0 | Q168: =P168 -> 0 | R168: =ROUND(VLOOKUP(B168,[3]battleParameter.xml!$A$6:$E$107,5,0)*(I168/100)/(1-I168/100),0) -> 0 | S168: =ROUND(VLOOKUP(B168,[3]battleParameter.xml!$A$6:$G$107,7,0)*(J168/100)/(1-J168/100),0) -> 0 | T168: =ROUND(VLOOKUP(B168,[3]battleParameter.xml!$A$6:$Z$107,8,0)*(MIN(H168/100+0.2,0.99))/(1-MIN(H168/100+0.2,0.99)),0) -> 917 | U168: 0 | V168: 0
A169: =[2]monster.xml!$D514 -> 憾地者 | B169: =[2]monster.xml!$C514 -> 31 | C169: =IF(OR(A169="塔克",A169="多兰",A169="约翰",A169="血誓预言者",A169="血誓召唤者",A169="血誓领主"),C168,C168+1) -> 5 | D169: =VLOOKUP(A169,怪物模型!A$15:Z$70,8,0) -> 4 | E169: =VLOOKUP(A169,怪物模型!A$15:G$70,3,0) -> 0.85 | F169: =VLOOKUP(A169,怪物模型!A$15:G$77,4,0) -> 1 | G169: 1 | H169: =VLOOKUP(A169,怪物模型!A$15:G$77,5,0) -> 13 | I169: =VLOOKUP(A169,怪物模型!A$15:G$77,6,0) -> 0 | J169: =VLOOKUP(A169,怪物模型!A$15:G$77,7,0) -> 0 | K169: =ROUND(VLOOKUP(C169,猎人难度!A$1:C$135,3,0)/VLOOKUP(B169,怪物抗性与玩家穿透!A$2:Q$74,17,0)*F169,0) -> 128426 | L169: =IF(A169="卡雷",42,IF(A169="法力风暴",ROUND(K169*0.1,0),VLOOKUP(A169,怪物模型!$A$15:$I$70,9,0)*(1+(B169-30)/100))) -> 1010 | M169: =ROUND(VLOOKUP(C169,猎人难度!A$1:C$135,2,0)*0.91*E169,0) -> 1282 | N169: =ROUND(M169*1.2,0) -> 1538 | O169: =VLOOKUP(B169,怪物抗性与玩家穿透!A$2:Q$74,4,0) -> 50 | P169: =VLOOKUP(B169,怪物抗性与玩家穿透!A$2:Q$74,5,0) -> 0 | Q169: =P169 -> 0 | R169: =ROUND(VLOOKUP(B169,[3]battleParameter.xml!$A$6:$E$107,5,0)*(I169/100)/(1-I169/100),0) -> 0 | S169: =ROUND(VLOOKUP(B169,[3]battleParameter.xml!$A$6:$G$107,7,0)*(J169/100)/(1-J169/100),0) -> 0 | T169: =ROUND(VLOOKUP(B169,[3]battleParameter.xml!$A$6:$Z$107,8,0)*(MIN(H169/100+0.2,0.99))/(1-MIN(H169/100+0.2,0.99)),0) -> 369 | U169: 0 | V169: 0
A170: =[2]monster.xml!$D515 -> 拉兹 | B170: =[2]monster.xml!$C515 -> 32 | C170: =IF(OR(A170="塔克",A170="多兰",A170="约翰",A170="血誓预言者",A170="血誓召唤者",A170="血誓领主"),C169,C169+1) -> 6 | D170: =VLOOKUP(A170,怪物模型!A$15:Z$70,8,0) -> 10 | E170: =VLOOKUP(A170,怪物模型!A$15:G$70,3,0) -> 1.2 | F170: =VLOOKUP(A170,怪物模型!A$15:G$77,4,0) -> 1 | G170: 1 | H170: =VLOOKUP(A170,怪物模型!A$15:G$77,5,0) -> 13 | I170: =VLOOKUP(A170,怪物模型!A$15:G$77,6,0) -> 0 | J170: =VLOOKUP(A170,怪物模型!A$15:G$77,7,0) -> 20 | K170: =ROUND(VLOOKUP(C170,猎人难度!A$1:C$135,3,0)/VLOOKUP(B170,怪物抗性与玩家穿透!A$2:Q$74,17,0)*F170,0) -> 148097 | L170: =IF(A170="卡雷",42,IF(A170="法力风暴",ROUND(K170*0.1,0),VLOOKUP(A170,怪物模型!$A$15:$I$70,9,0)*(1+(B170-30)/100))) -> 2040 | M170: =ROUND(VLOOKUP(C170,猎人难度!A$1:C$135,2,0)*0.91*E170,0) -> 1794 | N170: =ROUND(M170*1.2,0) -> 2153 | O170: =VLOOKUP(B170,怪物抗性与玩家穿透!A$2:Q$74,4,0) -> 80 | P170: =VLOOKUP(B170,怪物抗性与玩家穿透!A$2:Q$74,5,0) -> 10 | Q170: =P170 -> 10 | R170: =ROUND(VLOOKUP(B170,[3]battleParameter.xml!$A$6:$E$107,5,0)*(I170/100)/(1-I170/100),0) -> 0 | S170: =ROUND(VLOOKUP(B170,[3]battleParameter.xml!$A$6:$G$107,7,0)*(J170/100)/(1-J170/100),0) -> 798 | T170: =ROUND(VLOOKUP(B170,[3]battleParameter.xml!$A$6:$Z$107,8,0)*(MIN(H170/100+0.2,0.99))/(1-MIN(H170/100+0.2,0.99)),0) -> 393 | U170: 0 | V170: 0
A171: =[2]monster.xml!$D516 -> 塔克 | B171: =[2]monster.xml!$C516 -> 32 | C171: =IF(OR(A171="塔克",A171="多兰",A171="约翰",A171="血誓预言者",A171="血誓召唤者",A171="血誓领主"),C170,C170+1) -> 6 | D171: =VLOOKUP(A171,怪物模型!A$15:Z$70,8,0) -> 3 | E171: =VLOOKUP(A171,怪物模型!A$15:G$70,3,0) -> 0.35 | F171: =VLOOKUP(A171,怪物模型!A$15:G$77,4,0) -> 0.6 | G171: 1 | H171: =VLOOKUP(A171,怪物模型!A$15:G$77,5,0) -> 13 | I171: =VLOOKUP(A171,怪物模型!A$15:G$77,6,0) -> 0 | J171: =VLOOKUP(A171,怪物模型!A$15:G$77,7,0) -> 0 | K171: =ROUND(VLOOKUP(C171,猎人难度!A$1:C$135,3,0)/VLOOKUP(B171,怪物抗性与玩家穿透!A$2:Q$74,17,0)*F171,0) -> 88858 | L171: =IF(A171="卡雷",42,IF(A171="法力风暴",ROUND(K171*0.1,0),VLOOKUP(A171,怪物模型!$A$15:$I$70,9,0)*(1+(B171-30)/100))) -> 1020 | M171: =ROUND(VLOOKUP(C171,猎人难度!A$1:C$135,2,0)*0.91*E171,0) -> 523 | N171: =ROUND(M171*1.2,0) -> 628 | O171: =VLOOKUP(B171,怪物抗性与玩家穿透!A$2:Q$74,4,0) -> 80 | P171: =VLOOKUP(B171,怪物抗性与玩家穿透!A$2:Q$74,5,0) -> 10 | Q171: =P171 -> 10 | R171: =ROUND(VLOOKUP(B171,[3]battleParameter.xml!$A$6:$E$107,5,0)*(I171/100)/(1-I171/100),0) -> 0 | S171: =ROUND(VLOOKUP(B171,[3]battleParameter.xml!$A$6:$G$107,7,0)*(J171/100)/(1-J171/100),0) -> 0 | T171: =ROUND(VLOOKUP(B171,[3]battleParameter.xml!$A$6:$Z$107,8,0)*(MIN(H171/100+0.2,0.99))/(1-MIN(H171/100+0.2,0.99)),0) -> 393 | U171: 0 | V171: 0
A172: =[2]monster.xml!$D517 -> 迪皮斯 | B172: =[2]monster.xml!$C517 -> 32 | C172: =IF(OR(A172="塔克",A172="多兰",A172="约翰",A172="血誓预言者",A172="血誓召唤者",A172="血誓领主"),C171,C171+1) -> 7 | D172: =VLOOKUP(A172,怪物模型!A$15:Z$70,8,0) -> 17,14 | E172: =VLOOKUP(A172,怪物模型!A$15:G$70,3,0) -> 0.6 | F172: =VLOOKUP(A172,怪物模型!A$15:G$77,4,0) -> 0.4 | G172: 1 | H172: =VLOOKUP(A172,怪物模型!A$15:G$77,5,0) -> 13 | I172: =VLOOKUP(A172,怪物模型!A$15:G$77,6,0) -> 0 | J172: =VLOOKUP(A172,怪物模型!A$15:G$77,7,0) -> 0 | K172: =ROUND(VLOOKUP(C172,猎人难度!A$1:C$135,3,0)/VLOOKUP(B172,怪物抗性与玩家穿透!A$2:Q$74,17,0)*F172,0) -> 65906 | L172: =IF(A172="卡雷",42,IF(A172="法力风暴",ROUND(K172*0.1,0),VLOOKUP(A172,怪物模型!$A$15:$I$70,9,0)*(1+(B172-30)/100))) -> 1020 | M172: =ROUND(VLOOKUP(C172,猎人难度!A$1:C$135,2,0)*0.91*E172,0) -> 889 | N172: =ROUND(M172*1.2,0) -> 1067 | O172: =VLOOKUP(B172,怪物抗性与玩家穿透!A$2:Q$74,4,0) -> 80 | P172: =VLOOKUP(B172,怪物抗性与玩家穿透!A$2:Q$74,5,0) -> 10 | Q172: =P172 -> 10 | R172: =ROUND(VLOOKUP(B172,[3]battleParameter.xml!$A$6:$E$107,5,0)*(I172/100)/(1-I172/100),0) -> 0 | S172: =ROUND(VLOOKUP(B172,[3]battleParameter.xml!$A$6:$G$107,7,0)*(J172/100)/(1-J172/100),0) -> 0 | T172: =ROUND(VLOOKUP(B172,[3]battleParameter.xml!$A$6:$Z$107,8,0)*(MIN(H172/100+0.2,0.99))/(1-MIN(H172/100+0.2,0.99)),0) -> 393 | U172: 0 | V172: 0
A173: =[2]monster.xml!$D518 -> 狂野安东尼 | B173: =[2]monster.xml!$C518 -> 33 | C173: =IF(OR(A173="塔克",A173="多兰",A173="约翰",A173="血誓预言者",A173="血誓召唤者",A173="血誓领主"),C172,C172+1) -> 8 | D173: =VLOOKUP(A173,怪物模型!A$15:Z$70,8,0) -> 7 | E173: =VLOOKUP(A173,怪物模型!A$15:G$70,3,0) -> 1 | F173: =VLOOKUP(A173,怪物模型!A$15:G$77,4,0) -> 1 | G173: 1 | H173: =VLOOKUP(A173,怪物模型!A$15:G$77,5,0) -> 13 | I173: =VLOOKUP(A173,怪物模型!A$15:G$77,6,0) -> 0 | J173: =VLOOKUP(A173,怪物模型!A$15:G$77,7,0) -> 0 | K173: =ROUND(VLOOKUP(C173,猎人难度!A$1:C$135,3,0)/VLOOKUP(B173,怪物抗性与玩家穿透!A$2:Q$74,17,0)*F173,0) -> 181416 | L173: =IF(A173="卡雷",42,IF(A173="法力风暴",ROUND(K173*0.1,0),VLOOKUP(A173,怪物模型!$A$15:$I$70,9,0)*(1+(B173-30)/100))) -> 1030 | M173: =ROUND(VLOOKUP(C173,猎人难度!A$1:C$135,2,0)*0.91*E173,0) -> 1470 | N173: =ROUND(M173*1.2,0) -> 1764 | O173: =VLOOKUP(B173,怪物抗性与玩家穿透!A$2:Q$74,4,0) -> 110 | P173: =VLOOKUP(B173,怪物抗性与玩家穿透!A$2:Q$74,5,0) -> 20 | Q173: =P173 -> 20 | R173: =ROUND(VLOOKUP(B173,[3]battleParameter.xml!$A$6:$E$107,5,0)*(I173/100)/(1-I173/100),0) -> 0 | S173: =ROUND(VLOOKUP(B173,[3]battleParameter.xml!$A$6:$G$107,7,0)*(J173/100)/(1-J173/100),0) -> 0 | T173: =ROUND(VLOOKUP(B173,[3]battleParameter.xml!$A$6:$Z$107,8,0)*(MIN(H173/100+0.2,0.99))/(1-MIN(H173/100+0.2,0.99)),0) -> 417 | U173: 0 | V173: 0
A174: =[2]monster.xml!$D519 -> 巡林者瑞克 | B174: =[2]monster.xml!$C519 -> 34 | C174: =IF(OR(A174="塔克",A174="多兰",A174="约翰",A174="血誓预言者",A174="血誓召唤者",A174="血誓领主"),C173,C173+1) -> 9 | D174: =VLOOKUP(A174,怪物模型!A$15:Z$70,8,0) -> 15 | E174: =VLOOKUP(A174,怪物模型!A$15:G$70,3,0) -> 1 | F174: =VLOOKUP(A174,怪物模型!A$15:G$77,4,0) -> 1 | G174: 1 | H174: =VLOOKUP(A174,怪物模型!A$15:G$77,5,0) -> 13 | I174: =VLOOKUP(A174,怪物模型!A$15:G$77,6,0) -> 0 | J174: =VLOOKUP(A174,怪物模型!A$15:G$77,7,0) -> 0 | K174: =ROUND(VLOOKUP(C174,猎人难度!A$1:C$135,3,0)/VLOOKUP(B174,怪物抗性与玩家穿透!A$2:Q$74,17,0)*F174,0) -> 207243 | L174: =IF(A174="卡雷",42,IF(A174="法力风暴",ROUND(K174*0.1,0),VLOOKUP(A174,怪物模型!$A$15:$I$70,9,0)*(1+(B174-30)/100))) -> 1040 | M174: =ROUND(VLOOKUP(C174,猎人难度!A$1:C$135,2,0)*0.91*E174,0) -> 1453 | N174: =ROUND(M174*1.2,0) -> 1744 | O174: =VLOOKUP(B174,怪物抗性与玩家穿透!A$2:Q$74,4,0) -> 140 | P174: =VLOOKUP(B174,怪物抗性与玩家穿透!A$2:Q$74,5,0) -> 30 | Q174: =P174 -> 30 | R174: =ROUND(VLOOKUP(B174,[3]battleParameter.xml!$A$6:$E$107,5,0)*(I174/100)/(1-I174/100),0) -> 0 | S174: =ROUND(VLOOKUP(B174,[3]battleParameter.xml!$A$6:$G$107,7,0)*(J174/100)/(1-J174/100),0) -> 0 | T174: =ROUND(VLOOKUP(B174,[3]battleParameter.xml!$A$6:$Z$107,8,0)*(MIN(H174/100+0.2,0.99))/(1-MIN(H174/100+0.2,0.99)),0) -> 442 | U174: 0 | V174: 0
A175: =[2]monster.xml!$D520 -> 猎人幻象 | B175: =[2]monster.xml!$C520 -> 35 | C175: =IF(OR(A175="塔克",A175="多兰",A175="约翰",A175="血誓预言者",A175="血誓召唤者",A175="血誓领主"),C174,C174+1) -> 10 | D175: =VLOOKUP(A175,怪物模型!A$15:Z$70,8,0) -> 11 | E175: =VLOOKUP(A175,怪物模型!A$15:G$70,3,0) -> 1 | F175: =VLOOKUP(A175,怪物模型!A$15:G$77,4,0) -> 1 | G175: 1 | H175: =VLOOKUP(A175,怪物模型!A$15:G$77,5,0) -> 13 | I175: =VLOOKUP(A175,怪物模型!A$15:G$77,6,0) -> 15 | J175: =VLOOKUP(A175,怪物模型!A$15:G$77,7,0) -> 0 | K175: =ROUND(VLOOKUP(C175,猎人难度!A$1:C$135,3,0)/VLOOKUP(B175,怪物抗性与玩家穿透!A$2:Q$74,17,0)*F175,0) -> 112295 | L175: =IF(A175="卡雷",42,IF(A175="法力风暴",ROUND(K175*0.1,0),VLOOKUP(A175,怪物模型!$A$15:$I$70,9,0)*(1+(B175-30)/100))) -> 1050 | M175: =ROUND(VLOOKUP(C175,猎人难度!A$1:C$135,2,0)*0.91*E175,0) -> 2246 | N175: =ROUND(M175*1.2,0) -> 2695 | O175: =VLOOKUP(B175,怪物抗性与玩家穿透!A$2:Q$74,4,0) -> 170 | P175: =VLOOKUP(B175,怪物抗性与玩家穿透!A$2:Q$74,5,0) -> 40 | Q175: =P175 -> 40 | R175: =ROUND(VLOOKUP(B175,[3]battleParameter.xml!$A$6:$E$107,5,0)*(I175/100)/(1-I175/100),0) -> 671 | S175: =ROUND(VLOOKUP(B175,[3]battleParameter.xml!$A$6:$G$107,7,0)*(J175/100)/(1-J175/100),0) -> 0 | T175: =ROUND(VLOOKUP(B175,[3]battleParameter.xml!$A$6:$Z$107,8,0)*(MIN(H175/100+0.2,0.99))/(1-MIN(H175/100+0.2,0.99)),0) -> 468 | U175: 0 | V175: 0
A176: =[2]monster.xml!$D521 -> 法力风暴 | B176: =[2]monster.xml!$C521 -> 35 | C176: =IF(OR(A176="塔克",A176="多兰",A176="约翰",A176="血誓预言者",A176="血誓召唤者",A176="血誓领主"),C175,C175+1) -> 11 | D176: =VLOOKUP(A176,怪物模型!A$15:Z$70,8,0) -> 25,30 | E176: =VLOOKUP(A176,怪物模型!A$15:G$70,3,0) -> 1.5 | F176: =VLOOKUP(A176,怪物模型!A$15:G$77,4,0) -> 0.68 | G176: 1 | H176: =VLOOKUP(A176,怪物模型!A$15:G$77,5,0) -> 13 | I176: =VLOOKUP(A176,怪物模型!A$15:G$77,6,0) -> 0 | J176: =VLOOKUP(A176,怪物模型!A$15:G$77,7,0) -> 0 | K176: =ROUND(VLOOKUP(C176,猎人难度!A$1:C$135,3,0)/VLOOKUP(B176,怪物抗性与玩家穿透!A$2:Q$74,17,0)*F176,0) -> 89682 | L176: =IF(A176="卡雷",42,IF(A176="法力风暴",ROUND(K176*0.1,0),VLOOKUP(A176,怪物模型!$A$15:$I$70,9,0)*(1+(B176-30)/100))) -> 8968 | M176: =ROUND(VLOOKUP(C176,猎人难度!A$1:C$135,2,0)*0.91*E176,0) -> 3397 | N176: =ROUND(M176*1.2,0) -> 4076 | O176: =VLOOKUP(B176,怪物抗性与玩家穿透!A$2:Q$74,4,0) -> 170 | P176: =VLOOKUP(B176,怪物抗性与玩家穿透!A$2:Q$74,5,0) -> 40 | Q176: =P176 -> 40 | R176: =ROUND(VLOOKUP(B176,[3]battleParameter.xml!$A$6:$E$107,5,0)*(I176/100)/(1-I176/100),0) -> 0 | S176: =ROUND(VLOOKUP(B176,[3]battleParameter.xml!$A$6:$G$107,7,0)*(J176/100)/(1-J176/100),0) -> 0 | T176: =ROUND(VLOOKUP(B176,[3]battleParameter.xml!$A$6:$Z$107,8,0)*(MIN(H176/100+0.2,0.99))/(1-MIN(H176/100+0.2,0.99)),0) -> 468 | U176: 0 | V176: 0
A177: =[2]monster.xml!$D522 -> 角斗士里奥 | B177: =[2]monster.xml!$C522 -> 36 | C177: =IF(OR(A177="塔克",A177="多兰",A177="约翰",A177="血誓预言者",A177="血誓召唤者",A177="血誓领主"),C176,C176+1) -> 12 | D177: =VLOOKUP(A177,怪物模型!A$15:Z$70,8,0) -> 5 | E177: =VLOOKUP(A177,怪物模型!A$15:G$70,3,0) -> 1 | F177: =VLOOKUP(A177,怪物模型!A$15:G$77,4,0) -> 1 | G177: 1 | H177: =VLOOKUP(A177,怪物模型!A$15:G$77,5,0) -> 13 | I177: =VLOOKUP(A177,怪物模型!A$15:G$77,6,0) -> 0 | J177: =VLOOKUP(A177,怪物模型!A$15:G$77,7,0) -> 0 | K177: =ROUND(VLOOKUP(C177,猎人难度!A$1:C$135,3,0)/VLOOKUP(B177,怪物抗性与玩家穿透!A$2:Q$74,17,0)*F177,0) -> 162270 | L177: =IF(A177="卡雷",42,IF(A177="法力风暴",ROUND(K177*0.1,0),VLOOKUP(A177,怪物模型!$A$15:$I$70,9,0)*(1+(B177-30)/100))) -> 1060 | M177: =ROUND(VLOOKUP(C177,猎人难度!A$1:C$135,2,0)*0.91*E177,0) -> 2290 | N177: =ROUND(M177*1.2,0) -> 2748 | O177: =VLOOKUP(B177,怪物抗性与玩家穿透!A$2:Q$74,4,0) -> 200 | P177: =VLOOKUP(B177,怪物抗性与玩家穿透!A$2:Q$74,5,0) -> 50 | Q177: =P177 -> 50 | R177: =ROUND(VLOOKUP(B177,[3]battleParameter.xml!$A$6:$E$107,5,0)*(I177/100)/(1-I177/100),0) -> 0 | S177: =ROUND(VLOOKUP(B177,[3]battleParameter.xml!$A$6:$G$107,7,0)*(J177/100)/(1-J177/100),0) -> 0 | T177: =ROUND(VLOOKUP(B177,[3]battleParameter.xml!$A$6:$Z$107,8,0)*(MIN(H177/100+0.2,0.99))/(1-MIN(H177/100+0.2,0.99)),0) -> 494 | U177: 0 | V177: 0
... A327: =[2]monster.xml!$D672 -> 暴君泰伦 | B327: =[2]monster.xml!$C672 -> 102 | C327: =IF(OR(A327="塔克",A327="多兰",A327="约翰",A327="血誓预言者",A327="血誓召唤者",A327="血誓领主"),C326,C326+1) -> 135 | D327: =VLOOKUP(A327,怪物模型!A$15:Z$70,8,0) -> 10,9 | E327: =VLOOKUP(A327,怪物模型!A$15:G$70,3,0) -> 1.2 | F327: =VLOOKUP(A327,怪物模型!A$15:G$77,4,0) -> 1.15 | G327: 1 | H327: =VLOOKUP(A327,怪物模型!A$15:G$77,5,0) -> 15 | I327: =VLOOKUP(A327,怪物模型!A$15:G$77,6,0) -> 0 | J327: =VLOOKUP(A327,怪物模型!A$15:G$77,7,0) -> 15 | K327: =ROUND(VLOOKUP(C327,猎人难度!A$1:C$135,3,0)/VLOOKUP(B327,怪物抗性与玩家穿透!A$2:Q$74,17,0)*F327,0) -> 9399375 | L327: =IF(A327="卡雷",42,IF(A327="法力风暴",ROUND(K327*0.1,0),VLOOKUP(A327,怪物模型!$A$15:$I$70,9,0)*(1+(B327-30)/100))) -> 5160 | M327: =ROUND(VLOOKUP(C327,猎人难度!A$1:C$135,2,0)*0.91*E327,0) -> 1034962 | N327: =ROUND(M327*1.2,0) -> 1241954 | O327: =VLOOKUP(B327,怪物抗性与玩家穿透!A$2:Q$74,4,0) -> 37000 | P327: =VLOOKUP(B327,怪物抗性与玩家穿透!A$2:Q$74,5,0) -> 12800 | Q327: =P327 -> 12800 | R327: =ROUND(VLOOKUP(B327,[3]battleParameter.xml!$A$6:$E$107,5,0)*(I327/100)/(1-I327/100),0) -> 0 | S327: =ROUND(VLOOKUP(B327,[3]battleParameter.xml!$A$6:$G$107,7,0)*(J327/100)/(1-J327/100),0) -> 5554 | T327: =ROUND(VLOOKUP(B327,[3]battleParameter.xml!$A$6:$Z$107,8,0)*(MIN(H327/100+0.2,0.99))/(1-MIN(H327/100+0.2,0.99)),0) -> 4236 | U327: 0 | V327: 0
A328: =[2]monster.xml!$D673 -> 法师幻象 | B328: =[2]monster.xml!$C673 -> 30 | C328: 1 | D328: =VLOOKUP(A328,怪物模型!A$15:Z$70,8,0) -> 21 | E328: =VLOOKUP(A328,怪物模型!A$15:G$70,3,0) -> 1 | F328: =VLOOKUP(A328,怪物模型!A$15:G$77,4,0) -> 1 | G328: 1 | H328: =VLOOKUP(A328,怪物模型!A$15:G$77,5,0) -> 13 | I328: =VLOOKUP(A328,怪物模型!A$15:G$77,6,0) -> 0 | J328: =VLOOKUP(A328,怪物模型!A$15:G$77,7,0) -> 0 | K328: =ROUND(VLOOKUP(C328,法师难度!A$1:C$135,3,0)/VLOOKUP(B328,怪物抗性与玩家穿透!A$2:Q$74,17,0)*F328,0) -> 40899 | L328: =IF(A328="卡雷",42,IF(A328="法力风暴",ROUND(K328*0.1,0),VLOOKUP(A328,怪物模型!$A$15:$I$70,9,0)*(1+(B328-30)/100))) -> 3000 | M328: =ROUND(VLOOKUP(C328,法师难度!A$1:C$135,2,0)*0.91*E328,0) -> 1123 | N328: =ROUND(M328*1.2,0) -> 1348 | O328: =VLOOKUP(B328,怪物抗性与玩家穿透!A$2:Q$74,4,0) -> 20 | P328: =VLOOKUP(B328,怪物抗性与玩家穿透!A$2:Q$74,5,0) -> 0 | Q328: =P328 -> 0 | R328: =ROUND(VLOOKUP(B328,[3]battleParameter.xml!$A$6:$E$107,5,0)*(I328/100)/(1-I328/100),0) -> 0 | S328: =ROUND(VLOOKUP(B328,[3]battleParameter.xml!$A$6:$G$107,7,0)*(J328/100)/(1-J328/100),0) -> 0 | T328: =ROUND(VLOOKUP(B328,[3]battleParameter.xml!$A$6:$Z$107,8,0)*(MIN(H328/100+0.2,0.99))/(1-MIN(H328/100+0.2,0.99)),0) -> 346 | U328: 0 | V328: 0
A329: =[2]monster.xml!$D674 -> 法力风暴 | B329: =[2]monster.xml!$C674 -> 30 | C329: =IF(OR(A329="塔克",A329="多兰",A329="约翰",A329="血誓预言者",A329="血誓召唤者",A329="血誓领主"),C328,C328+1) -> 2 | D329: =VLOOKUP(A329,怪物模型!A$15:Z$70,8,0) -> 25,30 | E329: =VLOOKUP(A329,怪物模型!A$15:G$70,3,0) -> 1.5 | F329: =VLOOKUP(A329,怪物模型!A$15:G$77,4,0) -> 0.68 | G329: 1 | H329: =VLOOKUP(A329,怪物模型!A$15:G$77,5,0) -> 13 | I329: =VLOOKUP(A329,怪物模型!A$15:G$77,6,0) -> 0 | J329: =VLOOKUP(A329,怪物模型!A$15:G$77,7,0) -> 0 | K329: =ROUND(VLOOKUP(C329,法师难度!A$1:C$135,3,0)/VLOOKUP(B329,怪物抗性与玩家穿透!A$2:Q$74,17,0)*F329,0) -> 34706 | L329: =IF(A329="卡雷",42,IF(A329="法力风暴",ROUND(K329*0.1,0),VLOOKUP(A329,怪物模型!$A$15:$I$70,9,0)*(1+(B329-30)/100))) -> 3471 | M329: =ROUND(VLOOKUP(C329,法师难度!A$1:C$135,2,0)*0.91*E329,0) -> 1675 | N329: =ROUND(M329*1.2,0) -> 2010 | O329: =VLOOKUP(B329,怪物抗性与玩家穿透!A$2:Q$74,4,0) -> 20 | P329: =VLOOKUP(B329,怪物抗性与玩家穿透!A$2:Q$74,5,0) -> 0 | Q329: =P329 -> 0 | R329: =ROUND(VLOOKUP(B329,[3]battleParameter.xml!$A$6:$E$107,5,0)*(I329/100)/(1-I329/100),0) -> 0 | S329: =ROUND(VLOOKUP(B329,[3]battleParameter.xml!$A$6:$G$107,7,0)*(J329/100)/(1-J329/100),0) -> 0 | T329: =ROUND(VLOOKUP(B329,[3]battleParameter.xml!$A$6:$Z$107,8,0)*(MIN(H329/100+0.2,0.99))/(1-MIN(H329/100+0.2,0.99)),0) -> 346 | U329: 0 | V329: 0
A330: =[2]monster.xml!$D675 -> 角斗士里奥 | B330: =[2]monster.xml!$C675 -> 31 | C330: =IF(OR(A330="塔克",A330="多兰",A330="约翰",A330="血誓预言者",A330="血誓召唤者",A330="血誓领主"),C329,C329+1) -> 3 | D330: =VLOOKUP(A330,怪物模型!A$15:Z$70,8,0) -> 5 | E330: =VLOOKUP(A330,怪物模型!A$15:G$70,3,0) -> 1 | F330: =VLOOKUP(A330,怪物模型!A$15:G$77,4,0) -> 1 | G330: 1 | H330: =VLOOKUP(A330,怪物模型!A$15:G$77,5,0) -> 13 | I330: =VLOOKUP(A330,怪物模型!A$15:G$77,6,0) -> 0 | J330: =VLOOKUP(A330,怪物模型!A$15:G$77,7,0) -> 0 | K330: =ROUND(VLOOKUP(C330,法师难度!A$1:C$135,3,0)/VLOOKUP(B330,怪物抗性与玩家穿透!A$2:Q$74,17,0)*F330,0) -> 68029 | L330: =IF(A330="卡雷",42,IF(A330="法力风暴",ROUND(K330*0.1,0),VLOOKUP(A330,怪物模型!$A$15:$I$70,9,0)*(1+(B330-30)/100))) -> 1010 | M330: =ROUND(VLOOKUP(C330,法师难度!A$1:C$135,2,0)*0.91*E330,0) -> 1107 | N330: =ROUND(M330*1.2,0) -> 1328 | O330: =VLOOKUP(B330,怪物抗性与玩家穿透!A$2:Q$74,4,0) -> 50 | P330: =VLOOKUP(B330,怪物抗性与玩家穿透!A$2:Q$74,5,0) -> 0 | Q330: =P330 -> 0 | R330: =ROUND(VLOOKUP(B330,[3]battleParameter.xml!$A$6:$E$107,5,0)*(I330/100)/(1-I330/100),0) -> 0 | S330: =ROUND(VLOOKUP(B330,[3]battleParameter.xml!$A$6:$G$107,7,0)*(J330/100)/(1-J330/100),0) -> 0 | T330: =ROUND(VLOOKUP(B330,[3]battleParameter.xml!$A$6:$Z$107,8,0)*(MIN(H330/100+0.2,0.99))/(1-MIN(H330/100+0.2,0.99)),0) -> 369 | U330: 0 | V330: 0
A331: =[2]monster.xml!$D676 -> 荒野游侠 | B331: =[2]monster.xml!$C676 -> 31 | C331: =IF(OR(A331="塔克",A331="多兰",A331="约翰",A331="血誓预言者",A331="血誓召唤者",A331="血誓领主"),C330,C330+1) -> 4 | D331: =VLOOKUP(A331,怪物模型!A$15:Z$70,8,0) -> 16 | E331: =VLOOKUP(A331,怪物模型!A$15:G$70,3,0) -> 1 | F331: =VLOOKUP(A331,怪物模型!A$15:G$77,4,0) -> 0.8 | G331: 1 | H331: =VLOOKUP(A331,怪物模型!A$15:G$77,5,0) -> 35 | I331: =VLOOKUP(A331,怪物模型!A$15:G$77,6,0) -> 0 | J331: =VLOOKUP(A331,怪物模型!A$15:G$77,7,0) -> 0 | K331: =ROUND(VLOOKUP(C331,法师难度!A$1:C$135,3,0)/VLOOKUP(B331,怪物抗性与玩家穿透!A$2:Q$74,17,0)*F331,0) -> 61732 | L331: =IF(A331="卡雷",42,IF(A331="法力风暴",ROUND(K331*0.1,0),VLOOKUP(A331,怪物模型!$A$15:$I$70,9,0)*(1+(B331-30)/100))) -> 2020 | M331: =ROUND(VLOOKUP(C331,法师难度!A$1:C$135,2,0)*0.91*E331,0) -> 1100 | N331: =ROUND(M331*1.2,0) -> 1320 | O331: =VLOOKUP(B331,怪物抗性与玩家穿透!A$2:Q$74,4,0) -> 50 | P331: =VLOOKUP(B331,怪物抗性与玩家穿透!A$2:Q$74,5,0) -> 0 | Q331: =P331 -> 0 | R331: =ROUND(VLOOKUP(B331,[3]battleParameter.xml!$A$6:$E$107,5,0)*(I331/100)/(1-I331/100),0) -> 0 | S331: =ROUND(VLOOKUP(B331,[3]battleParameter.xml!$A$6:$G$107,7,0)*(J331/100)/(1-J331/100),0) -> 0 | T331: =ROUND(VLOOKUP(B331,[3]battleParameter.xml!$A$6:$Z$107,8,0)*(MIN(H331/100+0.2,0.99))/(1-MIN(H331/100+0.2,0.99)),0) -> 917 | U331: 0 | V331: 0
A332: =[2]monster.xml!$D677 -> 憾地者 | B332: =[2]monster.xml!$C677 -> 31 | C332: =IF(OR(A332="塔克",A332="多兰",A332="约翰",A332="血誓预言者",A332="血誓召唤者",A332="血誓领主"),C331,C331+1) -> 5 | D332: =VLOOKUP(A332,怪物模型!A$15:Z$70,8,0) -> 4 | E332: =VLOOKUP(A332,怪物模型!A$15:G$70,3,0) -> 0.85 | F332: =VLOOKUP(A332,怪物模型!A$15:G$77,4,0) -> 1 | G332: 1 | H332: =VLOOKUP(A332,怪物模型!A$15:G$77,5,0) -> 13 | I332: =VLOOKUP(A332,怪物模型!A$15:G$77,6,0) -> 0 | J332: =VLOOKUP(A332,怪物模型!A$15:G$77,7,0) -> 0 | K332: =ROUND(VLOOKUP(C332,法师难度!A$1:C$135,3,0)/VLOOKUP(B332,怪物抗性与玩家穿透!A$2:Q$74,17,0)*F332,0) -> 87529 | L332: =IF(A332="卡雷",42,IF(A332="法力风暴",ROUND(K332*0.1,0),VLOOKUP(A332,怪物模型!$A$15:$I$70,9,0)*(1+(B332-30)/100))) -> 1010 | M332: =ROUND(VLOOKUP(C332,法师难度!A$1:C$135,2,0)*0.91*E332,0) -> 930 | N332: =ROUND(M332*1.2,0) -> 1116 | O332: =VLOOKUP(B332,怪物抗性与玩家穿透!A$2:Q$74,4,0) -> 50 | P332: =VLOOKUP(B332,怪物抗性与玩家穿透!A$2:Q$74,5,0) -> 0 | Q332: =P332 -> 0 | R332: =ROUND(VLOOKUP(B332,[3]battleParameter.xml!$A$6:$E$107,5,0)*(I332/100)/(1-I332/100),0) -> 0 | S332: =ROUND(VLOOKUP(B332,[3]battleParameter.xml!$A$6:$G$107,7,0)*(J332/100)/(1-J332/100),0) -> 0 | T332: =ROUND(VLOOKUP(B332,[3]battleParameter.xml!$A$6:$Z$107,8,0)*(MIN(H332/100+0.2,0.99))/(1-MIN(H332/100+0.2,0.99)),0) -> 369 | U332: 0 | V332: 0
A333: =[2]monster.xml!$D678 -> 拉兹 | B333: =[2]monster.xml!$C678 -> 32 | C333: =IF(OR(A333="塔克",A333="多兰",A333="约翰",A333="血誓预言者",A333="血誓召唤者",A333="血誓领主"),C332,C332+1) -> 6 | D333: =VLOOKUP(A333,怪物模型!A$15:Z$70,8,0) -> 10 | E333: =VLOOKUP(A333,怪物模型!A$15:G$70,3,0) -> 1.2 | F333: =VLOOKUP(A333,怪物模型!A$15:G$77,4,0) -> 1 | G333: 1 | H333: =VLOOKUP(A333,怪物模型!A$15:G$77,5,0) -> 13 | I333: =VLOOKUP(A333,怪物模型!A$15:G$77,6,0) -> 0 | J333: =VLOOKUP(A333,怪物模型!A$15:G$77,7,0) -> 20 | K333: =ROUND(VLOOKUP(C333,法师难度!A$1:C$135,3,0)/VLOOKUP(B333,怪物抗性与玩家穿透!A$2:Q$74,17,0)*F333,0) -> 102322 | L333: =IF(A333="卡雷",42,IF(A333="法力风暴",ROUND(K333*0.1,0),VLOOKUP(A333,怪物模型!$A$15:$I$70,9,0)*(1+(B333-30)/100))) -> 2040 | M333: =ROUND(VLOOKUP(C333,法师难度!A$1:C$135,2,0)*0.91*E333,0) -> 1302 | N333: =ROUND(M333*1.2,0) -> 1562 | O333: =VLOOKUP(B333,怪物抗性与玩家穿透!A$2:Q$74,4,0) -> 80 | P333: =VLOOKUP(B333,怪物抗性与玩家穿透!A$2:Q$74,5,0) -> 10 | Q333: =P333 -> 10 | R333: =ROUND(VLOOKUP(B333,[3]battleParameter.xml!$A$6:$E$107,5,0)*(I333/100)/(1-I333/100),0) -> 0 | S333: =ROUND(VLOOKUP(B333,[3]battleParameter.xml!$A$6:$G$107,7,0)*(J333/100)/(1-J333/100),0) -> 798 | T333: =ROUND(VLOOKUP(B333,[3]battleParameter.xml!$A$6:$Z$107,8,0)*(MIN(H333/100+0.2,0.99))/(1-MIN(H333/100+0.2,0.99)),0) -> 393 | U333: 0 | V333: 0
A334: =[2]monster.xml!$D679 -> 塔克 | B334: =[2]monster.xml!$C679 -> 32 | C334: =IF(OR(A334="塔克",A334="多兰",A334="约翰",A334="血誓预言者",A334="血誓召唤者",A334="血誓领主"),C333,C333+1) -> 6 | D334: =VLOOKUP(A334,怪物模型!A$15:Z$70,8,0) -> 3 | E334: =VLOOKUP(A334,怪物模型!A$15:G$70,3,0) -> 0.35 | F334: =VLOOKUP(A334,怪物模型!A$15:G$77,4,0) -> 0.6 | G334: 1 | H334: =VLOOKUP(A334,怪物模型!A$15:G$77,5,0) -> 13 | I334: =VLOOKUP(A334,怪物模型!A$15:G$77,6,0) -> 0 | J334: =VLOOKUP(A334,怪物模型!A$15:G$77,7,0) -> 0 | K334: =ROUND(VLOOKUP(C334,法师难度!A$1:C$135,3,0)/VLOOKUP(B334,怪物抗性与玩家穿透!A$2:Q$74,17,0)*F334,0) -> 61393 | L334: =IF(A334="卡雷",42,IF(A334="法力风暴",ROUND(K334*0.1,0),VLOOKUP(A334,怪物模型!$A$15:$I$70,9,0)*(1+(B334-30)/100))) -> 1020 | M334: =ROUND(VLOOKUP(C334,法师难度!A$1:C$135,2,0)*0.91*E334,0) -> 380 | N334: =ROUND(M334*1.2,0) -> 456 | O334: =VLOOKUP(B334,怪物抗性与玩家穿透!A$2:Q$74,4,0) -> 80 | P334: =VLOOKUP(B334,怪物抗性与玩家穿透!A$2:Q$74,5,0) -> 10 | Q334: =P334 -> 10 | R334: =ROUND(VLOOKUP(B334,[3]battleParameter.xml!$A$6:$E$107,5,0)*(I334/100)/(1-I334/100),0) -> 0 | S334: =ROUND(VLOOKUP(B334,[3]battleParameter.xml!$A$6:$G$107,7,0)*(J334/100)/(1-J334/100),0) -> 0 | T334: =ROUND(VLOOKUP(B334,[3]battleParameter.xml!$A$6:$Z$107,8,0)*(MIN(H334/100+0.2,0.99))/(1-MIN(H334/100+0.2,0.99)),0) -> 393 | U334: 0 | V334: 0
A335: =[2]monster.xml!$D680 -> 迪皮斯 | B335: =[2]monster.xml!$C680 -> 32 | C335: =IF(OR(A335="塔克",A335="多兰",A335="约翰",A335="血誓预言者",A335="血誓召唤者",A335="血誓领主"),C334,C334+1) -> 7 | D335: =VLOOKUP(A335,怪物模型!A$15:Z$70,8,0) -> 17,14 | E335: =VLOOKUP(A335,怪物模型!A$15:G$70,3,0) -> 0.6 | F335: =VLOOKUP(A335,怪物模型!A$15:G$77,4,0) -> 0.4 | G335: 1 | H335: =VLOOKUP(A335,怪物模型!A$15:G$77,5,0) -> 13 | I335: =VLOOKUP(A335,怪物模型!A$15:G$77,6,0) -> 0 | J335: =VLOOKUP(A335,怪物模型!A$15:G$77,7,0) -> 0 | K335: =ROUND(VLOOKUP(C335,法师难度!A$1:C$135,3,0)/VLOOKUP(B335,怪物抗性与玩家穿透!A$2:Q$74,17,0)*F335,0) -> 45824 | L335: =IF(A335="卡雷",42,IF(A335="法力风暴",ROUND(K335*0.1,0),VLOOKUP(A335,怪物模型!$A$15:$I$70,9,0)*(1+(B335-30)/100))) -> 1020 | M335: =ROUND(VLOOKUP(C335,法师难度!A$1:C$135,2,0)*0.91*E335,0) -> 645 | N335: =ROUND(M335*1.2,0) -> 774 | O335: =VLOOKUP(B335,怪物抗性与玩家穿透!A$2:Q$74,4,0) -> 80 | P335: =VLOOKUP(B335,怪物抗性与玩家穿透!A$2:Q$74,5,0) -> 10 | Q335: =P335 -> 10 | R335: =ROUND(VLOOKUP(B335,[3]battleParameter.xml!$A$6:$E$107,5,0)*(I335/100)/(1-I335/100),0) -> 0 | S335: =ROUND(VLOOKUP(B335,[3]battleParameter.xml!$A$6:$G$107,7,0)*(J335/100)/(1-J335/100),0) -> 0 | T335: =ROUND(VLOOKUP(B335,[3]battleParameter.xml!$A$6:$Z$107,8,0)*(MIN(H335/100+0.2,0.99))/(1-MIN(H335/100+0.2,0.99)),0) -> 393 | U335: 0 | V335: 0
A336: =[2]monster.xml!$D681 -> 狂野安东尼 | B336: =[2]monster.xml!$C681 -> 33 | C336: =IF(OR(A336="塔克",A336="多兰",A336="约翰",A336="血誓预言者",A336="血誓召唤者",A336="血誓领主"),C335,C335+1) -> 8 | D336: =VLOOKUP(A336,怪物模型!A$15:Z$70,8,0) -> 7 | E336: =VLOOKUP(A336,怪物模型!A$15:G$70,3,0) -> 1 | F336: =VLOOKUP(A336,怪物模型!A$15:G$77,4,0) -> 1 | G336: 1 | H336: =VLOOKUP(A336,怪物模型!A$15:G$77,5,0) -> 13 | I336: =VLOOKUP(A336,怪物模型!A$15:G$77,6,0) -> 0 | J336: =VLOOKUP(A336,怪物模型!A$15:G$77,7,0) -> 0 | K336: =ROUND(VLOOKUP(C336,法师难度!A$1:C$135,3,0)/VLOOKUP(B336,怪物抗性与玩家穿透!A$2:Q$74,17,0)*F336,0) -> 126937 | L336: =IF(A336="卡雷",42,IF(A336="法力风暴",ROUND(K336*0.1,0),VLOOKUP(A336,怪物模型!$A$15:$I$70,9,0)*(1+(B336-30)/100))) -> 1030 | M336: =ROUND(VLOOKUP(C336,法师难度!A$1:C$135,2,0)*0.91*E336,0) -> 1067 | N336: =ROUND(M336*1.2,0) -> 1280 | O336: =VLOOKUP(B336,怪物抗性与玩家穿透!A$2:Q$74,4,0) -> 110 | P336: =VLOOKUP(B336,怪物抗性与玩家穿透!A$2:Q$74,5,0) -> 20 | Q336: =P336 -> 20 | R336: =ROUND(VLOOKUP(B336,[3]battleParameter.xml!$A$6:$E$107,5,0)*(I336/100)/(1-I336/100),0) -> 0 | S336: =ROUND(VLOOKUP(B336,[3]battleParameter.xml!$A$6:$G$107,7,0)*(J336/100)/(1-J336/100),0) -> 0 | T336: =ROUND(VLOOKUP(B336,[3]battleParameter.xml!$A$6:$Z$107,8,0)*(MIN(H336/100+0.2,0.99))/(1-MIN(H336/100+0.2,0.99)),0) -> 417 | U336: 0 | V336: 0
A337: =[2]monster.xml!$D682 -> 巡林者瑞克 | B337: =[2]monster.xml!$C682 -> 34 | C337: =IF(OR(A337="塔克",A337="多兰",A337="约翰",A337="血誓预言者",A337="血誓召唤者",A337="血誓领主"),C336,C336+1) -> 9 | D337: =VLOOKUP(A337,怪物模型!A$15:Z$70,8,0) -> 15 | E337: =VLOOKUP(A337,怪物模型!A$15:G$70,3,0) -> 1 | F337: =VLOOKUP(A337,怪物模型!A$15:G$77,4,0) -> 1 | G337: 1 | H337: =VLOOKUP(A337,怪物模型!A$15:G$77,5,0) -> 13 | I337: =VLOOKUP(A337,怪物模型!A$15:G$77,6,0) -> 0 | J337: =VLOOKUP(A337,怪物模型!A$15:G$77,7,0) -> 0 | K337: =ROUND(VLOOKUP(C337,法师难度!A$1:C$135,3,0)/VLOOKUP(B337,怪物抗性与玩家穿透!A$2:Q$74,17,0)*F337,0) -> 146235 | L337: =IF(A337="卡雷",42,IF(A337="法力风暴",ROUND(K337*0.1,0),VLOOKUP(A337,怪物模型!$A$15:$I$70,9,0)*(1+(B337-30)/100))) -> 1040 | M337: =ROUND(VLOOKUP(C337,法师难度!A$1:C$135,2,0)*0.91*E337,0) -> 1056 | N337: =ROUND(M337*1.2,0) -> 1267 | O337: =VLOOKUP(B337,怪物抗性与玩家穿透!A$2:Q$74,4,0) -> 140 | P337: =VLOOKUP(B337,怪物抗性与玩家穿透!A$2:Q$74,5,0) -> 30 | Q337: =P337 -> 30 | R337: =ROUND(VLOOKUP(B337,[3]battleParameter.xml!$A$6:$E$107,5,0)*(I337/100)/(1-I337/100),0) -> 0 | S337: =ROUND(VLOOKUP(B337,[3]battleParameter.xml!$A$6:$G$107,7,0)*(J337/100)/(1-J337/100),0) -> 0 | T337: =ROUND(VLOOKUP(B337,[3]battleParameter.xml!$A$6:$Z$107,8,0)*(MIN(H337/100+0.2,0.99))/(1-MIN(H337/100+0.2,0.99)),0) -> 442 | U337: 0 | V337: 0
A338: =[2]monster.xml!$D683 -> 法师幻象 | B338: =[2]monster.xml!$C683 -> 35 | C338: =IF(OR(A338="塔克",A338="多兰",A338="约翰",A338="血誓预言者",A338="血誓召唤者",A338="血誓领主"),C337,C337+1) -> 10 | D338: =VLOOKUP(A338,怪物模型!A$15:Z$70,8,0) -> 21 | E338: =VLOOKUP(A338,怪物模型!A$15:G$70,3,0) -> 1 | F338: =VLOOKUP(A338,怪物模型!A$15:G$77,4,0) -> 1 | G338: 1 | H338: =VLOOKUP(A338,怪物模型!A$15:G$77,5,0) -> 13 | I338: =VLOOKUP(A338,怪物模型!A$15:G$77,6,0) -> 0 | J338: =VLOOKUP(A338,怪物模型!A$15:G$77,7,0) -> 0 | K338: =ROUND(VLOOKUP(C338,法师难度!A$1:C$135,3,0)/VLOOKUP(B338,怪物抗性与玩家穿透!A$2:Q$74,17,0)*F338,0) -> 81404 | L338: =IF(A338="卡雷",42,IF(A338="法力风暴",ROUND(K338*0.1,0),VLOOKUP(A338,怪物模型!$A$15:$I$70,9,0)*(1+(B338-30)/100))) -> 3150 | M338: =ROUND(VLOOKUP(C338,法师难度!A$1:C$135,2,0)*0.91*E338,0) -> 1650 | N338: =ROUND(M338*1.2,0) -> 1980 | O338: =VLOOKUP(B338,怪物抗性与玩家穿透!A$2:Q$74,4,0) -> 170 | P338: =VLOOKUP(B338,怪物抗性与玩家穿透!A$2:Q$74,5,0) -> 40 | Q338: =P338 -> 40 | R338: =ROUND(VLOOKUP(B338,[3]battleParameter.xml!$A$6:$E$107,5,0)*(I338/100)/(1-I338/100),0) -> 0 | S338: =ROUND(VLOOKUP(B338,[3]battleParameter.xml!$A$6:$G$107,7,0)*(J338/100)/(1-J338/100),0) -> 0 | T338: =ROUND(VLOOKUP(B338,[3]battleParameter.xml!$A$6:$Z$107,8,0)*(MIN(H338/100+0.2,0.99))/(1-MIN(H338/100+0.2,0.99)),0) -> 468 | U338: 0 | V338: 0
A339: =[2]monster.xml!$D684 -> 法力风暴 | B339: =[2]monster.xml!$C684 -> 35 | C339: =IF(OR(A339="塔克",A339="多兰",A339="约翰",A339="血誓预言者",A339="血誓召唤者",A339="血誓领主"),C338,C338+1) -> 11 | D339: =VLOOKUP(A339,怪物模型!A$15:Z$70,8,0) -> 25,30 | E339: =VLOOKUP(A339,怪物模型!A$15:G$70,3,0) -> 1.5 | F339: =VLOOKUP(A339,怪物模型!A$15:G$77,4,0) -> 0.68 | G339: 1 | H339: =VLOOKUP(A339,怪物模型!A$15:G$77,5,0) -> 13 | I339: =VLOOKUP(A339,怪物模型!A$15:G$77,6,0) -> 0 | J339: =VLOOKUP(A339,怪物模型!A$15:G$77,7,0) -> 0 | K339: =ROUND(VLOOKUP(C339,法师难度!A$1:C$135,3,0)/VLOOKUP(B339,怪物抗性与玩家穿透!A$2:Q$74,17,0)*F339,0) -> 66079 | L339: =IF(A339="卡雷",42,IF(A339="法力风暴",ROUND(K339*0.1,0),VLOOKUP(A339,怪物模型!$A$15:$I$70,9,0)*(1+(B339-30)/100))) -> 6608 | M339: =ROUND(VLOOKUP(C339,法师难度!A$1:C$135,2,0)*0.91*E339,0) -> 2499 | N339: =ROUND(M339*1.2,0) -> 2999 | O339: =VLOOKUP(B339,怪物抗性与玩家穿透!A$2:Q$74,4,0) -> 170 | P339: =VLOOKUP(B339,怪物抗性与玩家穿透!A$2:Q$74,5,0) -> 40 | Q339: =P339 -> 40 | R339: =ROUND(VLOOKUP(B339,[3]battleParameter.xml!$A$6:$E$107,5,0)*(I339/100)/(1-I339/100),0) -> 0 | S339: =ROUND(VLOOKUP(B339,[3]battleParameter.xml!$A$6:$G$107,7,0)*(J339/100)/(1-J339/100),0) -> 0 | T339: =ROUND(VLOOKUP(B339,[3]battleParameter.xml!$A$6:$Z$107,8,0)*(MIN(H339/100+0.2,0.99))/(1-MIN(H339/100+0.2,0.99)),0) -> 468 | U339: 0 | V339: 0
A340: =[2]monster.xml!$D685 -> 角斗士里奥 | B340: =[2]monster.xml!$C685 -> 36 | C340: =IF(OR(A340="塔克",A340="多兰",A340="约翰",A340="血誓预言者",A340="血誓召唤者",A340="血誓领主"),C339,C339+1) -> 12 | D340: =VLOOKUP(A340,怪物模型!A$15:Z$70,8,0) -> 5 | E340: =VLOOKUP(A340,怪物模型!A$15:G$70,3,0) -> 1 | F340: =VLOOKUP(A340,怪物模型!A$15:G$77,4,0) -> 1 | G340: 1 | H340: =VLOOKUP(A340,怪物模型!A$15:G$77,5,0) -> 13 | I340: =VLOOKUP(A340,怪物模型!A$15:G$77,6,0) -> 0 | J340: =VLOOKUP(A340,怪物模型!A$15:G$77,7,0) -> 0 | K340: =ROUND(VLOOKUP(C340,法师难度!A$1:C$135,3,0)/VLOOKUP(B340,怪物抗性与玩家穿透!A$2:Q$74,17,0)*F340,0) -> 122193 | L340: =IF(A340="卡雷",42,IF(A340="法力风暴",ROUND(K340*0.1,0),VLOOKUP(A340,怪物模型!$A$15:$I$70,9,0)*(1+(B340-30)/100))) -> 1060 | M340: =ROUND(VLOOKUP(C340,法师难度!A$1:C$135,2,0)*0.91*E340,0) -> 1687 | N340: =ROUND(M340*1.2,0) -> 2024 | O340: =VLOOKUP(B340,怪物抗性与玩家穿透!A$2:Q$74,4,0) -> 200 | P340: =VLOOKUP(B340,怪物抗性与玩家穿透!A$2:Q$74,5,0) -> 50 | Q340: =P340 -> 50 | R340: =ROUND(VLOOKUP(B340,[3]battleParameter.xml!$A$6:$E$107,5,0)*(I340/100)/(1-I340/100),0) -> 0 | S340: =ROUND(VLOOKUP(B340,[3]battleParameter.xml!$A$6:$G$107,7,0)*(J340/100)/(1-J340/100),0) -> 0 | T340: =ROUND(VLOOKUP(B340,[3]battleParameter.xml!$A$6:$Z$107,8,0)*(MIN(H340/100+0.2,0.99))/(1-MIN(H340/100+0.2,0.99)),0) -> 494 | U340: 0 | V340: 0
... A490: =[2]monster.xml!$D835 -> 暴君泰伦 | B490: =[2]monster.xml!$C835 -> 102 | C490: =IF(OR(A490="塔克",A490="多兰",A490="约翰",A490="血誓预言者",A490="血誓召唤者",A490="血誓领主"),C489,C489+1) -> 135 | D490: =VLOOKUP(A490,怪物模型!A$15:Z$70,8,0) -> 10,9 | E490: =VLOOKUP(A490,怪物模型!A$15:G$70,3,0) -> 1.2 | F490: =VLOOKUP(A490,怪物模型!A$15:G$77,4,0) -> 1.15 | G490: 1 | H490: =VLOOKUP(A490,怪物模型!A$15:G$77,5,0) -> 15 | I490: =VLOOKUP(A490,怪物模型!A$15:G$77,6,0) -> 0 | J490: =VLOOKUP(A490,怪物模型!A$15:G$77,7,0) -> 15 | K490: =ROUND(VLOOKUP(C490,法师难度!A$1:C$135,3,0)/VLOOKUP(B490,怪物抗性与玩家穿透!A$2:Q$74,17,0)*F490,0) -> 7795688 | L490: =IF(A490="卡雷",42,IF(A490="法力风暴",ROUND(K490*0.1,0),VLOOKUP(A490,怪物模型!$A$15:$I$70,9,0)*(1+(B490-30)/100))) -> 5160 | M490: =ROUND(VLOOKUP(C490,法师难度!A$1:C$135,2,0)*0.91*E490,0) -> 779448 | N490: =ROUND(M490*1.2,0) -> 935338 | O490: =VLOOKUP(B490,怪物抗性与玩家穿透!A$2:Q$74,4,0) -> 37000 | P490: =VLOOKUP(B490,怪物抗性与玩家穿透!A$2:Q$74,5,0) -> 12800 | Q490: =P490 -> 12800 | R490: =ROUND(VLOOKUP(B490,[3]battleParameter.xml!$A$6:$E$107,5,0)*(I490/100)/(1-I490/100),0) -> 0 | S490: =ROUND(VLOOKUP(B490,[3]battleParameter.xml!$A$6:$G$107,7,0)*(J490/100)/(1-J490/100),0) -> 5554 | T490: =ROUND(VLOOKUP(B490,[3]battleParameter.xml!$A$6:$Z$107,8,0)*(MIN(H490/100+0.2,0.99))/(1-MIN(H490/100+0.2,0.99)),0) -> 4236 | U490: 0 | V490: 0
