Workbook

Sheet Sheet1
A1: id | B1: 区段最低排名 | C1: 机器人Id
A2: id | B2: lowerRank | C2: Robert
A4: 1 | B4: 100 | C4: 9070,9069,9068,9067,9066,9065,9064,9063,9062,9061
A5: 2 | B5: 300 | C5: 9060,9059,9058,9057,9056,9055,9054,9053,9052,9051
A6: 3 | B6: 500 | C6: 9050,9049,9048,9047,9046,9045,9044,9043,9042,9041
A7: 4 | B7: 700 | C7: 9040,9039,9038,9037,9036,9035,9034,9033,9032,9031
A8: 5 | B8: 1000 | C8: 9030,9029,9028,9027,9026,9025,9024,9023,9022,9021
A9: 6 | B9: 3200 | C9: 9020,9019,9018,9017,9016,9015,9014,9013,9012,9011
A10: 7 | B10: 5000 | C10: 9010,9009,9008,9007,9006,9005,9004,9003,9002,9001,9000

Sheet 机器人-client
A1: id | B1: 区段最低排名 | C1: 机器人Id
A2: =Sheet1!A4 -> 1 | B2: =Sheet1!B4 -> 100 | C2: =Sheet1!C4 -> 9070,9069,9068,9067,9066,9065,9064,9063,9062,9061
A3: =Sheet1!A5 -> 2 | B3: =Sheet1!B5 -> 300 | C3: =Sheet1!C5 -> 9060,9059,9058,9057,9056,9055,9054,9053,9052,9051
A4: =Sheet1!A6 -> 3 | B4: =Sheet1!B6 -> 500 | C4: =Sheet1!C6 -> 9050,9049,9048,9047,9046,9045,9044,9043,9042,9041
A5: =Sheet1!A7 -> 4 | B5: =Sheet1!B7 -> 700 | C5: =Sheet1!C7 -> 9040,9039,9038,9037,9036,9035,9034,9033,9032,9031
A6: =Sheet1!A8 -> 5 | B6: =Sheet1!B8 -> 1000 | C6: =Sheet1!C8 -> 9030,9029,9028,9027,9026,9025,9024,9023,9022,9021
A7: =Sheet1!A9 -> 6 | B7: =Sheet1!B9 -> 3200 | C7: =Sheet1!C9 -> 9020,9019,9018,9017,9016,9015,9014,9013,9012,9011
A8: =Sheet1!A10 -> 7 | B8: =Sheet1!B10 -> 5000 | C8: =Sheet1!C10 -> 9010,9009,9008,9007,9006,9005,9004,9003,9002,9001,9000
