Workbook

Sheet Sheet1
A1: id | B1: 区段最低排名 | C1: 奖励内容
A2: id | B2: lowerRank | C2: reward
A4: 1 | B4: 1 | C4: 10000_1001_500,10000_1010_600,10000_1011_600
A5: 2 | B5: 2 | C5: 10000_1001_400,10000_1010_450,10000_1011_450
A6: 3 | B6: 3 | C6: 10000_1001_350,10000_1010_360,10000_1011_360
A7: 4 | B7: 5 | C7: 10000_1001_300,10000_1010_300,10000_1011_300
A8: 5 | B8: 10 | C8: 10000_1001_250,10000_1010_240,10000_1011_240
A9: 6 | B9: 20 | C9: 10000_1001_200,10000_1010_210,10000_1011_210
A10: 7 | B10: 50 | C10: 10000_1001_150,10000_1010_180,10000_1011_180
A11: 8 | B11: 100 | C11: 10000_1001_100,10000_1010_150,10000_1011_150
A12: 9 | B12: 200 | C12: 10000_1001_95,10000_1010_120,10000_1011_120
A13: 10 | B13: 300 | C13: 10000_1001_90,10000_1010_110,10000_1011_110
A14: 11 | B14: 500 | C14: 10000_1001_80,10000_1010_100,10000_1011_100
A15: 12 | B15: 700 | C15: 10000_1001_70,10000_1010_90,10000_1011_90
... A22: 19 | B22: 50000 | C22: 10000_1001_30,10000_1010_10,10000_1011_10

Sheet client
A1: id | B1: 区段最低排名 | C1: 奖励内容
A2: =Sheet1!A4 -> 1 | B2: =Sheet1!B4 -> 1 | C2: =Sheet1!C4 -> 10000_1001_500,10000_1010_600,10000_1011_600
A3: =Sheet1!A5 -> 2 | B3: =Sheet1!B5 -> 2 | C3: =Sheet1!C5 -> 10000_1001_400,10000_1010_450,10000_1011_450
A4: =Sheet1!A6 -> 3 | B4: =Sheet1!B6 -> 3 | C4: =Sheet1!C6 -> 10000_1001_350,10000_1010_360,10000_1011_360
A5: =Sheet1!A7 -> 4 | B5: =Sheet1!B7 -> 5 | C5: =Sheet1!C7 -> 10000_1001_300,10000_1010_300,10000_1011_300
A6: =Sheet1!A8 -> 5 | B6: =Sheet1!B8 -> 10 | C6: =Sheet1!C8 -> 10000_1001_250,10000_1010_240,10000_1011_240
A7: =Sheet1!A9 -> 6 | B7: =Sheet1!B9 -> 20 | C7: =Sheet1!C9 -> 10000_1001_200,10000_1010_210,10000_1011_210
A8: =Sheet1!A10 -> 7 | B8: =Sheet1!B10 -> 50 | C8: =Sheet1!C10 -> 10000_1001_150,10000_1010_180,10000_1011_180
A9: =Sheet1!A11 -> 8 | B9: =Sheet1!B11 -> 100 | C9: =Sheet1!C11 -> 10000_1001_100,10000_1010_150,10000_1011_150
A10: =Sheet1!A12 -> 9 | B10: =Sheet1!B12 -> 200 | C10: =Sheet1!C12 -> 10000_1001_95,10000_1010_120,10000_1011_120
A11: =Sheet1!A13 -> 10 | B11: =Sheet1!B13 -> 300 | C11: =Sheet1!C13 -> 10000_1001_90,10000_1010_110,10000_1011_110
A12: =Sheet1!A14 -> 11 | B12: =Sheet1!B14 -> 500 | C12: =Sheet1!C14 -> 10000_1001_80,10000_1010_100,10000_1011_100
A13: =Sheet1!A15 -> 12 | B13: =Sheet1!B15 -> 700 | C13: =Sheet1!C15 -> 10000_1001_70,10000_1010_90,10000_1011_90
... A20: =Sheet1!A22 -> 19 | B20: =Sheet1!B22 -> 50000 | C20: =Sheet1!C22 -> 10000_1001_30,10000_1010_10,10000_1011_10
