Workbook

Sheet 公会商店
A1: data
A3: 公会等级(level) | B3: 商品组(goods) | C3: 所需贡献度(contribution) | D3: 初始数量(number)
A4: level | B4: goods | C4: contribution | D4: number
A6: 1 | B6: 30000_41001_1,30000_30001_1,30000_30002_1,30000_50001_1,30000_50002_1,30000_60001_1 | C6: 120,160,500,80,250,150 | D6: 70,30,15,30,15,10
A7: 2 | B7: 30000_41001_1,30000_30001_1,30000_30002_1,30000_50001_1,30000_50002_1,30000_60001_1 | C7: 120,160,500,80,250,150 | D7: 70,30,15,30,15,10
A8: 3 | B8: 30000_41001_1,30000_30001_1,30000_30002_1,30000_50001_1,30000_50002_1,30000_60001_1 | C8: 120,160,500,80,250,150 | D8: 70,30,15,30,15,10
A9: 4 | B9: 30000_41001_1,30000_30001_1,30000_30002_1,30000_50001_1,30000_50002_1,30000_60001_1 | C9: 120,160,500,80,250,150 | D9: 70,30,15,30,15,10
A10: 5 | B10: 30000_41001_1,30000_30001_1,30000_30002_1,30000_50001_1,30000_50002_1,30000_60001_1 | C10: 120,160,500,80,250,150 | D10: 70,30,15,30,15,10
A11: 6 | B11: 30000_41001_1,30000_30001_1,30000_30002_1,30000_50001_1,30000_50002_1,30000_60001_1 | C11: 120,160,500,80,250,150 | D11: 70,30,15,30,15,10
A12: 7 | B12: 30000_41001_1,30000_30001_1,30000_30002_1,30000_50001_1,30000_50002_1,30000_60001_1 | C12: 120,160,500,80,250,150 | D12: 70,30,15,30,15,10
A13: 8 | B13: 30000_41001_1,30000_30001_1,30000_30002_1,30000_50001_1,30000_50002_1,30000_60001_1 | C13: 120,160,500,80,250,150 | D13: 70,30,15,30,15,10
A14: 9 | B14: 30000_41001_1,30000_30001_1,30000_30002_1,30000_50001_1,30000_50002_1,30000_60001_1 | C14: 120,160,500,80,250,150 | D14: 70,30,15,30,15,10
A15: 10 | B15: 30000_41001_1,30000_30001_1,30000_30002_1,30000_50001_1,30000_50002_1,30000_60001_1 | C15: 120,160,500,80,250,150 | D15: 70,30,15,30,15,10
A16: 11 | B16: 30000_41001_1,30000_30001_1,30000_30002_1,30000_50001_1,30000_50002_1,30000_60001_1 | C16: 120,160,500,80,250,150 | D16: 70,30,15,30,15,10
A17: 12 | B17: 30000_41001_1,30000_30001_1,30000_30002_1,30000_50001_1,30000_50002_1,30000_60001_1 | C17: 120,160,500,80,250,150 | D17: 70,30,15,30,15,10
... A35: 30 | B35: 30000_41001_1,30000_30001_1,30000_30002_1,30000_50001_1,30000_50002_1,30000_60001_1 | C35: 120,160,500,80,250,150 | D35: 70,30,15,30,15,10

Sheet 公会商店-client
A1: 公会等级(level) | B1: 商品组(goods) | C1: 所需贡献度(contribution) | D1: 初始数量(number)
A2: =公会商店!A6 -> 1 | B2: =公会商店!B6 -> 30000_41001_1,30000_30001_1,30000_30002_1,30000_50001_1,30000_50002_1,30000_60001_1 | C2: =公会商店!C6 -> 120,160,500,80,250,150 | D2: =公会商店!D6 -> 70,30,15,30,15,10
A3: =公会商店!A7 -> 2 | B3: =公会商店!B7 -> 30000_41001_1,30000_30001_1,30000_30002_1,30000_50001_1,30000_50002_1,30000_60001_1 | C3: =公会商店!C7 -> 120,160,500,80,250,150 | D3: =公会商店!D7 -> 70,30,15,30,15,10
A4: =公会商店!A8 -> 3 | B4: =公会商店!B8 -> 30000_41001_1,30000_30001_1,30000_30002_1,30000_50001_1,30000_50002_1,30000_60001_1 | C4: =公会商店!C8 -> 120,160,500,80,250,150 | D4: =公会商店!D8 -> 70,30,15,30,15,10
A5: =公会商店!A9 -> 4 | B5: =公会商店!B9 -> 30000_41001_1,30000_30001_1,30000_30002_1,30000_50001_1,30000_50002_1,30000_60001_1 | C5: =公会商店!C9 -> 120,160,500,80,250,150 | D5: =公会商店!D9 -> 70,30,15,30,15,10
A6: =公会商店!A10 -> 5 | B6: =公会商店!B10 -> 30000_41001_1,30000_30001_1,30000_30002_1,30000_50001_1,30000_50002_1,30000_60001_1 | C6: =公会商店!C10 -> 120,160,500,80,250,150 | D6: =公会商店!D10 -> 70,30,15,30,15,10
A7: =公会商店!A11 -> 6 | B7: =公会商店!B11 -> 30000_41001_1,30000_30001_1,30000_30002_1,30000_50001_1,30000_50002_1,30000_60001_1 | C7: =公会商店!C11 -> 120,160,500,80,250,150 | D7: =公会商店!D11 -> 70,30,15,30,15,10
A8: =公会商店!A12 -> 7 | B8: =公会商店!B12 -> 30000_41001_1,30000_30001_1,30000_30002_1,30000_50001_1,30000_50002_1,30000_60001_1 | C8: =公会商店!C12 -> 120,160,500,80,250,150 | D8: =公会商店!D12 -> 70,30,15,30,15,10
A9: =公会商店!A13 -> 8 | B9: =公会商店!B13 -> 30000_41001_1,30000_30001_1,30000_30002_1,30000_50001_1,30000_50002_1,30000_60001_1 | C9: =公会商店!C13 -> 120,160,500,80,250,150 | D9: =公会商店!D13 -> 70,30,15,30,15,10
A10: =公会商店!A14 -> 9 | B10: =公会商店!B14 -> 30000_41001_1,30000_30001_1,30000_30002_1,30000_50001_1,30000_50002_1,30000_60001_1 | C10: =公会商店!C14 -> 120,160,500,80,250,150 | D10: =公会商店!D14 -> 70,30,15,30,15,10
A11: =公会商店!A15 -> 10 | B11: =公会商店!B15 -> 30000_41001_1,30000_30001_1,30000_30002_1,30000_50001_1,30000_50002_1,30000_60001_1 | C11: =公会商店!C15 -> 120,160,500,80,250,150 | D11: =公会商店!D15 -> 70,30,15,30,15,10
A12: =公会商店!A16 -> 11 | B12: =公会商店!B16 -> 30000_41001_1,30000_30001_1,30000_30002_1,30000_50001_1,30000_50002_1,30000_60001_1 | C12: =公会商店!C16 -> 120,160,500,80,250,150 | D12: =公会商店!D16 -> 70,30,15,30,15,10
A13: =公会商店!A17 -> 12 | B13: =公会商店!B17 -> 30000_41001_1,30000_30001_1,30000_30002_1,30000_50001_1,30000_50002_1,30000_60001_1 | C13: =公会商店!C17 -> 120,160,500,80,250,150 | D13: =公会商店!D17 -> 70,30,15,30,15,10
... A31: =公会商店!A35 -> 30 | B31: =公会商店!B35 -> 30000_41001_1,30000_30001_1,30000_30002_1,30000_50001_1,30000_50002_1,30000_60001_1 | C31: =公会商店!C35 -> 120,160,500,80,250,150 | D31: =公会商店!D35 -> 70,30,15,30,15,10
